,Latitude,Longitude,OBJECTID,ACCIDENT_NO,ABS_CODE,ACCIDENT_STATUS,ACCIDENT_DATE,ACCIDENT_TIME,ALCOHOLTIME,ACCIDENT_TYPE,DAY_OF_WEEK,DCA_CODE,HIT_RUN_FLAG,LIGHT_CONDITION,POLICE_ATTEND,ROAD_GEOMETRY,SEVERITY,SPEED_ZONE,RUN_OFFROAD,NODE_ID,LONGITUDE,LATITUDE,NODE_TYPE,LGA_NAME,REGION_NAME,VICGRID_X,VICGRID_Y,TOTAL_PERSONS,INJ_OR_FATAL,FATALITY,SERIOUSINJURY,OTHERINJURY,NONINJURED,MALES,FEMALES,BICYCLIST,PASSENGER,DRIVER,PEDESTRIAN,PILLION,MOTORIST,UNKNOWN,PED_CYCLIST_5_12,PED_CYCLIST_13_18,OLD_PEDESTRIAN,OLD_DRIVER,YOUNG_DRIVER,ALCOHOL_RELATED,UNLICENCSED,NO_OF_VEHICLES,HEAVYVEHICLE,PASSENGERVEHICLE,MOTORCYCLE,PUBLICVEHICLE,DEG_URBAN_NAME,DEG_URBAN_ALL,LGA_NAME_ALL,REGION_NAME_ALL,SRNS,SRNS_ALL,RMA,RMA_ALL,DIVIDED,DIVIDED_ALL,STAT_DIV_NAME,x_mercator,y_mercator
80,-37.60321799,144.9771021,1081,T20100030802,ABS to receive accident,Finished,03-08-2010,06.21.00,No,Vehicle overturned (no collision),Tuesday,OFF CARRIAGEWAY TO LEFT,No,Dark No street lights,Yes,Not at intersection,Other injury accident,100,Yes,235158,144.9771,-37.60322,Non-Intersection,WHITTLESEA,METROPOLITAN NORTH WEST REGION,2497978.233,2433061.562,1,1,0,0,1,0,1,0,0,0,1,0,0,0,0,0,0,0,0,0,No,0,1,0,1,0,0,Country,Country,WHITTLESEA,METROPOLITAN NORTH WEST REGION,C,C,Arterial Other,Arterial Other,Undivided,Undivided,Metro,-4185971.078835264,16138777.182456432
81,-38.28326431,145.0678685,1082,T20100030804,ABS to receive accident,Finished,02-08-2010,16.10.00,No,Collision with vehicle,Monday,RIGHT NEAR (INTERSECTIONS ONLY),No,Day,Yes,T intersection,Other injury accident,80,No,1027,145.06787,-38.28326,Intersection,MORNINGTON PENINSULA,METROPOLITAN SOUTH EAST REGION,2505938.6380000003,2357578.492,2,1,0,0,1,1,0,2,0,0,2,0,0,0,0,0,0,0,0,1,No,0,2,0,2,0,0,Country,Country,MORNINGTON PENINSULA,METROPOLITAN SOUTH EAST REGION,C,C,Arterial Other,"Arterial Other,Local Road",Undivided,Undivided,Metro,-4261673.488893503,16148881.251885572
82,-37.91463924,145.0168372,1083,T20100030805,ABS to receive accident,Finished,03-08-2010,06.16.00,No,Collision with vehicle,Tuesday,RIGHT THROUGH,No,Dark Street lights on,Yes,T intersection,Other injury accident,80,No,235110,145.01684,-37.914640000000006,Intersection,BAYSIDE,METROPOLITAN SOUTH EAST REGION,2501480.5319999997,2398498.62,3,1,0,0,1,2,2,1,0,0,3,0,0,0,0,0,0,0,0,0,No,0,3,1,2,0,0,Metropolitan Excluding CBD,Metropolitan Excluding CBD,BAYSIDE,METROPOLITAN SOUTH EAST REGION,,,Arterial Highway,"Arterial Highway,Arterial Other",Undivided,Undivided,Metro,-4220638.333807468,16143200.47355505
83,-37.67063921,144.853199,1084,T20100030806,ABS to receive accident,Finished,02-08-2010,14.15.00,No,Collision with vehicle,Monday,CROSS TRAFFIC(INTERSECTIONS ONLY),No,Day,Yes,Cross intersection,Other injury accident,60,No,676,144.8532,-37.67064,Intersection,HUME,METROPOLITAN NORTH WEST REGION,2487049.742,2425569.441,6,1,0,0,1,5,3,3,0,4,2,0,0,0,0,0,0,0,0,0,No,0,2,0,2,0,0,Metropolitan Excluding CBD,Metropolitan Excluding CBD,HUME,METROPOLITAN NORTH WEST REGION,,,Local Road,Local Road,Undivided,Undivided,Metro,-4193476.3747143247,16124984.352456724
84,-37.79604569,144.7528361,1085,T20100030810,ABS to receive accident,Finished,03-08-2010,09.04.00,No,Collision with vehicle,Tuesday,REAR END(VEHICLES IN SAME LANE),No,Day,No,Cross intersection,Other injury accident,60,No,38497,144.75284,-37.79605,Non-Intersection,BRIMBANK,METROPOLITAN NORTH WEST REGION,2478232.235,2411633.1,2,1,0,0,1,1,2,0,0,0,2,0,0,0,0,0,0,0,0,1,No,0,2,0,2,0,0,Metropolitan Excluding CBD,"Metropolitan Excluding CBD,Country","MELTON,BRIMBANK",METROPOLITAN NORTH WEST REGION,,,Arterial Other,Arterial Other,Undivided,Undivided,Metro,-4207436.560210102,16113812.005534187
85,-37.9097934,145.37727019999997,1086,T20100030818,ABS to receive accident,Finished,03-08-2010,08.30.00,No,Vehicle overturned (no collision),Tuesday,OFF CARRIAGEWAY ON LEFT BEND,No,Day,Yes,Not at intersection,Serious injury accident,60,Yes,235189,145.37726999999998,-37.90979,Non-Intersection,YARRA RANGES,METROPOLITAN SOUTH EAST REGION,2533176.1659999997,2398970.863,1,1,0,1,0,0,0,1,0,0,1,0,0,0,0,0,0,0,0,0,No,0,1,0,1,0,0,Metropolitan Excluding CBD,Metropolitan Excluding CBD,YARRA RANGES,METROPOLITAN SOUTH EAST REGION,C,C,Arterial Other,Arterial Other,Undivided,Undivided,Metro,-4220098.897366203,16183323.691580141
86,-37.78198256,144.9716138,1087,T20100030825,ABS to receive accident,Finished,03-08-2010,09.40.00,No,Collision with vehicle,Tuesday,CROSS TRAFFIC(INTERSECTIONS ONLY),No,Day,Yes,Cross intersection,Other injury accident,50,No,29359,144.97161,-37.78198,Intersection,YARRA,METROPOLITAN NORTH WEST REGION,2497499.5519999997,2413221.796,4,2,0,0,2,2,1,3,1,2,1,0,0,0,0,0,0,0,0,0,No,0,2,0,1,0,0,Metropolitan Excluding CBD,Metropolitan Excluding CBD,YARRA,METROPOLITAN NORTH WEST REGION,,,Local Road,Local Road,Undivided,Undivided,Metro,-4205871.059739543,16138166.227695113
87,-37.31938789,145.044677,1088,T20100030826,ABS to receive accident,Finished,03-08-2010,06.20.00,No,Collision with vehicle,Tuesday,OUT OF CONTROL ON CARRIAGEWAY (ON STRAIGHT),No,Dark No street lights,Yes,Not at intersection,Fatal accident,110,No,235644,145.04468,-37.319390000000006,Non-Intersection,MITCHELL,NORTHERN REGION,2503959.543,2464558.395,7,3,1,1,1,4,7,0,0,1,6,0,0,0,0,0,0,0,0,1,No,0,6,1,5,0,0,Country,Country,MITCHELL,NORTHERN REGION,M,M,Freeway,Freeway,Undivided,Undivided,Country,-4154375.2566314605,16146299.585914839
88,-36.75791853,144.2954108,1089,T20100030839,ABS to receive accident,Finished,03-08-2010,11.10.00,No,Collision with vehicle,Tuesday,RIGHT NEAR (INTERSECTIONS ONLY),No,Day,Yes,Cross intersection,Other injury accident,60,No,51607,144.29541,-36.75792,Intersection,BENDIGO,NORTHERN REGION,2437094.622,2526628.3030000003,2,1,0,0,1,1,0,2,0,0,2,0,0,0,0,0,0,0,0,0,No,0,2,0,2,0,0,Large Provincial Cities,Large Provincial Cities,BENDIGO,NORTHERN REGION,B,B,Arterial Highway,"Arterial Highway,Local Road",Undivided,Undivided,Country,-4091872.773380235,16062891.654062228
89,-38.075598799999995,144.354455,1090,T20100030842,ABS to receive accident,Finished,03-08-2010,11.30.00,No,Collision with a fixed object,Tuesday,LEFT OFF CARRIAGEWAY INTO OBJECT/PARKED VEHICLE,No,Day,Yes,Not at intersection,Other injury accident,50,Yes,239778,144.35446000000002,-38.0756,Non-Intersection,GEELONG,SOUTH WESTERN REGION,2443357.53,2380440.797,1,1,0,0,1,0,0,1,0,0,1,0,0,0,0,0,0,0,1,0,No,0,1,0,1,0,0,Large Provincial Cities,Large Provincial Cities,GEELONG,SOUTH WESTERN REGION,,,Local Road,Local Road,Undivided,Undivided,Country,-4238556.270064978,16069464.424340526
90,-37.63944119,144.91948109999998,1091,T20100030845,ABS to receive accident,Finished,03-08-2010,09.35.00,No,Collision with vehicle,Tuesday,RIGHT NEAR (INTERSECTIONS ONLY),No,Day,Yes,T intersection,Fatal accident,80,No,37128,144.91948,-37.63944,Intersection,HUME,METROPOLITAN NORTH WEST REGION,2492893.977,2429038.787,4,4,1,2,1,0,2,2,0,2,2,0,0,0,0,0,0,0,0,0,No,0,2,1,1,0,0,Metropolitan Excluding CBD,Metropolitan Excluding CBD,HUME,METROPOLITAN NORTH WEST REGION,,,Arterial Other,"Arterial Other,Local Road",Undivided,Undivided,Metro,-4190003.4270141665,16132362.842077432
91,-37.74317066,144.79046440000002,1092,T20100030847,ABS to receive accident,Finished,03-08-2010,10.50.00,No,Collision with a fixed object,Tuesday,RIGHT OFF CARRIAGEWAY INTO OBJECT/PARKED VEHICLE,No,Day,Yes,Not at intersection,Serious injury accident,60,Yes,246068,144.79046,-37.74317,Non-Intersection,BRIMBANK,METROPOLITAN NORTH WEST REGION,2481533.248,2417509.3819999998,1,1,0,1,0,0,1,0,0,0,1,0,0,0,0,0,0,0,0,0,No,0,1,0,1,0,0,Metropolitan Excluding CBD,Metropolitan Excluding CBD,BRIMBANK,METROPOLITAN NORTH WEST REGION,,,Arterial Other,Arterial Other,Undivided,Undivided,Metro,-4201550.538794823,16118000.768729607
92,-36.76460576,144.2693062,1093,T20100030851,ABS to receive accident,Finished,03-08-2010,10.15.00,No,Collision with vehicle,Tuesday,REAR END(VEHICLES IN SAME LANE),No,Day,Yes,Cross intersection,Other injury accident,60,No,51646,144.26931000000002,-36.76461,Intersection,BENDIGO,NORTHERN REGION,2434769.75,2525868.758,4,1,0,0,1,3,1,3,0,0,4,0,0,0,0,0,0,0,0,1,No,0,4,0,4,0,0,Large Provincial Cities,Large Provincial Cities,BENDIGO,NORTHERN REGION,A,A,Arterial Highway,"Arterial Highway,Local Road",Undivided,Undivided,Country,-4092617.192418653,16059985.703282863
93,-37.81694709,145.0364083,1094,T20100030857,ABS to receive accident,Finished,03-08-2010,13.30.00,No,Collision with vehicle,Tuesday,HEAD ON (NOT OVERTAKING),No,Day,No,T intersection,Serious injury accident,50,No,38932,145.03641000000002,-37.81695,Intersection,BOROONDARA,METROPOLITAN SOUTH EAST REGION,2503205.597,2409340.962,2,1,0,1,0,1,2,0,0,0,2,0,0,0,0,0,0,0,0,0,No,0,2,0,2,0,0,Metropolitan Excluding CBD,Metropolitan Excluding CBD,BOROONDARA,METROPOLITAN SOUTH EAST REGION,,,Arterial Other,"Arterial Other,Local Road",Undivided,Undivided,Metro,-4209763.293414969,16145379.118441315
94,-37.65364377,142.40456899999998,1095,T20100030867,ABS to receive accident,Finished,03-08-2010,12.45.00,No,Collision with a fixed object,Tuesday,RIGHT OFF CARRIAGEWAY INTO OBJECT/PARKED VEHICLE,No,Day,Yes,Not at intersection,Serious injury accident,100,Yes,235204,142.40457,-37.65364,Non-Intersection,SOUTHERN GRAMPIANS,SOUTH WESTERN REGION,2271017.255,2424344.029,2,2,0,1,1,0,2,0,0,1,1,0,0,0,0,0,0,0,0,0,No,0,1,0,1,0,0,Country,Country,SOUTHERN GRAMPIANS,SOUTH WESTERN REGION,B,B,Arterial Highway,Arterial Highway,Undivided,Undivided,Country,-4191584.4509877176,15852404.107715588
95,-37.68308599,144.5846397,1096,T20100030876,ABS to receive accident,Finished,03-08-2010,15.15.00,No,Collision with vehicle,Tuesday,REAR END(VEHICLES IN SAME LANE),No,Day,Yes,Not at intersection,Other injury accident,50,No,236816,144.58463999999998,-37.68309,Non-Intersection,MELTON,METROPOLITAN NORTH WEST REGION,2463364.534,2424118.1459999997,4,1,0,0,1,3,3,1,0,1,3,0,0,0,0,0,0,0,0,2,Yes,0,3,0,3,0,0,Small Provincial Cities,Small Provincial Cities,MELTON,METROPOLITAN NORTH WEST REGION,C,C,Arterial Other,Arterial Other,Undivided,Undivided,Metro,-4194861.943925941,16095088.467932926
96,-37.8314667,145.05918469999997,1097,T20100030879,ABS to receive accident,Finished,02-08-2010,13.55.00,No,Struck Pedestrian,Monday,PED NEAR SIDE. PED HIT BY VEHICLE FROM THE RIGHT.,No,Day,No,Not at intersection,Other injury accident,50,No,235948,145.05918,-37.83147,Non-Intersection,BOROONDARA,METROPOLITAN SOUTH EAST REGION,2505209.969,2407728.457,2,1,0,0,1,1,0,2,0,0,1,1,0,0,0,0,0,0,0,0,No,0,1,0,1,0,0,Metropolitan Excluding CBD,Metropolitan Excluding CBD,BOROONDARA,METROPOLITAN SOUTH EAST REGION,,,Local Road,Local Road,Undivided,Undivided,Metro,-4211379.609006685,16147914.575691417
97,-37.9416001,145.0703456,1098,T20100030881,ABS to receive accident,Finished,03-08-2010,13.30.00,No,Struck Pedestrian,Tuesday,ANY MANOEUVRE INVOLVING PED NOT INCLUDED IN DCAs 100-108.,No,Day,Yes,Not at intersection,Other injury accident,50,No,235162,145.07035,-37.9416,Non-Intersection,KINGSTON,METROPOLITAN SOUTH EAST REGION,2506183.414,2395504.006,2,1,0,0,1,1,2,0,0,0,1,1,0,0,0,0,0,0,0,0,No,0,2,0,2,0,0,Metropolitan Excluding CBD,Metropolitan Excluding CBD,KINGSTON,METROPOLITAN SOUTH EAST REGION,,,Local Road,Local Road,Undivided,Undivided,Metro,-4223639.603014017,16149157.001396213
98,-37.9836191,145.22102959999998,1099,T20100030891,ABS to receive accident,Finished,03-08-2010,05.40.00,Yes,Collision with vehicle,Tuesday,CROSS TRAFFIC(INTERSECTIONS ONLY),No,Dark Street lights on,Yes,Cross intersection,Serious injury accident,60,No,29717,145.22103,-37.98362,Intersection,DANDENONG,METROPOLITAN SOUTH EAST REGION,2519417.781,2390819.869,2,2,0,1,1,0,1,1,0,0,2,0,0,0,0,0,0,0,0,0,No,0,2,0,2,0,0,Metropolitan Excluding CBD,Metropolitan Excluding CBD,DANDENONG,METROPOLITAN SOUTH EAST REGION,,,Arterial Highway,"Arterial Highway,Local Road",Undivided,Undivided,Metro,-4228317.13669766,16165931.067546906
99,-37.85073963,144.9847628,1100,T20100030898,ABS to receive accident,Finished,29-07-2010,17.30.00,No,Collision with vehicle,Thursday,U TURN,No,Day,No,Not at intersection,Other injury accident,50,No,80739,144.98476000000002,-37.85074,Non-Intersection,STONNINGTON,METROPOLITAN SOUTH EAST REGION,2498659.027,2405590.895,2,1,0,0,1,1,2,0,1,0,1,0,0,0,0,0,0,0,0,0,No,0,2,0,1,0,0,Metropolitan Excluding CBD,Metropolitan Excluding CBD,STONNINGTON,METROPOLITAN SOUTH EAST REGION,,,Arterial Other,Arterial Other,Undivided,Undivided,Metro,-4213525.06176038,16139629.967679553
100,-37.79938892,144.9930582,1101,T20100030900,ABS to receive accident,Finished,03-08-2010,17.50.00,No,Collision with vehicle,Tuesday,RIGHT NEAR (INTERSECTIONS ONLY),No,Dark Street lights on,Yes,T intersection,Other injury accident,50,No,235511,144.99306,-37.79939,Intersection,YARRA,METROPOLITAN NORTH WEST REGION,2499388.6580000003,2411290.281,2,1,0,0,1,1,1,1,1,0,1,0,0,0,0,0,0,0,0,0,No,0,2,0,1,0,0,Metropolitan Excluding CBD,Metropolitan Excluding CBD,YARRA,METROPOLITAN NORTH WEST REGION,,,Arterial Highway,"Arterial Highway,Local Road",Undivided,Undivided,Metro,-4207808.726871307,16140553.407383481
101,-37.71870471,145.1167755,1102,T20100030904,ABS to receive accident,Finished,03-08-2010,17.55.00,No,Collision with vehicle,Tuesday,VEHICLE COLLIDES WITH VEHICLE PARKED ON LEFT OF ROAD,No,Dark Street lights on,Yes,Not at intersection,Other injury accident,50,No,235190,145.11678,-37.7187,Non-Intersection,BANYULE,METROPOLITAN NORTH WEST REGION,2510294.974,2420238.708,1,1,0,0,1,0,1,0,0,0,1,0,0,0,0,0,0,0,1,0,No,0,2,0,2,0,0,Metropolitan Excluding CBD,Metropolitan Excluding CBD,BANYULE,METROPOLITAN NORTH WEST REGION,,,Local Road,Local Road,Undivided,Undivided,Metro,-4198827.001699049,16154325.554221796
102,-37.75419472,145.00133390000002,1103,T20100030915,ABS to receive accident,Finished,03-08-2010,18.10.00,Yes,Struck Pedestrian,Tuesday,PED EMERGES FROM IN FRONT OF PARKED OR STATIONARY VEHICLE,No,Dusk/Dawn,Yes,T intersection,Serious injury accident,50,No,37943,145.00133,-37.75419,Intersection,DAREBIN,METROPOLITAN NORTH WEST REGION,2500117.543,2416306.206,2,1,0,1,0,1,2,0,0,0,1,1,0,0,0,0,0,1,0,0,No,0,1,0,1,0,0,Metropolitan Excluding CBD,Metropolitan Excluding CBD,DAREBIN,METROPOLITAN NORTH WEST REGION,,,Local Road,Local Road,Undivided,Undivided,Metro,-4202777.731540497,16141474.654093439
103,-36.29884187,145.0241161,1104,T20100030916,ABS to receive accident,Finished,03-08-2010,16.10.00,No,Vehicle overturned (no collision),Tuesday,OFF CARRIAGEWAY TO LEFT,No,Day,Yes,T intersection,Other injury accident,100,Yes,235163,145.02411999999998,-36.298840000000006,Intersection,CAMPASPE,NORTHERN REGION,2502165.994,2577798.153,1,1,0,0,1,0,1,0,0,0,1,0,0,0,0,0,0,0,0,1,No,0,1,0,1,0,0,Country,Country,CAMPASPE,NORTHERN REGION,C,C,Arterial Other,"Arterial Other,Local Road",Undivided,Undivided,Country,-4040768.5933539583,16144010.756996587
104,-38.58643347,146.0606883,1105,T20100030919,ABS to receive accident,Finished,03-08-2010,19.10.00,Yes,Collision with vehicle,Tuesday,RIGHT THROUGH,No,Dark No street lights,Yes,T intersection,Other injury accident,100,No,74131,146.06069,-38.58643,Non-Intersection,SOUTH GIPPSLAND,EASTERN REGION,2592435.607,2323406.971,4,1,0,0,1,3,0,4,0,2,2,0,0,0,0,0,0,0,0,0,No,0,2,0,2,0,0,Country,Country,SOUTH GIPPSLAND,"EASTERN REGION,EASTERN REGION",,,Local Road,Local Road,Undivided,Undivided,Country,-4295422.125408928,16259401.446471052
105,-37.73797106,145.0040057,1106,T20100030921,ABS to receive accident,Finished,03-08-2010,20.25.00,Yes,Collision with vehicle,Tuesday,RIGHT THROUGH,No,Dark Street lights on,Yes,Cross intersection,Serious injury accident,50,No,29780,145.00401000000002,-37.737970000000004,Intersection,DAREBIN,METROPOLITAN NORTH WEST REGION,2500353.05,2418106.77,4,1,0,1,0,3,1,3,0,2,2,0,0,0,0,0,0,0,0,1,No,0,2,0,2,0,0,Metropolitan Excluding CBD,Metropolitan Excluding CBD,DAREBIN,METROPOLITAN NORTH WEST REGION,,,Arterial Other,"Arterial Other,Local Road",Undivided,Undivided,Metro,-4200971.721970494,16141772.07750894
106,-37.782405,144.97548,1107,T20100030922,ABS to receive accident,Finished,03-08-2010,18.00.00,Yes,Collision with vehicle,Tuesday,CROSS TRAFFIC(INTERSECTIONS ONLY),No,Dark Street lights on,Yes,Cross intersection,Other injury accident,40,No,36044,144.97548,-37.78241,Intersection,YARRA,METROPOLITAN NORTH WEST REGION,2497840.127,2413175.006,2,1,0,0,1,1,0,2,1,0,1,0,0,0,0,0,0,0,0,1,No,0,2,0,1,0,0,Metropolitan Excluding CBD,Metropolitan Excluding CBD,YARRA,METROPOLITAN NORTH WEST REGION,,,Local Road,Local Road,Undivided,Undivided,Metro,-4205918.0855452325,16138596.611110417
107,-37.68809861,144.8823958,1108,T20100030923,ABS to receive accident,Finished,03-08-2010,19.15.00,Yes,Collision with vehicle,Tuesday,REAR END(VEHICLES IN SAME LANE),No,Dark Street lights on,Yes,Cross intersection,Other injury accident,70,No,1248,144.8824,-37.6881,Intersection,HUME,METROPOLITAN NORTH WEST REGION,2489627.772,2423635.352,3,1,0,0,1,2,1,1,0,0,2,0,0,0,1,0,0,0,0,1,No,0,3,0,2,0,0,Metropolitan Excluding CBD,Metropolitan Excluding CBD,HUME,METROPOLITAN NORTH WEST REGION,,,Arterial Other,"Arterial Other,Local Road",Undivided,Undivided,Metro,-4195419.946231881,16128234.525365518
108,-38.21127439,146.15641619999997,1109,T20100030929,ABS to receive accident,Finished,03-08-2010,14.30.00,No,Struck Pedestrian,Tuesday,PED ON FOOTHPATH STRUCK BY VEHENTERING/LEAVING DRIVEWAY.,Yes,Day,No,Not at intersection,Other injury accident,50,No,235166,146.15642,-38.21127,Non-Intersection,BAW BAW,EASTERN REGION,2601283.514,2364957.087,2,1,0,0,1,1,0,1,0,0,1,1,0,0,0,0,1,0,0,0,No,0,1,0,1,0,0,Other Towns,Other Towns,BAW BAW,"EASTERN REGION,EASTERN REGION",,,Local Road,Local Road,Undivided,Undivided,Country,-4253659.607656855,16270057.827553757
109,-37.76048678,147.7047062,1110,T20100030935,ABS to receive accident,Finished,03-08-2010,05.36.00,Yes,Struck animal,Tuesday,STRUCK ANIMAL,No,Dark No street lights,Yes,Not at intersection,Serious injury accident,100,No,235167,147.70471,-37.760490000000004,Non-Intersection,EAST GIPPSLAND,EASTERN REGION,2738284.204,2412222.739,1,1,0,1,0,0,0,1,0,0,1,0,0,0,0,0,0,0,0,0,No,0,1,0,1,0,0,Country,Country,EAST GIPPSLAND,"EASTERN REGION,EASTERN REGION",B,B,Arterial Highway,Arterial Highway,Undivided,Undivided,Country,-4203478.160455738,16442412.681954078
110,-37.92834263,142.4825387,1111,T20100030949,ABS to receive accident,Finished,03-08-2010,10.00.00,No,No collision and no object struck,Tuesday,OFF CARRIAGEWAY TO LEFT,No,Day,Yes,Not at intersection,Serious injury accident,100,Yes,235251,142.48254,-37.928340000000006,Non-Intersection,MOYNE,SOUTH WESTERN REGION,2278700.649,2394051.598,1,1,0,1,0,0,1,0,0,0,0,0,0,1,0,0,0,0,0,0,No,0,1,0,0,1,0,Country,Country,MOYNE,SOUTH WESTERN REGION,B,B,Arterial Highway,Arterial Highway,Undivided,Undivided,Country,-4222163.788204411,15861083.655016894
111,-37.96665093,145.1871996,1112,T20100030954,ABS to receive accident,Finished,04-08-2010,07.50.00,No,Collision with vehicle,Wednesday,RIGHT THROUGH,No,Day,Yes,Cross intersection,Serious injury accident,60,No,29705,145.1872,-37.96665,Intersection,DANDENONG,METROPOLITAN SOUTH EAST REGION,2516449.4680000003,2392709.623,2,1,0,1,0,1,1,1,0,0,2,0,0,0,0,0,0,0,0,1,No,0,2,0,2,0,0,Metropolitan Excluding CBD,Metropolitan Excluding CBD,DANDENONG,METROPOLITAN SOUTH EAST REGION,,,Arterial Other,Arterial Other,Undivided,Undivided,Metro,-4226428.248653566,16162165.129173372
112,-36.6818436,147.137348,1113,T20100030955,ABS to receive accident,Finished,04-08-2010,08.40.00,No,Collision with vehicle,Wednesday,PULLING OUT (OVERTAKING),No,Day,Yes,Not at intersection,Serious injury accident,100,No,235699,147.13735,-36.68184,Non-Intersection,ALPINE,NORTH EASTERN REGION,2690996.5930000003,2533157.995,3,2,0,2,0,1,2,1,0,1,2,0,0,0,0,0,0,0,0,0,No,0,2,0,2,0,0,Country,Country,ALPINE,NORTH EASTERN REGION,C,C,Arterial Other,Arterial Other,Undivided,Undivided,Country,-4083404.150910501,16379254.656032689
113,-38.24110832,146.3968439,1114,T20100030959,ABS to receive accident,Finished,04-08-2010,08.30.00,No,Collision with vehicle,Wednesday,CROSS TRAFFIC(INTERSECTIONS ONLY),No,Day,Yes,Cross intersection,Other injury accident,50,No,228603,146.39684,-38.24111,Intersection,LATROBE,EASTERN REGION,2622291.153,2361363.22,5,2,0,0,2,3,1,4,0,3,2,0,0,0,0,0,0,0,0,0,No,0,2,0,2,0,0,Small Provincial Cities,Small Provincial Cities,LATROBE,"EASTERN REGION,EASTERN REGION",,,Local Road,Local Road,Undivided,Undivided,Country,-4256980.705552817,16296822.116690356
114,-36.7178125,142.2049356,1115,T20100030962,ABS to receive accident,Finished,04-08-2010,10.10.00,No,Collision with vehicle,Wednesday,CROSS TRAFFIC(INTERSECTIONS ONLY),No,Day,Yes,Cross intersection,Other injury accident,60,No,49235,142.20494,-36.71781,Intersection,HORSHAM,WESTERN REGION,2250360.957,2527646.185,2,1,0,0,1,1,2,0,0,0,2,0,0,0,0,0,0,0,0,0,No,0,2,1,1,0,0,Small Provincial Cities,Small Provincial Cities,HORSHAM,WESTERN REGION,A,A,Arterial Highway,"Arterial Highway,Local Road",Undivided,Undivided,Country,-4087408.1905428953,15830181.01928226
115,-37.69006333,144.8820941,1116,T20100030966,ABS to receive accident,Finished,03-08-2010,22.00.00,Yes,Collision with vehicle,Tuesday,LANE SIDE SWIPE (VEHICLES IN PARALLEL LANES),No,Dark Street lights on,No,Not at intersection,Other injury accident,60,No,235700,144.88208999999998,-37.690059999999995,Non-Intersection,HUME,METROPOLITAN NORTH WEST REGION,2489601.43,2423417.2709999997,3,1,0,0,1,2,1,1,0,1,2,0,0,0,0,0,0,0,0,1,No,1,2,0,2,0,0,Metropolitan Excluding CBD,Metropolitan Excluding CBD,HUME,METROPOLITAN NORTH WEST REGION,,,Arterial Other,Arterial Other,Undivided,Undivided,Metro,-4195638.6578618325,16128200.940275146
116,-37.81313187,145.023512,1117,T20100030967,ABS to receive accident,Finished,04-08-2010,08.15.00,No,Collision with vehicle,Wednesday,LEFT TURN SIDESWIPE,No,Day,No,Cross intersection,Other injury accident,50,No,38869,145.02351000000002,-37.81313,Intersection,BOROONDARA,METROPOLITAN SOUTH EAST REGION,2502070.236,2409764.76,2,1,0,0,1,1,2,0,1,0,1,0,0,0,0,0,0,0,0,0,No,0,2,0,1,0,0,Metropolitan Excluding CBD,Metropolitan Excluding CBD,BOROONDARA,METROPOLITAN SOUTH EAST REGION,,,Arterial Other,Arterial Other,Undivided,Undivided,Metro,-4209338.585067305,16143943.508892199
117,-38.20057474,145.215688,1118,T20100030968,ABS to receive accident,Finished,04-08-2010,10.30.00,No,No collision and no object struck,Wednesday,OFF CARRIAGEWAY TO LEFT,No,Day,Yes,Cross intersection,Other injury accident,80,Yes,43939,145.21569,-38.20057,Intersection,CASEY,METROPOLITAN SOUTH EAST REGION,2518893.952,2366738.596,2,2,0,0,2,0,0,2,0,1,1,0,0,0,0,0,0,0,0,0,No,0,1,0,1,0,0,Metropolitan Excluding CBD,Metropolitan Excluding CBD,"FRANKSTON,CASEY,MORNINGTON PENINSULA",METROPOLITAN SOUTH EAST REGION,A,"A,C",Arterial Highway,"Arterial Highway,Arterial Other",Undivided,Undivided,Metro,-4252468.528067189,16165336.443354886
118,-37.81926881,144.96827230000002,1119,T20100030971,ABS to receive accident,Finished,04-08-2010,09.00.00,No,Collision with vehicle,Wednesday,VEHICLE STRIKES DOOR OF PARKED/STATIONARY VEHICLE,No,Day,No,Not at intersection,Other injury accident,50,No,238193,144.96827,-37.81927,Non-Intersection,MELBOURNE,METROPOLITAN NORTH WEST REGION,2497206.589,2409083.4280000003,2,1,0,0,1,1,0,1,1,0,1,0,0,0,0,0,0,0,0,0,No,0,2,0,1,0,0,Metropolitan Excluding CBD,Metropolitan Excluding CBD,MELBOURNE,METROPOLITAN NORTH WEST REGION,,,Local Road,Local Road,Undivided,Undivided,Metro,-4210021.746103133,16137794.253616627
119,-37.87417356,145.0645168,1120,T20100030978,ABS to receive accident,Finished,04-08-2010,09.40.00,No,Collision with vehicle,Wednesday,REAR END(VEHICLES IN SAME LANE),No,Day,Yes,T intersection,Other injury accident,60,No,40479,145.06452,-37.87417,Intersection,STONNINGTON,METROPOLITAN SOUTH EAST REGION,2505676.136,2402988.1580000003,2,2,0,0,2,0,1,1,0,0,2,0,0,0,0,0,0,0,0,0,No,0,2,0,2,0,0,Metropolitan Excluding CBD,Metropolitan Excluding CBD,STONNINGTON,METROPOLITAN SOUTH EAST REGION,,,Arterial Other,"Arterial Other,Local Road",Undivided,Undivided,Metro,-4216133.714915266,16148508.14234828
120,-36.75550803,144.28424850000002,1121,T20100031000,ABS to receive accident,Finished,04-08-2010,12.10.00,No,Collision with vehicle,Wednesday,RIGHT THROUGH,No,Day,Yes,Cross intersection,Other injury accident,50,No,19431,144.28425,-36.75551,Intersection,BENDIGO,NORTHERN REGION,2436096.0640000002,2526888.3230000003,2,1,0,0,1,1,2,0,0,0,2,0,0,0,0,0,0,0,0,2,No,1,2,0,2,0,0,Large Provincial Cities,Large Provincial Cities,BENDIGO,NORTHERN REGION,A,"A,B,C",Arterial Highway,"Arterial Highway,Arterial Other",Undivided,Undivided,Country,-4091604.437747678,16061649.07251015