,Latitude,Longitude,OBJECTID,ACCIDENT_NO,ABS_CODE,ACCIDENT_STATUS,ACCIDENT_DATE,ACCIDENT_TIME,ALCOHOLTIME,ACCIDENT_TYPE,DAY_OF_WEEK,DCA_CODE,HIT_RUN_FLAG,LIGHT_CONDITION,POLICE_ATTEND,ROAD_GEOMETRY,SEVERITY,SPEED_ZONE,RUN_OFFROAD,NODE_ID,LONGITUDE,LATITUDE,NODE_TYPE,LGA_NAME,REGION_NAME,VICGRID_X,VICGRID_Y,TOTAL_PERSONS,INJ_OR_FATAL,FATALITY,SERIOUSINJURY,OTHERINJURY,NONINJURED,MALES,FEMALES,BICYCLIST,PASSENGER,DRIVER,PEDESTRIAN,PILLION,MOTORIST,UNKNOWN,PED_CYCLIST_5_12,PED_CYCLIST_13_18,OLD_PEDESTRIAN,OLD_DRIVER,YOUNG_DRIVER,ALCOHOL_RELATED,UNLICENCSED,NO_OF_VEHICLES,HEAVYVEHICLE,PASSENGERVEHICLE,MOTORCYCLE,PUBLICVEHICLE,DEG_URBAN_NAME,DEG_URBAN_ALL,LGA_NAME_ALL,REGION_NAME_ALL,SRNS,SRNS_ALL,RMA,RMA_ALL,DIVIDED,DIVIDED_ALL,STAT_DIV_NAME,x_mercator,y_mercator
200,-38.020188899999994,145.34595190000002,1201,T20100031388,ABS to receive accident,Finished,06-08-2010,17.10.00,Yes,Collision with vehicle,Friday,RIGHT NEAR (INTERSECTIONS ONLY),No,Dark Street lights on,Yes,T intersection,Other injury accident,60,No,47555,145.34595,-38.02019,Intersection,CASEY,METROPOLITAN SOUTH EAST REGION,2530377.598,2386728.0930000003,5,1,0,0,1,4,1,4,0,3,2,0,0,0,0,0,0,0,0,0,No,0,2,0,2,0,0,Metropolitan Excluding CBD,Metropolitan Excluding CBD,CASEY,METROPOLITAN SOUTH EAST REGION,,,Local Road,Local Road,Undivided,Undivided,Metro,-4232388.068212071,16179837.354371635
201,-37.81392171,144.9714147,1202,T20100031389,ABS to receive accident,Finished,06-08-2010,13.35.00,No,Collision with vehicle,Friday,REAR END(VEHICLES IN SAME LANE),No,Day,Yes,Not at intersection,Serious injury accident,50,No,75719,144.97141000000002,-37.81392,Non-Intersection,MELBOURNE,METROPOLITAN NORTH WEST REGION,2497483.079,2409676.976,2,1,0,1,0,1,2,0,1,0,1,0,0,0,0,0,0,0,0,0,No,0,2,0,1,0,0,Metropolitan CBD Only,Metropolitan CBD Only,MELBOURNE,METROPOLITAN NORTH WEST REGION,,,Local Road,Local Road,Undivided,Undivided,Metro,-4209426.509653913,16138144.063984495
202,-38.0312998,145.3060153,1203,T20100031396,ABS to receive accident,Finished,06-08-2010,16.30.00,Yes,Collision with vehicle,Friday,RIGHT THROUGH,No,Day,Yes,Cross intersection,Other injury accident,50,No,43632,145.30602,-38.0313,Intersection,CASEY,METROPOLITAN SOUTH EAST REGION,2526866.861,2385506.821,5,2,0,0,2,3,2,3,0,3,2,0,0,0,0,0,0,0,0,0,No,0,2,0,2,0,0,Metropolitan Excluding CBD,Metropolitan Excluding CBD,CASEY,METROPOLITAN SOUTH EAST REGION,C,C,Arterial Other,"Arterial Other,Local Road",Undivided,Undivided,Metro,-4233624.927942327,16175391.63239562
203,-38.31175113,146.41925369999998,1204,T20100031402,ABS to receive accident,Finished,06-08-2010,15.40.00,No,Collision with vehicle,Friday,VEHICLE OFF FOOTPATH STRIKES VEH ON CARRIAGEWAY,No,Day,Yes,Not at intersection,Other injury accident,50,No,235242,146.41925,-38.31175,Non-Intersection,LATROBE,EASTERN REGION,2624136.036,2353492.847,3,1,0,0,1,2,1,2,1,1,1,0,0,0,0,1,0,0,0,0,No,0,2,0,1,0,0,Other Towns,Other Towns,LATROBE,"EASTERN REGION,EASTERN REGION",,,Local Road,Local Road,Undivided,Undivided,Country,-4264844.627190223,16299316.764215136
204,-37.7574985,144.9211974,1205,T20100031408,ABS to receive accident,Finished,04-08-2010,14.45.00,No,Collision with vehicle,Wednesday,LEFT NEAR (INTERSECTIONS ONLY),No,Day,No,T intersection,Serious injury accident,50,No,235243,144.9212,-37.7575,Intersection,MOONEE VALLEY,METROPOLITAN NORTH WEST REGION,2493056.299,2415936.665,2,1,0,1,0,1,1,1,0,0,2,0,0,0,0,0,0,0,0,1,No,0,2,0,2,0,0,Metropolitan Excluding CBD,Metropolitan Excluding CBD,MOONEE VALLEY,METROPOLITAN NORTH WEST REGION,,,Arterial Other,"Arterial Other,Local Road",Undivided,Undivided,Metro,-4203145.506647791,16132553.899719482
205,-37.83335838,145.20878380000002,1206,T20100031412,ABS to receive accident,Finished,06-08-2010,19.58.00,Yes,Collision with vehicle,Friday,OTHER ADJACENT (INTERSECTIONS ONLY),No,Dark Street lights on,Yes,T intersection,Serious injury accident,70,No,40875,145.20878000000002,-37.83336,Intersection,WHITEHORSE,METROPOLITAN SOUTH EAST REGION,2518378.543,2407499.969,3,2,0,1,1,1,1,2,0,1,2,0,0,0,0,0,0,0,0,1,No,1,2,0,2,0,0,Metropolitan Excluding CBD,Metropolitan Excluding CBD,WHITEHORSE,METROPOLITAN SOUTH EAST REGION,,,Arterial Other,"Arterial Other,Local Road",Undivided,Undivided,Metro,-4211590.189861029,16164567.871326556
206,-37.8006187,144.89704719999997,1207,T20100031418,ABS to receive accident,Finished,06-08-2010,21.10.00,Yes,Struck Pedestrian,Friday,PED NEAR SIDE. PED HIT BY VEHICLE FROM THE RIGHT.,No,Dark Street lights on,Yes,Cross intersection,Serious injury accident,50,No,38771,144.89705,-37.80062,Intersection,MARIBYRNONG,METROPOLITAN NORTH WEST REGION,2490933.47,2411148.912,2,1,0,1,0,1,2,0,0,0,1,1,0,0,0,0,0,1,0,1,No,0,1,0,1,0,0,Metropolitan Excluding CBD,Metropolitan Excluding CBD,MARIBYRNONG,METROPOLITAN NORTH WEST REGION,,,Local Road,Local Road,Undivided,Undivided,Metro,-4207945.625354695,16129865.511752922
207,-37.68526548,144.919811,1208,T20100031423,ABS to receive accident,Finished,06-08-2010,15.30.00,No,Collision with vehicle,Friday,REAR END(VEHICLES IN SAME LANE),No,Day,Yes,Not at intersection,Other injury accident,60,No,236017,144.91981,-37.68527,Non-Intersection,HUME,METROPOLITAN NORTH WEST REGION,2492927.38,2423953.205,5,2,0,0,2,3,1,4,0,2,3,0,0,0,0,0,0,0,0,1,No,0,3,0,3,0,0,Metropolitan Excluding CBD,Metropolitan Excluding CBD,HUME,METROPOLITAN NORTH WEST REGION,,,Arterial Other,Arterial Other,Undivided,Undivided,Metro,-4195104.56364293,16132399.566377446
208,-38.20298735,146.4469906,1209,T20100031436,ABS to receive accident,Finished,06-08-2010,22.25.00,Yes,Collision with a fixed object,Friday,RIGHT OFF CARRIAGEWAY INTO OBJECT/PARKED VEHICLE,No,Dark Street lights on,Yes,Cross intersection,Other injury accident,100,Yes,234393,146.44699,-38.20299,Intersection,LATROBE,EASTERN REGION,2626745.392,2365528.93,4,3,0,0,3,1,1,3,0,3,1,0,0,0,0,0,0,0,0,0,No,0,1,0,1,0,0,Country,Country,LATROBE,"EASTERN REGION,EASTERN REGION",C,C,Arterial Other,"Arterial Other,Local Road",Undivided,Undivided,Country,-4252737.0985838715,16302404.42179932
209,-37.85208404,145.0522621,1210,T20100031454,ABS to receive accident,Finished,07-08-2010,06.30.00,Yes,Collision with vehicle,Saturday,LANE SIDE SWIPE (VEHICLES IN PARALLEL LANES),No,Day,Yes,Not at intersection,Serious injury accident,80,No,235324,145.05226000000002,-37.85208,Non-Intersection,STONNINGTON,METROPOLITAN SOUTH EAST REGION,2504599.319,2405440.525,3,1,0,1,0,2,2,1,0,1,2,0,0,0,0,0,0,0,0,0,No,0,2,1,1,0,0,Metropolitan Excluding CBD,Metropolitan Excluding CBD,STONNINGTON,METROPOLITAN SOUTH EAST REGION,M,M,Freeway,Freeway,Undivided,Undivided,Metro,-4213674.720796998,16147143.955384457
210,-38.34294592,144.3069727,1211,T20100031460,ABS to receive accident,Finished,07-08-2010,06.30.00,Yes,Struck Pedestrian,Saturday,PED NEAR SIDE. PED HIT BY VEHICLE FROM THE RIGHT.,No,Dark Street lights on,Yes,T intersection,Serious injury accident,60,No,235730,144.30697,-38.34295,Intersection,SURF COAST,SOUTH WESTERN REGION,2439407.377,2350734.525,2,2,0,1,1,0,1,1,1,0,0,1,0,0,0,0,0,0,0,0,No,0,1,0,0,0,0,Small Provincial Cities,Small Provincial Cities,SURF COAST,SOUTH WESTERN REGION,,,Local Road,Local Road,Undivided,Undivided,Country,-4268317.215328426,16064178.71888283
211,-38.37745711,145.1769023,1212,T20100031474,ABS to receive accident,Finished,28-07-2010,06.55.00,No,Collision with vehicle,Wednesday,LANE SIDE SWIPE (VEHICLES IN PARALLEL LANES),No,Dusk/Dawn,No,Not at intersection,Other injury accident,80,No,235731,145.1769,-38.37746,Non-Intersection,MORNINGTON PENINSULA,METROPOLITAN SOUTH EAST REGION,2515459.893,2347109.357,2,1,0,0,1,1,0,1,1,0,1,0,0,0,0,0,0,0,0,0,No,0,2,0,1,0,0,Metropolitan Excluding CBD,Metropolitan Excluding CBD,MORNINGTON PENINSULA,METROPOLITAN SOUTH EAST REGION,,,Local Road,Local Road,Undivided,Undivided,Metro,-4272158.983425897,16161018.838980826
212,-38.07019091,144.3747778,1213,T20100031478,ABS to receive accident,Finished,07-08-2010,11.05.00,No,Struck Pedestrian,Saturday,PED EMERGES FROM IN FRONT OF PARKED OR STATIONARY VEHICLE,No,Day,Yes,Not at intersection,Other injury accident,50,No,235732,144.37478000000002,-38.070190000000004,Non-Intersection,GEELONG,SOUTH WESTERN REGION,2445136.76,2381052.963,2,1,0,0,1,1,1,1,0,0,1,1,0,0,0,0,0,0,0,0,No,0,1,0,1,0,0,Large Provincial Cities,Large Provincial Cities,GEELONG,SOUTH WESTERN REGION,A,A,Arterial Highway,Arterial Highway,Undivided,Undivided,Country,-4237954.266503912,16071726.748088019
213,-37.84637597,144.669466,1214,T20100031480,ABS to receive accident,Finished,07-08-2010,11.25.00,No,Collision with vehicle,Saturday,CROSS TRAFFIC(INTERSECTIONS ONLY),No,Day,Yes,Cross intersection,Other injury accident,40,No,29790,144.66947,-37.846379999999996,Intersection,WYNDHAM,METROPOLITAN NORTH WEST REGION,2470909.242,2406024.819,8,1,0,0,1,7,4,4,0,5,3,0,0,0,0,0,0,0,0,0,No,0,3,0,3,0,0,Metropolitan Excluding CBD,Metropolitan Excluding CBD,WYNDHAM,METROPOLITAN NORTH WEST REGION,,,Local Road,Local Road,Undivided,Undivided,Metro,-4213039.301351185,16104531.288454805
214,-36.64757891,144.4819856,1215,T20100031482,ABS to receive accident,Finished,07-08-2010,09.00.00,No,Collision with vehicle,Saturday,CROSS TRAFFIC(INTERSECTIONS ONLY),No,Day,No,Cross intersection,Other injury accident,100,No,235733,144.48199,-36.64758,Intersection,BENDIGO,NORTHERN REGION,2453685.1180000002,2538978.01,3,3,0,0,3,0,0,3,0,1,2,0,0,0,0,0,0,0,0,0,No,0,2,0,2,0,0,Country,Country,BENDIGO,NORTHERN REGION,,,Local Road,Local Road,Undivided,Undivided,Country,-4079589.823067512,16083661.065793084
215,-37.66202302,144.92269850000002,1216,T20100031483,ABS to receive accident,Finished,07-08-2010,11.00.00,No,Collision with vehicle,Saturday,REAR END(VEHICLES IN SAME LANE),No,Day,Yes,Not at intersection,Other injury accident,80,No,235734,144.9227,-37.66202,Non-Intersection,HUME,METROPOLITAN NORTH WEST REGION,2493179.964,2426532.889,4,1,0,0,1,3,1,3,0,2,2,0,0,0,0,0,0,0,0,0,No,0,2,0,2,0,0,Metropolitan Excluding CBD,Metropolitan Excluding CBD,HUME,METROPOLITAN NORTH WEST REGION,,,Arterial Other,Arterial Other,Undivided,Undivided,Metro,-4192517.224830947,16132721.001407113
216,-34.21293302,142.0728146,1217,T20100031485,ABS to receive accident,Finished,07-08-2010,02.34.00,Yes,Collision with a fixed object,Saturday,OFF RIGHT BEND INTO OBJECT/PARKED VEHICLE,No,Dark No street lights,Yes,Not at intersection,Fatal accident,100,Yes,235482,142.07281,-34.21293,Non-Intersection,MILDURA,WESTERN REGION,2230018.0,2805152.84,1,1,1,0,0,0,1,0,0,0,1,0,0,0,0,0,0,0,0,1,Yes,0,1,0,1,0,0,Small Towns,Small Towns,MILDURA,WESTERN REGION,,,Local Road,Local Road,Undivided,Undivided,Country,-3808566.282330775,15815473.37683916
217,-37.8611112,145.2108256,1218,T20100031494,ABS to receive accident,Finished,07-08-2010,13.45.00,No,Collision with vehicle,Saturday,U TURN,No,Day,Yes,Multiple intersection,Other injury accident,80,No,235066,145.21083000000002,-37.86111,Non-Intersection,KNOX,METROPOLITAN SOUTH EAST REGION,2518551.4590000003,2404419.328,3,2,0,0,2,1,2,1,0,1,2,0,0,0,0,0,0,0,0,0,No,0,2,0,2,0,0,Metropolitan Excluding CBD,Metropolitan Excluding CBD,KNOX,METROPOLITAN SOUTH EAST REGION,,,Arterial Highway,Arterial Highway,Undivided,Undivided,Metro,-4214679.619651508,16164795.163462853
218,-37.76802053,147.04039430000003,1219,T20100031495,ABS to receive accident,Finished,07-08-2010,10.00.00,No,No collision and no object struck,Saturday,OTHER ACCIDENTS ON CURVE NOT INCLUDED IN DCAs 180-184,No,Day,No,Not at intersection,Other injury accident,Not known,No,235244,147.04039,-37.76802,Non-Intersection,WELLINGTON,EASTERN REGION,2679750.926,2412845.404,1,1,0,0,1,0,1,0,0,0,0,0,0,1,0,0,0,0,0,0,No,0,1,0,0,1,0,Country,Country,WELLINGTON,"EASTERN REGION,EASTERN REGION",,,Local Road,Local Road,Undivided,Undivided,Country,-4204316.813669503,16368461.81951817
219,-37.87642814,145.0518948,1220,T20100031497,ABS to receive accident,Finished,07-08-2010,13.45.00,No,Collision with vehicle,Saturday,RIGHT THROUGH,No,Day,Yes,Cross intersection,Serious injury accident,60,No,41405,145.05189,-37.87643,Intersection,STONNINGTON,METROPOLITAN SOUTH EAST REGION,2504565.525,2402738.6,3,1,0,1,0,2,2,1,0,1,1,0,0,1,0,0,0,0,0,0,No,0,2,0,1,1,0,Metropolitan Excluding CBD,Metropolitan Excluding CBD,STONNINGTON,METROPOLITAN SOUTH EAST REGION,,,Arterial Other,"Arterial Other,Local Road",Undivided,Undivided,Metro,-4216384.693612819,16147103.06773549
220,-37.88274908,145.2775283,1221,T20100031502,ABS to receive accident,Finished,07-08-2010,15.00.00,Yes,Vehicle overturned (no collision),Saturday,OUT OF CONTROL ON CARRIAGEWAY (ON STRAIGHT),No,Day,Yes,Cross intersection,Other injury accident,80,No,41927,145.27753,-37.88275,Intersection,KNOX,METROPOLITAN SOUTH EAST REGION,2524413.897,2402002.695,1,1,0,0,1,0,1,0,0,0,0,0,0,1,0,0,0,0,0,0,No,0,1,0,0,1,0,Metropolitan Excluding CBD,Metropolitan Excluding CBD,KNOX,METROPOLITAN SOUTH EAST REGION,,,Arterial Highway,"Arterial Highway,Arterial Other",Undivided,Undivided,Metro,-4217088.337434953,16172220.474061392
221,-37.73307595,145.13740330000002,1222,T20100031504,ABS to receive accident,Finished,07-08-2010,15.10.00,Yes,Collision with vehicle,Saturday,LANE CHANGE RIGHT (NOT OVERTAKING),No,Day,Yes,Not at intersection,Other injury accident,60,No,235245,145.1374,-37.73308,Non-Intersection,BANYULE,METROPOLITAN NORTH WEST REGION,2512111.227,2418641.3140000002,4,1,0,0,1,3,1,3,1,2,1,0,0,0,0,0,0,0,0,0,No,0,2,0,1,0,0,Metropolitan Excluding CBD,Metropolitan Excluding CBD,"NILLUMBIK,BANYULE",METROPOLITAN NORTH WEST REGION,,,Arterial Other,Arterial Other,Undivided,Undivided,Metro,-4200426.800817917,16156621.830413984
222,-38.63482582,143.71349719999998,1223,T20100031505,ABS to receive accident,Finished,07-08-2010,13.00.00,No,Collision with a fixed object,Saturday,OFF RIGHT BEND INTO OBJECT/PARKED VEHICLE,No,Day,Yes,Not at intersection,Other injury accident,80,Yes,235735,143.7135,-38.63483,Non-Intersection,COLAC OTWAY,SOUTH WESTERN REGION,2387959.087,2317791.617,2,1,0,0,1,1,1,1,0,1,1,0,0,0,0,0,0,0,0,0,No,0,1,0,1,0,0,Country,Country,COLAC OTWAY,SOUTH WESTERN REGION,C,C,Arterial Other,Arterial Other,Undivided,Undivided,Country,-4300809.137169219,15998113.328424543
223,-38.19549108,146.514604,1224,T20100031510,ABS to receive accident,Finished,07-08-2010,10.40.00,No,Collision with vehicle,Saturday,REVERSING IN STREAM OF TRAFFIC,No,Day,Yes,Cross intersection,Serious injury accident,60,No,53384,146.5146,-38.19549,Intersection,LATROBE,EASTERN REGION,2632680.56,2366268.848,2,1,0,1,0,1,2,0,1,0,1,0,0,0,0,0,0,0,0,0,No,0,2,0,1,0,0,Small Provincial Cities,Small Provincial Cities,LATROBE,"EASTERN REGION,EASTERN REGION",,,Local Road,Local Road,Undivided,Undivided,Country,-4251902.617624623,16309931.111058122
224,-38.19220113,146.55242859999998,1225,T20100031511,ABS to receive accident,Finished,07-08-2010,10.28.00,No,Collision with vehicle,Saturday,CROSS TRAFFIC(INTERSECTIONS ONLY),No,Day,Yes,Cross intersection,Fatal accident,80,No,49209,146.55243000000002,-38.1922,Intersection,LATROBE,EASTERN REGION,2635999.691,2366580.633,6,2,1,0,1,4,5,1,0,4,2,0,0,0,0,0,0,0,1,1,No,0,2,1,1,0,0,Small Provincial Cities,Small Provincial Cities,LATROBE,"EASTERN REGION,EASTERN REGION",M,M,Arterial Highway,"Arterial Highway,Local Road",Undivided,Undivided,Country,-4251536.382065888,16314141.72626958
225,-37.80587857,144.9559876,1226,T20100031515,ABS to receive accident,Finished,07-08-2010,16.53.00,Yes,Collision with vehicle,Saturday,RIGHT THROUGH,No,Day,Yes,Cross intersection,Serious injury accident,60,No,29385,144.95598999999999,-37.80588,Intersection,MELBOURNE,METROPOLITAN NORTH WEST REGION,2496124.326,2410569.143,5,4,0,1,3,1,1,4,0,3,2,0,0,0,0,0,0,0,0,0,No,0,2,0,2,0,0,Metropolitan Excluding CBD,Metropolitan Excluding CBD,MELBOURNE,METROPOLITAN NORTH WEST REGION,,,Arterial Other,"Arterial Other,Local Road",Undivided,Undivided,Metro,-4208531.151404733,16136426.727068076
226,-37.94640298,145.0221859,1227,T20100031517,ABS to receive accident,Finished,07-08-2010,14.25.00,Yes,Collision with vehicle,Saturday,RIGHT THROUGH,No,Day,Yes,Cross intersection,Other injury accident,60,No,42110,145.02219,-37.9464,Intersection,BAYSIDE,METROPOLITAN SOUTH EAST REGION,2501950.0319999997,2394972.974,2,2,0,0,2,0,1,1,0,0,2,0,0,0,0,0,0,0,0,1,No,0,2,0,2,0,0,Metropolitan Excluding CBD,Metropolitan Excluding CBD,BAYSIDE,METROPOLITAN SOUTH EAST REGION,,,Arterial Other,"Arterial Other,Local Road",Undivided,Undivided,Metro,-4224174.257169959,16143795.888115458
227,-38.02991719,145.2797089,1228,T20100031519,ABS to receive accident,Finished,07-08-2010,17.05.00,Yes,Collision with vehicle,Saturday,RIGHT THROUGH,No,Day,Yes,T intersection,Other injury accident,70,No,43291,145.27971000000002,-38.029920000000004,Non-Intersection,CASEY,METROPOLITAN SOUTH EAST REGION,2524557.728,2385667.393,6,2,0,0,2,4,4,2,0,4,2,0,0,0,0,0,0,0,0,0,No,0,2,0,2,0,0,Metropolitan Excluding CBD,Metropolitan Excluding CBD,CASEY,METROPOLITAN SOUTH EAST REGION,,,Arterial Other,Arterial Other,Undivided,Undivided,Metro,-4233471.016501161,16172463.217343016
228,-37.83567896,144.8460931,1229,T20100031525,ABS to receive accident,Finished,06-08-2010,16.00.00,Yes,Collision with vehicle,Friday,LEFT REAR,No,Day,Yes,T intersection,Other injury accident,40,No,46733,144.84609,-37.835679999999996,Intersection,HOBSONS BAY,METROPOLITAN NORTH WEST REGION,2486452.496,2407251.614,2,1,0,0,1,1,1,1,0,0,2,0,0,0,0,0,0,0,0,0,No,0,2,0,2,0,0,Metropolitan Excluding CBD,Metropolitan Excluding CBD,HOBSONS BAY,METROPOLITAN NORTH WEST REGION,,,Local Road,Local Road,Undivided,Undivided,Metro,-4211848.515644975,16124193.327287095
229,-37.985518400000004,145.31105680000002,1230,T20100031531,ABS to receive accident,Finished,07-08-2010,16.40.00,Yes,Collision with vehicle,Saturday,VEHICLE STRIKES ANOTHER VEH WHILE EMERGING FROM DRIVEWAY,No,Day,Yes,Not at intersection,Serious injury accident,80,No,237342,145.31106,-37.98552,Non-Intersection,CASEY,METROPOLITAN SOUTH EAST REGION,2527326.088,2390586.954,6,1,0,1,0,5,4,2,0,4,2,0,0,0,0,0,0,0,1,0,No,0,2,0,2,0,0,Metropolitan Excluding CBD,Metropolitan Excluding CBD,CASEY,METROPOLITAN SOUTH EAST REGION,,,Local Road,Local Road,Undivided,Undivided,Metro,-4228528.565806524,16175952.849608457
230,-37.83338525,144.9679408,1231,T20100031532,ABS to receive accident,Finished,07-08-2010,19.45.00,Yes,Struck Pedestrian,Saturday,ANY MANOEUVRE INVOLVING PED NOT INCLUDED IN DCAs 100-108.,No,Dark Street lights on,Yes,Cross intersection,Other injury accident,60,No,31,144.96794,-37.83339,Intersection,PORT PHILLIP,METROPOLITAN NORTH WEST REGION,2497177.938,2407516.665,2,1,0,0,1,1,1,1,0,0,1,1,0,0,0,0,0,0,0,0,No,0,1,0,1,0,0,Metropolitan Excluding CBD,Metropolitan Excluding CBD,PORT PHILLIP,METROPOLITAN NORTH WEST REGION,,,Arterial Highway,"Arterial Highway,Local Road",Undivided,Undivided,Metro,-4211593.181015748,16137757.35120543
231,-38.3632482,144.9069386,1232,T20100031536,ABS to receive accident,Finished,06-08-2010,03.30.00,Yes,Collision with a fixed object,Friday,RIGHT OFF CARRIAGEWAY INTO OBJECT/PARKED VEHICLE,No,Dark Street lights on,Yes,Not at intersection,Serious injury accident,50,Yes,241011,144.90694,-38.36325,Non-Intersection,MORNINGTON PENINSULA,METROPOLITAN SOUTH EAST REGION,2491865.6040000003,2348697.195,1,1,0,1,0,0,1,0,0,0,1,0,0,0,0,0,0,0,0,1,No,0,1,0,1,0,0,Metropolitan Excluding CBD,Metropolitan Excluding CBD,MORNINGTON PENINSULA,METROPOLITAN SOUTH EAST REGION,,,Local Road,Local Road,Undivided,Undivided,Metro,-4270577.254799969,16130966.617364157
232,-38.026078399999996,143.65379040000002,1233,T20100031547,ABS to receive accident,Finished,07-08-2010,17.10.00,Yes,Collision with vehicle,Saturday,RIGHT NEAR (INTERSECTIONS ONLY),No,Day,Yes,T intersection,Serious injury accident,100,No,15363,143.65379,-38.02608,Non-Intersection,COLAC OTWAY,SOUTH WESTERN REGION,2381803.9680000003,2385293.857,7,7,0,7,0,0,5,2,0,5,2,0,0,0,0,0,0,0,0,1,No,0,2,0,2,0,0,Country,Country,"GOLDEN PLAINS,COLAC OTWAY",SOUTH WESTERN REGION,B,B,Arterial Highway,Arterial Highway,Undivided,Undivided,Country,-4233043.684353099,15991466.797851652
233,-37.79367048,144.753151,1234,T20100031548,ABS to receive accident,Finished,22-07-2010,18.55.00,Yes,Collision with vehicle,Thursday,U TURN,No,Dark Street lights on,Yes,Not at intersection,Serious injury accident,80,No,235247,144.75315,-37.79367,Non-Intersection,BRIMBANK,METROPOLITAN NORTH WEST REGION,2478259.287,2411896.787,2,2,0,1,1,0,1,1,0,0,2,0,0,0,0,0,0,0,1,0,No,0,2,0,2,0,0,Metropolitan Excluding CBD,Metropolitan Excluding CBD,"MELTON,BRIMBANK",METROPOLITAN NORTH WEST REGION,,,Arterial Other,Arterial Other,Undivided,Undivided,Metro,-4207172.153042375,16113847.060041837
234,-37.79531891,145.2469645,1235,T20100031553,ABS to receive accident,Finished,07-08-2010,17.30.00,Yes,Collision with vehicle,Saturday,RIGHT NEAR (INTERSECTIONS ONLY),No,Dark Street lights on,Yes,T intersection,Serious injury accident,70,No,39680,145.24696,-37.795320000000004,Intersection,MAROONDAH,METROPOLITAN SOUTH EAST REGION,2521750.411,2411713.808,3,1,0,1,0,2,3,0,0,1,1,0,0,1,0,0,0,0,0,1,No,0,2,0,1,1,0,Metropolitan Excluding CBD,Metropolitan Excluding CBD,MAROONDAH,METROPOLITAN SOUTH EAST REGION,,,Local Road,Local Road,Undivided,Undivided,Metro,-4207355.655430583,16168818.127408681
235,-37.78860887,145.31042050000002,1236,T20100031562,ABS to receive accident,Finished,08-08-2010,00.10.00,Yes,Struck Pedestrian,Sunday,PED NEAR SIDE. PED HIT BY VEHICLE FROM THE RIGHT.,Yes,Dark Street lights on,Yes,Not at intersection,Serious injury accident,60,No,235325,145.31042,-37.78861,Non-Intersection,YARRA RANGES,METROPOLITAN SOUTH EAST REGION,2527341.454,2412442.165,2,1,0,1,0,1,1,0,0,0,0,1,0,0,1,0,0,0,0,0,No,0,1,0,0,0,0,Metropolitan Excluding CBD,Metropolitan Excluding CBD,YARRA RANGES,METROPOLITAN SOUTH EAST REGION,,,Local Road,Local Road,Undivided,Undivided,Metro,-4206608.697194581,16175882.017016463
236,-38.06629,145.5492377,1237,T20100031565,ABS to receive accident,Finished,07-08-2010,19.00.00,Yes,Collision with a fixed object,Saturday,LEFT OFF CARRIAGEWAY INTO OBJECT/PARKED VEHICLE,No,Dark No street lights,Yes,Not at intersection,Fatal accident,100,Yes,235178,145.54924,-38.06629,Non-Intersection,CARDINIA,METROPOLITAN SOUTH EAST REGION,2548198.183,2381527.086,4,1,1,0,0,3,3,1,0,2,2,0,0,0,0,0,0,0,0,1,No,0,2,0,2,0,0,Country,Country,CARDINIA,METROPOLITAN SOUTH EAST REGION,C,C,Arterial Other,Arterial Other,Undivided,Undivided,Metro,-4237520.019189082,16202467.026113136
237,-37.86997833,144.6924096,1238,T20100031566,ABS to receive accident,Finished,08-08-2010,00.30.00,Yes,Struck Pedestrian,Sunday,PED PLAYING/LYING/WORKING/STANDING ON CARRIAGEWAY.,Yes,Dark Street lights on,Yes,Not at intersection,Serious injury accident,50,No,238815,144.69241,-37.86998,Non-Intersection,WYNDHAM,METROPOLITAN NORTH WEST REGION,2472936.999,2403411.99,2,2,0,2,0,0,1,0,0,0,1,1,0,0,0,0,0,0,0,0,No,0,1,0,1,0,0,Metropolitan Excluding CBD,Metropolitan Excluding CBD,WYNDHAM,METROPOLITAN NORTH WEST REGION,,,Local Road,Local Road,Undivided,Undivided,Metro,-4215666.704047905,16107085.358323768
238,-38.10784473,145.1306767,1239,T20100031568,ABS to receive accident,Finished,08-08-2010,02.00.00,Yes,Collision with vehicle,Sunday,HEAD ON (NOT OVERTAKING),No,Dark Street lights on,Yes,T intersection,Serious injury accident,50,No,239728,145.13068,-38.10784,Intersection,FRANKSTON,METROPOLITAN SOUTH EAST REGION,2511461.219,2377045.631,2,2,0,2,0,0,2,0,0,1,1,0,0,0,0,0,0,0,0,0,Yes,0,3,0,3,0,0,Metropolitan Excluding CBD,Metropolitan Excluding CBD,FRANKSTON,METROPOLITAN SOUTH EAST REGION,,,Local Road,Local Road,Undivided,Undivided,Metro,-4242145.870572733,16155873.028727215
239,-37.8139497,144.9718023,1240,T20100031578,ABS to receive accident,Finished,08-08-2010,06.30.00,Yes,Collision with vehicle,Sunday,RIGHT THROUGH,No,Dusk/Dawn,Yes,Not at intersection,Other injury accident,50,No,141663,144.9718,-37.81395,Non-Intersection,MELBOURNE,METROPOLITAN NORTH WEST REGION,2497517.21,2409673.88,2,1,0,0,1,1,2,0,1,0,1,0,0,0,0,0,0,0,0,1,No,0,2,0,1,0,0,Metropolitan CBD Only,Metropolitan CBD Only,MELBOURNE,METROPOLITAN NORTH WEST REGION,,,Local Road,Local Road,Undivided,Undivided,Metro,-4209429.6254864605,16138187.211419128