,Latitude,Longitude,OBJECTID,ACCIDENT_NO,ABS_CODE,ACCIDENT_STATUS,ACCIDENT_DATE,ACCIDENT_TIME,ALCOHOLTIME,ACCIDENT_TYPE,DAY_OF_WEEK,DCA_CODE,HIT_RUN_FLAG,LIGHT_CONDITION,POLICE_ATTEND,ROAD_GEOMETRY,SEVERITY,SPEED_ZONE,RUN_OFFROAD,NODE_ID,LONGITUDE,LATITUDE,NODE_TYPE,LGA_NAME,REGION_NAME,VICGRID_X,VICGRID_Y,TOTAL_PERSONS,INJ_OR_FATAL,FATALITY,SERIOUSINJURY,OTHERINJURY,NONINJURED,MALES,FEMALES,BICYCLIST,PASSENGER,DRIVER,PEDESTRIAN,PILLION,MOTORIST,UNKNOWN,PED_CYCLIST_5_12,PED_CYCLIST_13_18,OLD_PEDESTRIAN,OLD_DRIVER,YOUNG_DRIVER,ALCOHOL_RELATED,UNLICENCSED,NO_OF_VEHICLES,HEAVYVEHICLE,PASSENGERVEHICLE,MOTORCYCLE,PUBLICVEHICLE,DEG_URBAN_NAME,DEG_URBAN_ALL,LGA_NAME_ALL,REGION_NAME_ALL,SRNS,SRNS_ALL,RMA,RMA_ALL,DIVIDED,DIVIDED_ALL,STAT_DIV_NAME,x_mercator,y_mercator
240,-37.72022863,144.8404973,1241,T20100031583,ABS to receive accident,Finished,08-08-2010,06.05.00,Yes,Collision with a fixed object,Sunday,RIGHT OFF CARRIAGEWAY INTO OBJECT/PARKED VEHICLE,No,Dark No street lights,Yes,Not at intersection,Other injury accident,100,Yes,235772,144.8405,-37.72023,Non-Intersection,BRIMBANK,METROPOLITAN NORTH WEST REGION,2485938.469,2420064.113,2,1,0,0,1,1,2,0,0,0,2,0,0,0,0,0,0,0,0,0,Yes,0,2,0,2,0,0,Metropolitan Excluding CBD,Metropolitan Excluding CBD,BRIMBANK,METROPOLITAN NORTH WEST REGION,M,M,Freeway,Freeway,Undivided,Undivided,Metro,-4198996.643697459,16123570.405680519
241,-37.75167756,144.7779676,1242,T20100031586,ABS to receive accident,Finished,07-08-2010,18.20.00,Yes,Collision with vehicle,Saturday,REAR END(VEHICLES IN SAME LANE),No,Dark Street lights on,Yes,T intersection,Other injury accident,70,No,236413,144.77796999999998,-37.75168,Intersection,BRIMBANK,METROPOLITAN NORTH WEST REGION,2480434.089,2416562.756,6,1,0,0,1,5,6,0,0,3,3,0,0,0,0,0,0,0,0,1,Yes,0,3,0,3,0,0,Metropolitan Excluding CBD,Metropolitan Excluding CBD,BRIMBANK,METROPOLITAN NORTH WEST REGION,,,Arterial Other,Arterial Other,Undivided,Undivided,Metro,-4202497.522571052,16116609.63131706
242,-37.86524877,145.0002373,1243,T20100031589,ABS to receive accident,Finished,08-08-2010,07.37.00,Yes,Collision with vehicle,Sunday,VEHICLE COLLIDES WITH VEHICLE PARKED ON LEFT OF ROAD,No,Day,Yes,T intersection,Other injury accident,60,No,67797,145.00024,-37.86525,Intersection,PORT PHILLIP,METROPOLITAN NORTH WEST REGION,2500020.878,2403980.643,2,1,0,0,1,1,2,0,0,1,1,0,0,0,0,0,0,0,0,1,No,0,3,0,3,0,0,Metropolitan Excluding CBD,Metropolitan Excluding CBD,PORT PHILLIP,METROPOLITAN NORTH WEST REGION,,,Arterial Other,"Arterial Other,Local Road",Undivided,Undivided,Metro,-4215140.211837029,16141352.581139833
243,-38.22279825,146.41516130000002,1244,T20100031590,ABS to receive accident,Finished,08-08-2010,07.40.00,Yes,Collision with vehicle,Sunday,RIGHT NEAR (INTERSECTIONS ONLY),No,Day,Yes,T intersection,Other injury accident,60,No,235736,146.41516000000001,-38.2228,Intersection,LATROBE,EASTERN REGION,2623924.904,2363371.906,3,1,0,0,1,2,2,1,0,1,2,0,0,0,0,0,0,0,0,1,No,0,2,0,2,0,0,Small Provincial Cities,Small Provincial Cities,LATROBE,"EASTERN REGION,EASTERN REGION",,,Local Road,Local Road,Undivided,Undivided,Country,-4254942.437884028,16298861.200331017
244,-37.86041556,145.0104878,1245,T20100031592,ABS to receive accident,Finished,20-07-2010,13.30.00,No,Collision with vehicle,Tuesday,REAR END(VEHICLES IN SAME LANE),No,Day,No,Cross intersection,Serious injury accident,Not known,No,57520,145.01049,-37.86042,Intersection,GLEN EIRA,METROPOLITAN NORTH WEST REGION,2500922.878,2404517.028,6,1,0,1,0,5,2,4,0,4,2,0,0,0,0,0,0,0,0,0,No,0,2,0,2,0,0,Metropolitan Excluding CBD,Metropolitan Excluding CBD,"PORT PHILLIP,GLEN EIRA","METROPOLITAN NORTH WEST REGION,METROPOLITAN SOUTH EAST REGION",,,Arterial Highway,"Arterial Highway,Local Road,Arterial Other",Undivided,Undivided,Metro,-4214602.181360931,16142493.661580209
245,-37.92928997,145.42557280000003,1246,T20100031599,ABS to receive accident,Finished,08-08-2010,09.00.00,Yes,Collision with vehicle,Sunday,LANE SIDE SWIPE (VEHICLES IN PARALLEL LANES),No,Day,Yes,T intersection,Serious injury accident,80,No,35920,145.42557,-37.92929,Intersection,CARDINIA,METROPOLITAN SOUTH EAST REGION,2537414.067,2396789.004,4,2,0,1,1,2,4,0,2,1,1,0,0,0,0,0,0,0,0,0,No,0,3,0,1,0,0,Metropolitan Excluding CBD,Metropolitan Excluding CBD,CARDINIA,METROPOLITAN SOUTH EAST REGION,C,C,Arterial Other,"Arterial Other,Local Road",Undivided,Undivided,Metro,-4222269.245610818,16188700.712416137
246,-37.72147746,145.0987613,1247,T20100031605,ABS to receive accident,Finished,08-08-2010,10.40.00,No,Collision with a fixed object,Sunday,RIGHT OFF CARRIAGEWAY INTO OBJECT/PARKED VEHICLE,No,Day,Yes,Not at intersection,Serious injury accident,50,Yes,235249,145.09876,-37.72148,Non-Intersection,BANYULE,METROPOLITAN NORTH WEST REGION,2508706.517,2419932.778,1,1,0,1,0,0,0,1,0,0,1,0,0,0,0,0,0,0,0,0,No,0,1,0,1,0,0,Metropolitan Excluding CBD,Metropolitan Excluding CBD,BANYULE,METROPOLITAN NORTH WEST REGION,,,Local Road,Local Road,Undivided,Undivided,Metro,-4199135.662817147,16152320.222650751
247,-36.402475700000004,145.37244669999998,1248,T20100031606,ABS to receive accident,Finished,08-08-2010,00.50.00,Yes,Collision with a fixed object,Sunday,LEFT OFF CARRIAGEWAY INTO OBJECT/PARKED VEHICLE,No,Dark No street lights,Yes,Not at intersection,Other injury accident,60,Yes,235737,145.37245,-36.40248,Non-Intersection,SHEPPARTON,NORTH EASTERN REGION,2533406.3680000002,2566234.304,1,1,0,0,1,0,0,1,0,0,1,0,0,0,0,0,0,0,0,1,Yes,0,1,0,1,0,0,Small Provincial Cities,Small Provincial Cities,SHEPPARTON,NORTH EASTERN REGION,,,Local Road,Local Road,Undivided,Undivided,Country,-4052305.0585385156,16182786.7420163
248,-37.72931269,145.2301926,1249,T20100031608,ABS to receive accident,Finished,08-08-2010,09.40.00,Yes,No collision and no object struck,Sunday,OFF CARRIAGEWAY TO LEFT,No,Day,No,Not at intersection,Serious injury accident,60,Yes,235738,145.23019,-37.72931,Non-Intersection,NILLUMBIK,METROPOLITAN NORTH WEST REGION,2520291.0069999998,2419043.183,2,1,0,1,0,1,0,1,1,0,0,0,0,0,1,0,0,0,0,0,No,0,2,0,0,0,0,Metropolitan Excluding CBD,Metropolitan Excluding CBD,NILLUMBIK,METROPOLITAN NORTH WEST REGION,,,Arterial Other,Arterial Other,Undivided,Undivided,Metro,-4200007.8766309945,16166951.088041048
249,-37.627628,146.37694380000002,1250,T20100031610,ABS to receive accident,Finished,07-08-2010,13.30.00,No,Collision with vehicle,Saturday,HEAD ON (NOT OVERTAKING),No,Day,Yes,Not at intersection,Serious injury accident,100,No,238694,146.37694,-37.627629999999996,Non-Intersection,BAW BAW,NORTH EASTERN REGION,2621533.8880000003,2429473.884,3,1,0,1,0,2,3,0,0,1,1,0,0,1,0,0,0,0,0,0,No,0,2,0,1,1,0,Country,Country,"MANSFIELD,BAW BAW","NORTH EASTERN REGION,EASTERN REGION,EASTERN REGION",,,Local Road,Local Road,Undivided,Undivided,Country,-4188688.3887187233,16294606.847691623
250,-37.73439482,145.013685,1251,T20100031611,ABS to receive accident,Finished,08-08-2010,13.27.00,No,Collision with vehicle,Sunday,CROSS TRAFFIC(INTERSECTIONS ONLY),No,Day,Yes,Cross intersection,Other injury accident,60,No,44398,145.01368,-37.734390000000005,Intersection,DAREBIN,METROPOLITAN NORTH WEST REGION,2501206.223,2418503.595,4,2,0,0,2,2,2,2,0,2,2,0,0,0,0,0,0,0,0,0,No,0,2,0,2,0,0,Metropolitan Excluding CBD,Metropolitan Excluding CBD,DAREBIN,METROPOLITAN NORTH WEST REGION,,,Arterial Other,"Arterial Other,Local Road",Undivided,Undivided,Metro,-4200573.61675474,16142849.572256174
251,-38.27163984,145.00627969999996,1252,T20100031613,ABS to receive accident,Finished,08-08-2010,13.40.00,No,Struck Pedestrian,Sunday,PED NEAR SIDE. PED HIT BY VEHICLE FROM THE RIGHT.,No,Day,Yes,T intersection,Other injury accident,60,No,44010,145.00628,-38.271640000000005,Intersection,MORNINGTON PENINSULA,METROPOLITAN SOUTH EAST REGION,2500549.5730000003,2358871.0519999997,2,1,0,0,1,1,0,2,0,0,1,1,0,0,0,0,0,0,0,0,No,0,1,0,1,0,0,Metropolitan Excluding CBD,Metropolitan Excluding CBD,MORNINGTON PENINSULA,METROPOLITAN SOUTH EAST REGION,C,C,Arterial Other,"Arterial Other,Local Road",Undivided,Undivided,Metro,-4260379.458812362,16142025.218030998
252,-37.707762,145.0516802,1253,T20100031615,ABS to receive accident,Finished,08-08-2010,11.30.00,No,Collision with vehicle,Sunday,ACCIDENT OR BROKEN DOWN,No,Day,Yes,Not at intersection,Other injury accident,70,No,237252,145.05168,-37.70776,Non-Intersection,DAREBIN,METROPOLITAN NORTH WEST REGION,2504556.806,2421458.238,5,1,0,0,1,4,5,0,0,2,3,0,0,0,0,0,0,0,0,1,No,0,3,0,3,0,0,Metropolitan Excluding CBD,Metropolitan Excluding CBD,DAREBIN,METROPOLITAN NORTH WEST REGION,,,Arterial Highway,Arterial Highway,Undivided,Undivided,Metro,-4197608.864793951,16147079.178572763
253,-37.72768522,144.8205572,1254,T20100031617,ABS to receive accident,Finished,07-08-2010,14.50.00,Yes,Collision with vehicle,Saturday,RIGHT THROUGH,No,Day,Yes,Cross intersection,Other injury accident,70,No,528,144.82056,-37.72769,Intersection,BRIMBANK,METROPOLITAN NORTH WEST REGION,2484182.136,2419233.429,3,1,0,0,1,2,0,3,0,1,2,0,0,0,0,0,0,0,0,1,No,0,2,0,2,0,0,Metropolitan Excluding CBD,Metropolitan Excluding CBD,BRIMBANK,METROPOLITAN NORTH WEST REGION,,,Arterial Other,"Arterial Other,Local Road",Undivided,Undivided,Metro,-4199826.707499313,16121350.68390215
254,-37.90926875,145.58855680000002,1255,T20100031619,ABS to receive accident,Finished,08-08-2010,13.00.00,No,No collision and no object struck,Sunday,OFF CARRIAGEWAY ON RIGHT BEND,No,Day,Yes,Not at intersection,Other injury accident,100,Yes,235382,145.58856,-37.90927,Non-Intersection,CARDINIA,METROPOLITAN SOUTH EAST REGION,2551756.318,2398934.844,1,1,0,0,1,0,0,1,0,0,0,0,0,1,0,0,0,0,0,0,No,0,1,0,0,1,0,Country,Country,CARDINIA,METROPOLITAN SOUTH EAST REGION,C,C,Arterial Other,Arterial Other,Undivided,Undivided,Metro,-4220040.493595359,16206844.008303588
255,-37.67327121,144.5725434,1256,T20100031620,ABS to receive accident,Finished,08-08-2010,12.45.00,No,Collision with vehicle,Sunday,RIGHT REAR.,No,Day,Yes,T intersection,Other injury accident,60,No,37084,144.57254,-37.67327,Intersection,MELTON,METROPOLITAN NORTH WEST REGION,2462292.738,2425202.669,2,1,0,0,1,1,1,1,0,0,2,0,0,0,0,0,0,0,0,1,No,0,2,0,2,0,0,Small Provincial Cities,Small Provincial Cities,MELTON,METROPOLITAN NORTH WEST REGION,,,Local Road,Local Road,Undivided,Undivided,Metro,-4193769.3676140932,16093741.913976444
256,-37.5987895,143.8401146,1257,T20100031622,ABS to receive accident,Finished,08-08-2010,13.00.00,No,Collision with vehicle,Sunday,RIGHT REAR.,No,Day,No,Not at intersection,Other injury accident,50,No,235739,143.84011,-37.59879,Non-Intersection,BALLARAT,WESTERN REGION,2397584.415,2432929.365,2,1,0,0,1,1,1,1,0,0,2,0,0,0,0,0,0,0,0,0,No,0,2,0,2,0,0,Large Provincial Cities,Large Provincial Cities,BALLARAT,WESTERN REGION,,,Local Road,Local Road,Undivided,Undivided,Country,-4185478.1015834818,16012208.312918114
257,-37.91956865,145.00593419999998,1258,T20100031623,ABS to receive accident,Finished,08-08-2010,03.45.00,Yes,Collision with a fixed object,Sunday,RIGHT OFF CARRIAGEWAY INTO OBJECT/PARKED VEHICLE,No,Dark Street lights on,Yes,Cross intersection,Serious injury accident,50,Yes,238816,145.00593,-37.91957,Intersection,BAYSIDE,METROPOLITAN SOUTH EAST REGION,2500521.776,2397951.608,3,3,0,2,1,0,1,2,0,2,1,0,0,0,0,0,0,0,0,1,Yes,0,1,0,1,0,0,Metropolitan Excluding CBD,Metropolitan Excluding CBD,BAYSIDE,METROPOLITAN SOUTH EAST REGION,,,Arterial Other,"Arterial Other,Local Road",Undivided,Undivided,Metro,-4221187.07321858,16141986.757146932
258,-37.81685669,145.2272608,1259,T20100031629,ABS to receive accident,Finished,08-08-2010,15.00.00,No,Collision with vehicle,Sunday,RIGHT THROUGH,No,Day,Yes,Cross intersection,Other injury accident,60,No,39625,145.22726,-37.81686,Intersection,MAROONDAH,METROPOLITAN SOUTH EAST REGION,2520009.386,2409327.725,4,1,0,0,1,3,1,1,0,2,2,0,0,0,0,0,0,0,0,0,No,1,2,0,2,0,0,Metropolitan Excluding CBD,Metropolitan Excluding CBD,MAROONDAH,METROPOLITAN SOUTH EAST REGION,,,Arterial Other,"Arterial Other,Local Road",Undivided,Undivided,Metro,-4209753.230133002,16166624.721557941
259,-37.66451984,144.928544,1260,T20100031643,ABS to receive accident,Finished,07-08-2010,19.10.00,Yes,Collision with vehicle,Saturday,RIGHT REAR.,No,Day,No,T intersection,Other injury accident,60,No,44671,144.92854,-37.66452,Intersection,HUME,METROPOLITAN NORTH WEST REGION,2493695.899,2426256.193,5,1,0,0,1,4,2,2,0,2,2,0,0,0,1,0,0,0,0,1,No,0,3,0,2,0,0,Metropolitan Excluding CBD,Metropolitan Excluding CBD,HUME,METROPOLITAN NORTH WEST REGION,,,Arterial Other,"Arterial Other,Local Road",Undivided,Undivided,Metro,-4192795.1695619496,16133371.719490541
260,-37.82549417,144.8831765,1261,T20100031645,ABS to receive accident,Finished,08-08-2010,15.15.00,No,Collision with vehicle,Sunday,REAR END(VEHICLES IN SAME LANE),No,Day,Yes,Not at intersection,Serious injury accident,80,No,235654,144.88318,-37.82549,Non-Intersection,HOBSONS BAY,METROPOLITAN NORTH WEST REGION,2489715.341,2408386.645,9,1,0,1,0,8,4,5,0,5,4,0,0,0,0,0,0,0,0,1,No,0,4,0,4,0,0,Metropolitan Excluding CBD,Metropolitan Excluding CBD,HOBSONS BAY,METROPOLITAN NORTH WEST REGION,M,M,Freeway,Freeway,Undivided,Undivided,Metro,-4210714.750008338,16128321.432491979
261,-38.38001719,141.6064246,1262,T20100031649,ABS to receive accident,Finished,08-08-2010,15.22.00,No,collision with some other object,Sunday,OFF LEFT BEND INTO OBJECT/PARKED VEHICLE,No,Day,Yes,Not at intersection,Serious injury accident,100,Yes,237429,141.60641999999999,-38.38002,Non-Intersection,GLENELG,SOUTH WESTERN REGION,2203500.472,2341554.317,2,2,0,2,0,0,2,0,0,1,1,0,0,0,0,0,0,0,0,0,No,0,1,0,1,0,0,Other Towns,Other Towns,GLENELG,SOUTH WESTERN REGION,C,C,Arterial Other,Arterial Other,Undivided,Undivided,Country,-4272443.970227886,15763555.079528086
262,-37.758554499999995,145.0586157,1263,T20100031651,ABS to receive accident,Finished,08-08-2010,15.15.00,No,Collision with vehicle,Sunday,OFF END OF ROAD/T-INTERSECTION.,No,Day,Yes,T intersection,Serious injury accident,50,No,46014,145.05862,-37.75855,Intersection,BANYULE,METROPOLITAN NORTH WEST REGION,2505164.863,2415820.749,2,2,0,2,0,0,1,1,0,1,1,0,0,0,0,0,0,0,1,0,No,0,6,0,6,0,0,Metropolitan Excluding CBD,Metropolitan Excluding CBD,BANYULE,METROPOLITAN NORTH WEST REGION,,,Local Road,Local Road,Undivided,Undivided,Metro,-4203263.060030067,16147851.234901158
263,-36.80358213,144.2421182,1264,T20100031655,ABS to receive accident,Finished,08-08-2010,18.00.00,Yes,No collision and no object struck,Sunday,OUT OF CONTROL ON CARRIAGEWAY (ON STRAIGHT),No,Dark Street lights on,Yes,Not at intersection,Other injury accident,70,No,235336,144.24212,-36.80358,Non-Intersection,BENDIGO,NORTHERN REGION,2432377.1119999997,2521525.1969999997,1,1,0,0,1,0,1,0,0,0,0,0,0,1,0,0,0,0,0,0,No,0,1,0,0,1,0,Large Provincial Cities,Large Provincial Cities,BENDIGO,NORTHERN REGION,A,A,Arterial Highway,Arterial Highway,Undivided,Undivided,Country,-4096956.0220800233,16056959.148967177
264,-37.758100299999995,144.9746268,1265,T20100031666,ABS to receive accident,Finished,08-08-2010,19.30.00,Yes,Struck Pedestrian,Sunday,FAR SIDE. PED HIT BY VEHICLE FROM THE LEFT,No,Dark Street lights on,Yes,Not at intersection,Serious injury accident,60,No,235250,144.97463,-37.7581,Non-Intersection,MORELAND,METROPOLITAN NORTH WEST REGION,2497764.2569999998,2415872.45,3,1,0,1,0,2,2,1,0,1,1,1,0,0,0,0,0,0,0,0,Yes,0,1,0,1,0,0,Metropolitan Excluding CBD,Metropolitan Excluding CBD,MORELAND,METROPOLITAN NORTH WEST REGION,,,Arterial Other,Arterial Other,Undivided,Undivided,Metro,-4203212.49871735,16138501.633320874
265,-37.73600808,144.9490526,1266,T20100031669,ABS to receive accident,Finished,04-08-2010,22.00.00,Yes,Collision with vehicle,Wednesday,RIGHT THROUGH,No,Dark Street lights on,No,Cross intersection,Other injury accident,50,No,777,144.94905,-37.73601,Intersection,MORELAND,METROPOLITAN NORTH WEST REGION,2495509.485,2418323.434,2,1,0,0,1,1,2,0,0,0,2,0,0,0,0,0,0,0,0,1,No,0,2,0,2,0,0,Metropolitan Excluding CBD,Metropolitan Excluding CBD,MORELAND,METROPOLITAN NORTH WEST REGION,,,Local Road,Local Road,Undivided,Undivided,Metro,-4200753.2040364565,16135654.726399425
266,-37.73800383,144.9358084,1267,T20100031676,ABS to receive accident,Finished,08-08-2010,19.30.00,Yes,Collision with vehicle,Sunday,RIGHT THROUGH,No,Dark Street lights on,Yes,T intersection,Other injury accident,60,No,41742,144.93581,-37.738,Intersection,MORELAND,METROPOLITAN NORTH WEST REGION,2494342.2909999997,2418101.232,2,2,0,0,2,0,1,1,0,0,2,0,0,0,0,0,0,0,0,1,No,0,2,0,2,0,0,Metropolitan Excluding CBD,Metropolitan Excluding CBD,MORELAND,METROPOLITAN NORTH WEST REGION,,,Arterial Highway,"Arterial Highway,Local Road",Undivided,Undivided,Metro,-4200975.369910208,16134180.388799464
267,-38.15071213,145.1951168,1268,T20100031684,ABS to receive accident,Finished,08-08-2010,20.00.00,Yes,Collision with vehicle,Sunday,RIGHT THROUGH,No,Dark Street lights on,Yes,Cross intersection,Serious injury accident,80,No,35641,145.19512,-38.15071,Intersection,FRANKSTON,METROPOLITAN SOUTH EAST REGION,2517103.293,2372277.535,4,4,0,2,2,0,2,2,0,2,2,0,0,0,0,0,0,0,0,2,No,0,2,0,2,0,0,Metropolitan Excluding CBD,Metropolitan Excluding CBD,FRANKSTON,METROPOLITAN SOUTH EAST REGION,,,Arterial Other,"Arterial Other,Local Road",Undivided,Undivided,Metro,-4246917.847712366,16163046.46784588
268,-37.850078,144.84504850000002,1269,T20100031687,ABS to receive accident,Finished,08-08-2010,06.00.00,Yes,Collision with a fixed object,Sunday,LEFT OFF CARRIAGEWAY INTO OBJECT/PARKED VEHICLE,No,Dusk/Dawn,Yes,Cross intersection,Serious injury accident,60,Yes,39932,144.84505,-37.85008,Intersection,HOBSONS BAY,METROPOLITAN NORTH WEST REGION,2486363.153,2405653.338,1,1,0,1,0,0,1,0,0,0,1,0,0,0,0,0,0,0,0,0,Yes,1,1,0,1,0,0,Metropolitan Excluding CBD,Metropolitan Excluding CBD,HOBSONS BAY,METROPOLITAN NORTH WEST REGION,,,Arterial Other,Arterial Other,Undivided,Undivided,Metro,-4213451.409445686,16124077.042947017
269,-37.83051497,144.98442509999998,1270,T20100031689,ABS to receive accident,Finished,16-07-2010,17.50.00,Yes,Collision with vehicle,Friday,RIGHT REAR.,Yes,Dusk/Dawn,No,T intersection,Other injury accident,60,No,37022,144.98443,-37.83051,Intersection,MELBOURNE,METROPOLITAN NORTH WEST REGION,2498628.94,2407835.595,2,1,0,0,1,1,1,0,0,0,1,0,0,1,0,0,0,0,0,0,No,0,2,0,1,1,0,Metropolitan Excluding CBD,Metropolitan Excluding CBD,MELBOURNE,METROPOLITAN NORTH WEST REGION,,,Local Road,Local Road,Undivided,Undivided,Metro,-4211273.662907713,16139592.375087509
270,-37.8465261,144.845662,1271,T20100031693,ABS to receive accident,Finished,12-07-2010,18.30.00,Yes,Collision with vehicle,Monday,REAR END(VEHICLES IN SAME LANE),No,Dark Street lights unknown,No,Not at intersection,Serious injury accident,60,No,235740,144.84566,-37.84653,Non-Intersection,HOBSONS BAY,METROPOLITAN NORTH WEST REGION,2486416.504,2406047.647,2,1,0,1,0,1,2,0,0,0,1,0,0,1,0,0,0,0,0,0,No,1,2,0,1,1,0,Metropolitan Excluding CBD,Metropolitan Excluding CBD,HOBSONS BAY,METROPOLITAN NORTH WEST REGION,,,Arterial Other,Arterial Other,Undivided,Undivided,Metro,-4213056.013746338,16124145.337454615
271,-38.33133044,145.0084669,1272,T20100031699,ABS to receive accident,Finished,02-08-2010,20.30.00,Yes,Collision with a fixed object,Monday,OFF LEFT BEND INTO OBJECT/PARKED VEHICLE,No,Dark No street lights,No,T intersection,Other injury accident,100,Yes,45694,145.00847,-38.33133,Intersection,MORNINGTON PENINSULA,METROPOLITAN SOUTH EAST REGION,2500740.395,2352244.548,2,1,0,0,1,1,1,1,0,1,1,0,0,0,0,0,0,0,0,1,No,0,1,0,1,0,0,Country,Country,MORNINGTON PENINSULA,METROPOLITAN SOUTH EAST REGION,B,"B,C",Arterial Other,Arterial Other,Undivided,Undivided,Metro,-4267024.186009507,16142268.696021266
272,-37.88169302,144.977771,1273,T20100031707,ABS to receive accident,Finished,07-08-2010,11.00.00,No,Collision with vehicle,Saturday,RIGHT TURN SIDESWIPE,No,Day,No,Multiple intersection,Other injury accident,60,No,41083,144.97777,-37.88169,Non-Intersection,PORT PHILLIP,METROPOLITAN NORTH WEST REGION,2498044.505,2402155.266,3,1,0,0,1,2,1,2,1,1,1,0,0,0,0,0,0,0,0,0,No,0,2,0,1,0,0,Metropolitan Excluding CBD,Metropolitan Excluding CBD,PORT PHILLIP,METROPOLITAN NORTH WEST REGION,,,Arterial Other,Arterial Other,Undivided,Undivided,Metro,-4216970.777373506,16138851.644063825
273,-38.05486424,145.3012214,1274,T20100031709,ABS to receive accident,Finished,08-08-2010,10.05.00,No,Collision with vehicle,Sunday,RIGHT THROUGH,No,Day,Yes,T intersection,Other injury accident,80,No,47700,145.30122,-38.05486,Intersection,CASEY,METROPOLITAN SOUTH EAST REGION,2526437.707,2382892.5519999997,2,1,0,0,1,1,2,0,0,0,2,0,0,0,0,0,0,0,0,0,No,0,2,0,2,0,0,Metropolitan Excluding CBD,Metropolitan Excluding CBD,CASEY,METROPOLITAN SOUTH EAST REGION,C,C,Arterial Other,"Arterial Other,Local Road",Undivided,Undivided,Metro,-4236248.109403956,16174857.977888705
274,-37.97624675,145.2099144,1275,T20100031711,ABS to receive accident,Finished,09-08-2010,07.31.00,No,Collision with vehicle,Monday,CROSS TRAFFIC(INTERSECTIONS ONLY),No,Day,Yes,Cross intersection,Other injury accident,50,No,43024,145.20991,-37.97625,Intersection,DANDENONG,METROPOLITAN SOUTH EAST REGION,2518443.1,2391640.375,2,1,0,0,1,1,2,0,1,0,1,0,0,0,0,0,0,0,1,0,No,0,2,0,1,0,0,Metropolitan Excluding CBD,Metropolitan Excluding CBD,DANDENONG,METROPOLITAN SOUTH EAST REGION,,,Local Road,Local Road,Undivided,Undivided,Metro,-4227496.450449711,16164693.729142845
275,-36.88563162,143.8581524,1276,T20100031716,ABS to receive accident,Finished,08-08-2010,05.15.00,Yes,No collision and no object struck,Sunday,OFF CARRIAGEWAY TO LEFT,No,Dark No street lights,Yes,Not at intersection,Other injury accident,Not known,Yes,235337,143.85815,-36.88563,Non-Intersection,CENTRAL GOLDFIELDS,WESTERN REGION,2398227.879,2512079.95,1,1,0,0,1,0,1,0,0,0,1,0,0,0,0,0,0,0,0,0,No,0,1,0,0,0,0,Country,Country,"LODDON,CENTRAL GOLDFIELDS","NORTHERN REGION,WESTERN REGION",C,C,Arterial Other,Arterial Other,Undivided,Undivided,Country,-4106089.72952667,16014216.271629145
276,-38.1854091,145.5448003,1277,T20100031721,ABS to receive accident,Finished,07-08-2010,21.43.00,Yes,Collision with vehicle,Saturday,HEAD ON (NOT OVERTAKING),No,Dark No street lights,Yes,Not at intersection,Other injury accident,80,No,235551,145.5448,-38.18541,Non-Intersection,CARDINIA,METROPOLITAN SOUTH EAST REGION,2547733.1180000002,2368306.915,2,1,0,0,1,1,1,1,0,0,2,0,0,0,0,0,0,0,0,0,No,0,2,0,2,0,0,Country,Country,CARDINIA,METROPOLITAN SOUTH EAST REGION,C,C,Arterial Other,Arterial Other,Undivided,Undivided,Metro,-4250780.296744836,16201973.05700469
277,-37.87942732,144.7012787,1278,T20100031729,ABS to receive accident,Finished,09-08-2010,08.50.00,No,Collision with vehicle,Monday,RIGHT THROUGH,No,Day,Yes,Cross intersection,Other injury accident,60,No,44382,144.70128,-37.87943,Intersection,WYNDHAM,METROPOLITAN NORTH WEST REGION,2473720.624,2402365.735,3,2,0,0,2,1,1,2,0,1,2,0,0,0,0,0,0,0,0,0,No,0,2,0,2,0,0,Metropolitan Excluding CBD,Metropolitan Excluding CBD,WYNDHAM,METROPOLITAN NORTH WEST REGION,C,C,Arterial Other,"Arterial Other,Local Road",Undivided,Undivided,Metro,-4216718.560803215,16108072.66201956
278,-37.82338897,144.967386,1279,T20100031730,ABS to receive accident,Finished,09-08-2010,10.30.00,No,Struck Pedestrian,Monday,ANY MANOEUVRE INVOLVING PED NOT INCLUDED IN DCAs 100-108.,No,Day,Yes,Cross intersection,Serious injury accident,50,No,239729,144.96739,-37.82339,Intersection,MELBOURNE,METROPOLITAN NORTH WEST REGION,2497128.7169999997,2408626.115,2,1,0,1,0,1,2,0,0,0,1,1,0,0,0,0,0,0,0,0,No,0,1,0,0,0,1,Metropolitan Excluding CBD,Metropolitan Excluding CBD,MELBOURNE,METROPOLITAN NORTH WEST REGION,,,Arterial Other,"Arterial Other,Local Road",Undivided,Undivided,Metro,-4210480.4002163205,16137695.591151936
279,-37.87374085,144.38183469999998,1280,T20100031731,ABS to receive accident,Finished,09-08-2010,09.50.00,No,Collision with vehicle,Monday,CROSS TRAFFIC(INTERSECTIONS ONLY),No,Day,Yes,Cross intersection,Serious injury accident,100,No,49594,144.38183,-37.873740000000005,Intersection,GEELONG,SOUTH WESTERN REGION,2445614.41,2402861.535,3,2,0,1,1,1,2,1,0,1,2,0,0,0,0,0,0,0,0,0,No,0,2,0,2,0,0,Country,Country,GEELONG,SOUTH WESTERN REGION,C,C,Arterial Other,"Arterial Other,Local Road",Undivided,Undivided,Country,-4216085.545858404,16072512.318602595