,Latitude,Longitude,OBJECTID,ACCIDENT_NO,ABS_CODE,ACCIDENT_STATUS,ACCIDENT_DATE,ACCIDENT_TIME,ALCOHOLTIME,ACCIDENT_TYPE,DAY_OF_WEEK,DCA_CODE,HIT_RUN_FLAG,LIGHT_CONDITION,POLICE_ATTEND,ROAD_GEOMETRY,SEVERITY,SPEED_ZONE,RUN_OFFROAD,NODE_ID,LONGITUDE,LATITUDE,NODE_TYPE,LGA_NAME,REGION_NAME,VICGRID_X,VICGRID_Y,TOTAL_PERSONS,INJ_OR_FATAL,FATALITY,SERIOUSINJURY,OTHERINJURY,NONINJURED,MALES,FEMALES,BICYCLIST,PASSENGER,DRIVER,PEDESTRIAN,PILLION,MOTORIST,UNKNOWN,PED_CYCLIST_5_12,PED_CYCLIST_13_18,OLD_PEDESTRIAN,OLD_DRIVER,YOUNG_DRIVER,ALCOHOL_RELATED,UNLICENCSED,NO_OF_VEHICLES,HEAVYVEHICLE,PASSENGERVEHICLE,MOTORCYCLE,PUBLICVEHICLE,DEG_URBAN_NAME,DEG_URBAN_ALL,LGA_NAME_ALL,REGION_NAME_ALL,SRNS,SRNS_ALL,RMA,RMA_ALL,DIVIDED,DIVIDED_ALL,STAT_DIV_NAME,x_mercator,y_mercator
280,-37.82007938,145.0135105,1281,T20100031737,ABS to receive accident,Finished,09-08-2010,10.50.00,No,Collision with vehicle,Monday,REAR END(VEHICLES IN SAME LANE),No,Day,Yes,Not at intersection,Other injury accident,40,No,79151,145.01351,-37.82008,Non-Intersection,YARRA,METROPOLITAN NORTH WEST REGION,2501189.494,2408993.846,3,1,0,0,1,2,1,2,0,1,2,0,0,0,0,0,0,0,0,0,No,0,2,0,2,0,0,Metropolitan Excluding CBD,Metropolitan Excluding CBD,YARRA,METROPOLITAN NORTH WEST REGION,,,Arterial Other,Arterial Other,Undivided,Undivided,Metro,-4210111.978342786,16142830.147005029
281,-38.38859222,142.5003613,1282,T20100031741,ABS to receive accident,Finished,09-08-2010,11.30.00,No,Collision with vehicle,Monday,RIGHT NEAR (INTERSECTIONS ONLY),No,Day,Yes,Cross intersection,Other injury accident,60,No,235553,142.50036,-38.38859,Intersection,WARRNAMBOOL,SOUTH WESTERN REGION,2281608.3019999997,2343020.223,3,1,0,0,1,2,2,1,0,1,2,0,0,0,0,0,0,0,0,1,No,0,2,0,2,0,0,Small Provincial Cities,Small Provincial Cities,WARRNAMBOOL,SOUTH WESTERN REGION,,,Local Road,Local Road,Undivided,Undivided,Country,-4273398.538201024,15863067.657773508
282,-37.88927096,145.0409054,1283,T20100031744,ABS to receive accident,Finished,17-07-2010,09.30.00,No,Collision with a fixed object,Saturday,REVERSING INTO FIXED OBJECT/PARKED VEHICLE,No,Day,No,Not at intersection,Other injury accident,60,No,235339,145.04091,-37.88927,Non-Intersection,GLEN EIRA,METROPOLITAN SOUTH EAST REGION,2503598.1040000003,2401313.64,1,1,0,0,1,0,1,0,0,0,1,0,0,0,0,0,0,0,0,0,No,0,1,1,0,0,0,Metropolitan Excluding CBD,Metropolitan Excluding CBD,GLEN EIRA,METROPOLITAN SOUTH EAST REGION,,,Local Road,Local Road,Undivided,Undivided,Metro,-4217814.349795568,16145879.733323365
283,-37.79080918,144.9856746,1284,T20100031764,ABS to receive accident,Finished,09-08-2010,10.40.00,No,Collision with vehicle,Monday,LEFT TURN SIDESWIPE,No,Day,Yes,T intersection,Other injury accident,80,No,36579,144.98567,-37.79081,Intersection,YARRA,METROPOLITAN NORTH WEST REGION,2498738.27,2412242.443,2,1,0,0,1,1,1,1,1,0,1,0,0,0,0,0,0,0,0,0,No,0,2,0,1,0,0,Metropolitan Excluding CBD,Metropolitan Excluding CBD,YARRA,METROPOLITAN NORTH WEST REGION,,,Arterial Other,"Arterial Other,Local Road",Undivided,Undivided,Metro,-4206853.634583368,16139731.46879126
284,-38.51910037,146.4596495,1285,T20100031771,ABS to receive accident,Finished,09-08-2010,15.05.00,No,Collision with a fixed object,Monday,LEFT OFF CARRIAGEWAY INTO OBJECT/PARKED VEHICLE,No,Day,Yes,Not at intersection,Other injury accident,100,Yes,235741,146.45965,-38.5191,Non-Intersection,WELLINGTON,EASTERN REGION,2627316.069,2330421.923,1,1,0,0,1,0,1,0,0,0,0,0,0,1,0,0,0,0,0,0,No,1,1,0,0,1,0,Country,Country,WELLINGTON,"EASTERN REGION,EASTERN REGION",,,Local Road,Local Road,Undivided,Undivided,Country,-4287926.639003395,16303813.604101326
285,-36.789800899999996,144.30360349999998,1286,T20100031777,ABS to receive accident,Finished,09-08-2010,16.20.00,No,Collision with a fixed object,Monday,OFF LEFT BEND INTO OBJECT/PARKED VEHICLE,No,Day,Yes,Not at intersection,Serious injury accident,60,Yes,235990,144.3036,-36.7898,Non-Intersection,BENDIGO,NORTHERN REGION,2437851.925,2523096.193,1,1,0,1,0,0,0,1,0,0,0,0,0,1,0,0,0,0,0,0,No,0,1,0,0,1,0,Country,Country,BENDIGO,NORTHERN REGION,,,Local Road,Local Road,Undivided,Undivided,Country,-4095421.9025739175,16063803.661254449
286,-38.187022,144.4554868,1287,T20100031778,ABS to receive accident,Finished,09-08-2010,15.15.00,No,Collision with vehicle,Monday,RIGHT THROUGH,No,Day,Yes,Cross intersection,Other injury accident,70,No,50218,144.45549,-38.187020000000004,Intersection,GEELONG,SOUTH WESTERN REGION,2452293.062,2368128.018,2,1,0,0,1,1,0,2,0,0,2,0,0,0,0,0,0,0,0,1,No,0,2,0,2,0,0,Other Towns,Other Towns,GEELONG,SOUTH WESTERN REGION,B,B,Arterial Highway,"Arterial Highway,Local Road",Undivided,Undivided,Country,-4250959.8439515345,16080711.23287045
287,-36.79477758,145.5697632,1288,T20100031781,ABS to receive accident,Finished,09-08-2010,16.10.00,No,Collision with a fixed object,Monday,LEFT OFF CARRIAGEWAY INTO OBJECT/PARKED VEHICLE,No,Day,Yes,Not at intersection,Other injury accident,100,Yes,237411,145.56976,-36.794779999999996,Non-Intersection,STRATHBOGIE,NORTH EASTERN REGION,2550843.863,2522619.154,1,1,0,0,1,0,1,0,0,0,1,0,0,0,0,0,0,0,0,0,No,0,1,0,1,0,0,Country,Country,STRATHBOGIE,NORTH EASTERN REGION,C,C,Arterial Other,Arterial Other,Undivided,Undivided,Country,-4095975.904057359,16204751.914321413
288,-37.93735608,145.0683233,1289,T20100031783,ABS to receive accident,Finished,09-08-2010,15.45.00,No,Collision with vehicle,Monday,REAR END(VEHICLES IN SAME LANE),No,Day,Yes,Not at intersection,Other injury accident,70,No,235742,145.06832,-37.93736,Non-Intersection,GLEN EIRA,METROPOLITAN SOUTH EAST REGION,2506005.9930000002,2395975.193,2,1,0,0,1,1,1,1,0,0,2,0,0,0,0,0,0,0,0,0,No,0,2,0,2,0,0,Metropolitan Excluding CBD,Metropolitan Excluding CBD,"KINGSTON,GLEN EIRA",METROPOLITAN SOUTH EAST REGION,,,Arterial Other,Arterial Other,Undivided,Undivided,Metro,-4223167.160868701,16148931.879989985
289,-37.03068344,145.1443218,1290,T20100031784,ABS to receive accident,Finished,09-08-2010,16.05.00,No,Collision with vehicle,Monday,OTHER ADJACENT (INTERSECTIONS ONLY),Yes,Day,Yes,T intersection,Other injury accident,50,No,59995,145.14432,-37.03068,Intersection,MITCHELL,NORTHERN REGION,2512839.206,2496585.599,2,1,0,0,1,1,2,0,1,0,1,0,0,0,0,1,0,0,0,1,No,0,2,0,1,0,0,Other Towns,Other Towns,MITCHELL,NORTHERN REGION,,,Local Road,Local Road,Undivided,Undivided,Country,-4122236.8242677078,16157391.994311037
290,-37.67660599,145.0305171,1291,T20100031787,ABS to receive accident,Finished,09-08-2010,14.15.00,No,Collision with vehicle,Monday,REAR END(VEHICLES IN SAME LANE),No,Day,No,Cross intersection,Other injury accident,70,No,38265,145.03052,-37.67661,Intersection,WHITTLESEA,METROPOLITAN NORTH WEST REGION,2502691.9,2424916.795,3,1,0,0,1,2,2,1,0,1,2,0,0,0,0,0,0,0,0,2,No,0,2,0,2,0,0,Metropolitan Excluding CBD,Metropolitan Excluding CBD,WHITTLESEA,METROPOLITAN NORTH WEST REGION,,,Arterial Other,"Arterial Other,Local Road",Undivided,Undivided,Metro,-4194140.5936256004,16144723.313057154
291,-38.02889503,145.34707450000002,1292,T20100031791,ABS to receive accident,Finished,09-08-2010,16.25.00,No,Collision with vehicle,Monday,REAR END(VEHICLES IN SAME LANE),No,Day,Yes,T intersection,Other injury accident,50,No,43649,145.34707,-38.0289,Intersection,CASEY,METROPOLITAN SOUTH EAST REGION,2530472.643,2385761.379,2,1,0,0,1,1,1,1,0,0,2,0,0,0,0,0,0,0,0,0,No,0,2,0,2,0,0,Metropolitan Excluding CBD,Metropolitan Excluding CBD,CASEY,METROPOLITAN SOUTH EAST REGION,,,Local Road,Local Road,Undivided,Undivided,Metro,-4233357.230170453,16179962.321632
292,-36.7624454,144.29646830000002,1293,T20100031793,ABS to receive accident,Finished,09-08-2010,16.53.00,No,Collision with vehicle,Monday,RIGHT REAR.,No,Day,Yes,T intersection,Other injury accident,60,No,54310,144.29647,-36.76245,Intersection,BENDIGO,NORTHERN REGION,2437192.7430000002,2526126.725,3,2,0,0,2,1,1,2,0,0,3,0,0,0,0,0,0,0,0,2,No,0,3,0,3,0,0,Large Provincial Cities,Large Provincial Cities,BENDIGO,NORTHERN REGION,,,Local Road,Local Road,Undivided,Undivided,Country,-4092376.7022435223,16063009.374423744
293,-37.83602015,145.0608728,1294,T20100031802,ABS to receive accident,Finished,09-08-2010,16.50.00,No,Collision with vehicle,Monday,LEFT REAR,No,Day,Yes,T intersection,Serious injury accident,60,No,66722,145.06087,-37.83602,Intersection,BOROONDARA,METROPOLITAN SOUTH EAST REGION,2505358.247,2407222.984,3,2,0,1,1,1,2,1,0,0,3,0,0,0,0,0,0,0,1,0,No,0,3,0,3,0,0,Metropolitan Excluding CBD,Metropolitan Excluding CBD,BOROONDARA,METROPOLITAN SOUTH EAST REGION,,,Arterial Other,"Arterial Other,Local Road",Undivided,Undivided,Metro,-4211886.496742039,16148102.49412383
294,-38.06882795,145.447423,1295,T20100031803,ABS to receive accident,Finished,09-08-2010,17.13.00,No,Struck Pedestrian,Monday,FAR SIDE. PED HIT BY VEHICLE FROM THE LEFT,No,Dusk/Dawn,Yes,T intersection,Serious injury accident,50,No,235743,145.44742,-38.06883,Intersection,CARDINIA,METROPOLITAN SOUTH EAST REGION,2539262.216,2381292.1459999997,3,1,0,1,0,2,2,1,0,1,1,1,0,0,0,1,0,0,0,0,No,0,1,0,1,0,0,Small Provincial Cities,Small Provincial Cities,CARDINIA,METROPOLITAN SOUTH EAST REGION,,,Local Road,Local Road,Undivided,Undivided,Metro,-4237802.542490741,16191133.065553866
295,-37.48652592,142.3336426,1296,T20100031807,ABS to receive accident,Finished,09-08-2010,14.45.00,No,Collision with vehicle,Monday,HEAD ON (NOT OVERTAKING),No,Day,Yes,Not at intersection,Serious injury accident,100,No,235893,142.33364,-37.48653,Non-Intersection,SOUTHERN GRAMPIANS,SOUTH WESTERN REGION,2264241.984,2442710.065,8,8,0,2,6,0,3,5,0,6,2,0,0,0,0,0,0,0,0,0,No,0,2,0,2,0,0,Country,Country,SOUTHERN GRAMPIANS,SOUTH WESTERN REGION,C,C,Arterial Other,Arterial Other,Undivided,Undivided,Country,-4172980.977023251,15844508.61698379
296,-36.23912032,145.53162,1297,T20100031808,ABS to receive accident,Finished,09-08-2010,13.07.00,No,Collision with vehicle,Monday,CROSS TRAFFIC(INTERSECTIONS ONLY),No,Day,Yes,Cross intersection,Other injury accident,100,No,229620,145.53162,-36.23912,Intersection,SHEPPARTON,NORTH EASTERN REGION,2547784.409,2584291.483,2,2,0,0,2,0,2,0,0,0,2,0,0,0,0,0,0,0,0,0,No,0,2,1,1,0,0,Country,Country,SHEPPARTON,NORTH EASTERN REGION,,,Local Road,Local Road,Undivided,Undivided,Country,-4034120.420818573,16200505.832720188
297,-37.74137357,145.0403233,1298,T20100031811,ABS to receive accident,Finished,08-08-2010,17.17.00,Yes,Collision with vehicle,Sunday,REAR END(VEHICLES IN SAME LANE),No,Dusk/Dawn,Yes,Not at intersection,Other injury accident,60,No,236624,145.04032,-37.74137,Non-Intersection,BANYULE,METROPOLITAN NORTH WEST REGION,2503553.8540000003,2417728.4,4,1,0,0,1,3,1,3,0,1,3,0,0,0,0,0,0,0,0,1,No,0,3,0,3,0,0,Metropolitan Excluding CBD,Metropolitan Excluding CBD,BANYULE,METROPOLITAN NORTH WEST REGION,,,Arterial Other,Arterial Other,Undivided,Undivided,Metro,-4201350.487651113,16145814.934247773
298,-37.902296500000006,144.6621979,1299,T20100031813,ABS to receive accident,Finished,09-08-2010,18.15.00,Yes,Collision with vehicle,Monday,REAR END(VEHICLES IN SAME LANE),No,Dark Street lights on,Yes,Not at intersection,Other injury accident,80,No,235745,144.6622,-37.9023,Non-Intersection,WYNDHAM,METROPOLITAN NORTH WEST REGION,2470291.5930000003,2399815.986,2,1,0,0,1,1,0,2,0,0,2,0,0,0,0,0,0,0,0,2,No,0,2,0,2,0,0,Metropolitan Excluding CBD,Metropolitan Excluding CBD,WYNDHAM,METROPOLITAN NORTH WEST REGION,C,C,Arterial Other,Arterial Other,Undivided,Undivided,Metro,-4219264.346275676,16103722.20726377
299,-37.78875748,145.10311480000001,1300,T20100031814,ABS to receive accident,Finished,09-08-2010,18.29.00,Yes,Collision with vehicle,Monday,REAR END(VEHICLES IN SAME LANE),No,Dark Street lights on,Yes,Not at intersection,Serious injury accident,100,No,235369,145.10311000000002,-37.788759999999996,Non-Intersection,BOROONDARA,METROPOLITAN SOUTH EAST REGION,2509082.223,2412465.33,3,1,0,1,0,2,0,3,0,1,2,0,0,0,0,0,0,0,0,1,No,0,2,0,2,0,0,Metropolitan Excluding CBD,Metropolitan Excluding CBD,BOROONDARA,METROPOLITAN SOUTH EAST REGION,M,M,Freeway,Freeway,Undivided,Undivided,Metro,-4206625.240384107,16152804.85205392
300,-37.82581058,145.2544701,1301,T20100031815,ABS to receive accident,Finished,09-08-2010,17.40.00,No,Collision with vehicle,Monday,REAR END(VEHICLES IN SAME LANE),No,Dark Street lights on,Yes,Not at intersection,Serious injury accident,70,No,237782,145.25447,-37.82581,Non-Intersection,MAROONDAH,METROPOLITAN SOUTH EAST REGION,2522402.389,2408327.897,3,1,0,1,0,2,2,1,0,1,1,0,0,1,0,0,0,0,0,0,No,0,2,0,1,1,0,Metropolitan Excluding CBD,Metropolitan Excluding CBD,MAROONDAH,METROPOLITAN SOUTH EAST REGION,,,Arterial Other,Arterial Other,Undivided,Undivided,Metro,-4210749.97260842,16169653.646978779
301,-37.81758789999999,145.1240237,1302,T20100031816,ABS to receive accident,Finished,25-07-2010,06.45.00,Yes,Collision with vehicle,Sunday,LANE CHANGE RIGHT (NOT OVERTAKING),No,Dark Street lights on,No,Not at intersection,Other injury accident,60,No,235361,145.12402,-37.81759,Non-Intersection,WHITEHORSE,METROPOLITAN SOUTH EAST REGION,2510919.681,2409263.34,2,1,0,0,1,1,0,2,0,0,2,0,0,0,0,0,0,0,0,0,No,0,2,0,2,0,0,Metropolitan Excluding CBD,Metropolitan Excluding CBD,WHITEHORSE,METROPOLITAN SOUTH EAST REGION,,,Arterial Other,Arterial Other,Undivided,Undivided,Metro,-4209834.628057864,16155132.420154968
302,-37.76482795,144.94376619999997,1303,T20100031829,ABS to receive accident,Finished,09-08-2010,15.35.00,No,Struck Pedestrian,Monday,FAR SIDE. PED HIT BY VEHICLE FROM THE LEFT,No,Day,Yes,Cross intersection,Serious injury accident,60,No,45527,144.94377,-37.764829999999996,Intersection,MORELAND,METROPOLITAN NORTH WEST REGION,2495045.432,2415124.617,2,1,0,1,0,1,1,1,0,0,1,1,0,0,0,0,0,0,0,0,No,0,1,0,1,0,0,Metropolitan Excluding CBD,Metropolitan Excluding CBD,MORELAND,METROPOLITAN NORTH WEST REGION,,,Arterial Other,"Arterial Other,Local Road",Undivided,Undivided,Metro,-4203961.417289585,16135066.247043293
303,-37.80824398,144.9684499,1304,T20100031840,ABS to receive accident,Finished,09-08-2010,22.03.00,Yes,Collision with vehicle,Monday,VEHICLE COLLIDES WITH VEHICLE PARKED ON LEFT OF ROAD,No,Dark Street lights on,Yes,Not at intersection,Other injury accident,50,No,235362,144.96845,-37.808240000000005,Non-Intersection,MELBOURNE,METROPOLITAN NORTH WEST REGION,2497221.824,2410307.048,2,1,0,0,1,1,2,0,0,1,1,0,0,0,0,0,0,0,0,0,No,0,2,0,2,0,0,Metropolitan CBD Only,"Metropolitan Excluding CBD,Metropolitan CBD Only",MELBOURNE,METROPOLITAN NORTH WEST REGION,,,Local Road,Local Road,Undivided,Undivided,Metro,-4208794.467641451,16137814.02395819
304,-37.68830745,145.0662589,1305,T20100031842,ABS to receive accident,Finished,09-08-2010,22.00.00,Yes,Collision with vehicle,Monday,RIGHT NEAR (INTERSECTIONS ONLY),No,Dark Street lights on,Yes,Cross intersection,Other injury accident,Not known,No,38731,145.06626,-37.688309999999994,Intersection,WHITTLESEA,METROPOLITAN NORTH WEST REGION,2505843.758,2423616.548,3,1,0,0,1,2,2,1,0,0,3,0,0,0,0,0,0,0,0,1,No,0,3,0,3,0,0,Metropolitan Excluding CBD,Metropolitan Excluding CBD,WHITTLESEA,METROPOLITAN NORTH WEST REGION,,,Arterial Highway,"Arterial Highway,Local Road",Undivided,Undivided,Metro,-4195443.194194339,16148702.072033191
305,-37.98983248,145.1704251,1306,T20100031845,ABS to receive accident,Finished,05-08-2010,04.00.00,Yes,Collision with a fixed object,Thursday,OFF RIGHT BEND INTO OBJECT/PARKED VEHICLE,No,Dark Street lights on,Yes,T intersection,Other injury accident,50,Yes,42917,145.17043,-37.98983,Intersection,DANDENONG,METROPOLITAN SOUTH EAST REGION,2514970.87,2390139.352,2,1,0,0,1,1,2,0,0,1,1,0,0,0,0,0,0,0,0,0,No,0,1,0,1,0,0,Metropolitan Excluding CBD,Metropolitan Excluding CBD,DANDENONG,METROPOLITAN SOUTH EAST REGION,,,Local Road,Local Road,Undivided,Undivided,Metro,-4229008.806995365,16160297.800375061
306,-37.10424037,144.33700480000002,1307,T20100031860,ABS to receive accident,Finished,10-08-2010,08.05.00,No,Collision with vehicle,Tuesday,CROSS TRAFFIC(INTERSECTIONS ONLY),No,Day,Yes,Cross intersection,Other injury accident,100,No,235993,144.33700000000002,-37.104240000000004,Intersection,MOUNT ALEXANDER,NORTHERN REGION,2441075.667,2488228.114,2,1,0,0,1,1,1,1,0,0,2,0,0,0,0,0,0,0,0,0,No,0,2,0,2,0,0,Country,Country,MOUNT ALEXANDER,NORTHERN REGION,C,C,Arterial Other,"Arterial Other,Local Road",Undivided,Undivided,Country,-4130425.144259624,16067521.876962285
307,-37.57481153,143.8680602,1308,T20100031869,ABS to receive accident,Finished,10-08-2010,10.07.00,No,Collision with vehicle,Tuesday,RIGHT THROUGH,No,Day,Yes,T intersection,Other injury accident,60,No,52959,143.86806,-37.57481,Intersection,BALLARAT,WESTERN REGION,2400020.2,2435619.8959999997,3,1,0,0,1,2,2,1,0,1,2,0,0,0,0,0,0,0,1,0,No,0,2,0,2,0,0,Large Provincial Cities,Large Provincial Cities,BALLARAT,WESTERN REGION,,,Arterial Other,"Arterial Other,Local Road",Undivided,Undivided,Country,-4182808.8861728245,16015319.202880029
308,-37.78760855,144.97221100000002,1309,T20100031870,ABS to receive accident,Finished,10-08-2010,09.05.00,No,Struck Pedestrian,Tuesday,PED NEAR SIDE. PED HIT BY VEHICLE FROM THE RIGHT.,No,Day,Yes,Cross intersection,Other injury accident,50,No,36382,144.97221000000002,-37.78761,Intersection,YARRA,METROPOLITAN NORTH WEST REGION,2497552.346,2412597.406,2,1,0,0,1,1,1,1,0,0,1,1,0,0,0,0,0,0,0,0,No,0,1,0,1,0,0,Metropolitan Excluding CBD,Metropolitan Excluding CBD,YARRA,METROPOLITAN NORTH WEST REGION,,,Local Road,Local Road,Undivided,Undivided,Metro,-4206497.342081551,16138232.707695017
309,-38.11070445,145.1321156,1310,T20100031871,ABS to receive accident,Finished,10-08-2010,08.50.00,No,Collision with vehicle,Tuesday,REAR END(VEHICLES IN SAME LANE),No,Day,Yes,T intersection,Other injury accident,60,No,43373,145.13212,-38.1107,Intersection,FRANKSTON,METROPOLITAN SOUTH EAST REGION,2511586.978,2376728.0209999997,3,2,0,0,2,1,2,1,0,1,2,0,0,0,0,0,0,0,0,0,No,0,2,0,2,0,0,Metropolitan Excluding CBD,Metropolitan Excluding CBD,FRANKSTON,METROPOLITAN SOUTH EAST REGION,,,Arterial Other,"Arterial Other,Local Road",Undivided,Undivided,Metro,-4242464.213146945,16156033.206342513
310,-37.98335522,145.0581495,1311,T20100031873,ABS to receive accident,Finished,10-08-2010,07.45.00,No,Collision with vehicle,Tuesday,CROSS TRAFFIC(INTERSECTIONS ONLY),No,Day,No,Cross intersection,Other injury accident,50,No,70566,145.05815,-37.98336,Intersection,KINGSTON,METROPOLITAN SOUTH EAST REGION,2505108.546,2390870.14,2,1,0,0,1,1,2,0,1,0,1,0,0,0,0,0,1,0,0,0,No,0,2,0,1,0,0,Metropolitan Excluding CBD,Metropolitan Excluding CBD,KINGSTON,METROPOLITAN SOUTH EAST REGION,,,Local Road,Local Road,Undivided,Undivided,Metro,-4228287.76171043,16147799.337754551
311,-37.06581382,144.21844140000002,1312,T20100031878,ABS to receive accident,Finished,10-08-2010,11.05.00,No,Struck Pedestrian,Tuesday,PED NEAR SIDE. PED HIT BY VEHICLE FROM THE RIGHT.,No,Day,Yes,Not at intersection,Serious injury accident,50,No,235756,144.21844,-37.06581,Non-Intersection,MOUNT ALEXANDER,NORTHERN REGION,2430503.4469999997,2492411.93,2,1,0,1,0,1,0,2,0,0,1,1,0,0,0,0,0,1,0,1,No,0,1,0,1,0,0,Other Towns,Other Towns,MOUNT ALEXANDER,NORTHERN REGION,,,Local Road,Local Road,Undivided,Undivided,Country,-4126147.5202806825,16054323.459647566
312,-37.81772425,145.1562183,1313,T20100031880,ABS to receive accident,Finished,10-08-2010,11.15.00,No,Collision with vehicle,Tuesday,HEAD ON (NOT OVERTAKING),No,Day,Yes,T intersection,Other injury accident,70,No,39425,145.15622,-37.81772,Intersection,WHITEHORSE,METROPOLITAN SOUTH EAST REGION,2513754.234,2409244.035,5,3,0,0,3,2,3,2,0,3,2,0,0,0,0,0,0,0,0,1,No,0,2,0,2,0,0,Metropolitan Excluding CBD,Metropolitan Excluding CBD,WHITEHORSE,METROPOLITAN SOUTH EAST REGION,,,Arterial Highway,"Arterial Highway,Arterial Other",Undivided,Undivided,Metro,-4209849.806470433,16158716.306633258
313,-38.00191332,145.5222552,1314,T20100031882,ABS to receive accident,Finished,10-08-2010,09.20.00,No,Collision with vehicle,Tuesday,HEAD ON (NOT OVERTAKING),No,Day,Yes,Not at intersection,Serious injury accident,80,No,203507,145.52226000000002,-38.001909999999995,Non-Intersection,CARDINIA,METROPOLITAN SOUTH EAST REGION,2545869.567,2388686.006,3,2,0,1,1,1,1,2,0,1,2,0,0,0,0,0,0,0,0,1,No,0,2,0,1,0,0,Country,Country,CARDINIA,METROPOLITAN SOUTH EAST REGION,C,C,Arterial Other,Arterial Other,Undivided,Undivided,Metro,-4230353.63995252,16199463.347952805
314,-38.08325654,145.4297243,1315,T20100031883,ABS to receive accident,Finished,06-08-2010,14.00.00,No,collision with some other object,Friday,OTHER ACCIDENTS-OFF STRAIGHT NOT INCLUDED IN DCAs 170-175,No,Day,No,Not at intersection,Other injury accident,80,No,236583,145.42972,-38.083259999999996,Non-Intersection,CARDINIA,METROPOLITAN SOUTH EAST REGION,2537701.9,2379697.735,1,1,0,0,1,0,1,0,0,0,1,0,0,0,0,0,0,0,0,0,No,0,1,0,0,0,0,Small Towns,"Small Towns,Country",CARDINIA,METROPOLITAN SOUTH EAST REGION,,,Local Road,Local Road,Undivided,Undivided,Metro,-4239408.725782406,16189162.855282165
315,-37.81260454,145.12497,1316,T20100031884,ABS to receive accident,Finished,10-08-2010,10.35.00,No,Collision with vehicle,Tuesday,CROSS TRAFFIC(INTERSECTIONS ONLY),No,Day,Yes,Cross intersection,Serious injury accident,60,No,39315,145.12497,-37.8126,Intersection,WHITEHORSE,METROPOLITAN SOUTH EAST REGION,2511003.719,2409816.321,4,2,0,2,0,2,1,3,0,1,3,0,0,0,0,0,0,0,1,1,No,0,3,0,2,0,0,Metropolitan Excluding CBD,Metropolitan Excluding CBD,WHITEHORSE,METROPOLITAN SOUTH EAST REGION,,,Arterial Other,"Arterial Other,Local Road",Undivided,Undivided,Metro,-4209279.8829602245,16155237.761789102
316,-37.83937865,144.8550699,1317,T20100031887,ABS to receive accident,Finished,10-08-2010,07.40.00,No,Collision with vehicle,Tuesday,LEFT NEAR (INTERSECTIONS ONLY),No,Day,No,Cross intersection,Other injury accident,50,No,39951,144.85506999999998,-37.83938,Intersection,HOBSONS BAY,METROPOLITAN NORTH WEST REGION,2487243.296,2406842.233,2,1,0,0,1,1,2,0,0,0,2,0,0,0,0,0,0,0,0,1,No,0,2,0,1,0,0,Metropolitan Excluding CBD,Metropolitan Excluding CBD,HOBSONS BAY,METROPOLITAN NORTH WEST REGION,,,Local Road,Local Road,Undivided,Undivided,Metro,-4212260.363251868,16125192.62009205
317,-37.9773838,145.219493,1318,T20100031889,ABS to receive accident,Finished,10-08-2010,10.56.00,No,Collision with vehicle,Tuesday,U TURN,No,Day,Yes,Not at intersection,Other injury accident,50,No,235757,145.21948999999998,-37.97738,Non-Intersection,DANDENONG,METROPOLITAN SOUTH EAST REGION,2519284.381,2391512.27,3,1,0,0,1,2,1,2,0,0,2,1,0,0,0,0,0,0,0,0,No,0,5,0,4,0,0,Metropolitan Excluding CBD,Metropolitan Excluding CBD,DANDENONG,METROPOLITAN SOUTH EAST REGION,,,Local Road,Local Road,Undivided,Undivided,Metro,-4227623.026276717,16165760.014017357
318,-37.82723724,145.0171801,1319,T20100031893,ABS to receive accident,Finished,10-08-2010,09.15.00,No,Collision with vehicle,Tuesday,LANE SIDE SWIPE (VEHICLES IN PARALLEL LANES),No,Day,No,T intersection,Other injury accident,60,No,37365,145.01718,-37.82724,Intersection,YARRA,METROPOLITAN NORTH WEST REGION,2501512.431,2408199.359,2,1,0,0,1,1,1,1,0,0,2,0,0,0,0,0,0,0,0,0,No,0,2,0,2,0,0,Metropolitan Excluding CBD,Metropolitan Excluding CBD,YARRA,METROPOLITAN NORTH WEST REGION,,,Arterial Other,Arterial Other,Undivided,Undivided,Metro,-4210908.787673156,16143238.645008445
319,-37.95145012,145.0476551,1320,T20100031897,ABS to receive accident,Finished,10-08-2010,09.07.00,No,Collision with vehicle,Tuesday,OTHER SAME DIRECTION-MANOUEVRES NOT INCLUDED IN DCAs 130-137,Not known,Day,Yes,T intersection,Other injury accident,80,No,42220,145.04766,-37.95145,Intersection,KINGSTON,METROPOLITAN SOUTH EAST REGION,2504188.366,2394411.952,4,1,0,0,1,3,2,1,0,1,3,0,0,0,0,0,0,0,0,0,No,0,3,1,2,0,0,Metropolitan Excluding CBD,Metropolitan Excluding CBD,KINGSTON,METROPOLITAN SOUTH EAST REGION,,,Arterial Highway,"Arterial Highway,Local Road",Undivided,Undivided,Metro,-4224736.102224721,16146631.10649037
320,-37.80981703,144.9707218,1321,T20100031898,ABS to receive accident,Finished,10-08-2010,08.50.00,No,No collision and no object struck,Tuesday,OUT OF CONTROL ON CARRIAGEWAY (ON STRAIGHT),No,Day,Yes,Not at intersection,Serious injury accident,50,No,35026,144.97072,-37.80982,Non-Intersection,MELBOURNE,METROPOLITAN NORTH WEST REGION,2497421.934,2410132.524,2,1,0,1,0,1,2,0,1,0,1,0,0,0,0,0,0,0,0,0,No,0,2,0,1,0,0,Metropolitan CBD Only,Metropolitan CBD Only,MELBOURNE,METROPOLITAN NORTH WEST REGION,,,Local Road,Local Road,Undivided,Undivided,Metro,-4208969.578766443,16138066.930709323