,Latitude,Longitude,OBJECTID,ACCIDENT_NO,ABS_CODE,ACCIDENT_STATUS,ACCIDENT_DATE,ACCIDENT_TIME,ALCOHOLTIME,ACCIDENT_TYPE,DAY_OF_WEEK,DCA_CODE,HIT_RUN_FLAG,LIGHT_CONDITION,POLICE_ATTEND,ROAD_GEOMETRY,SEVERITY,SPEED_ZONE,RUN_OFFROAD,NODE_ID,LONGITUDE,LATITUDE,NODE_TYPE,LGA_NAME,REGION_NAME,VICGRID_X,VICGRID_Y,TOTAL_PERSONS,INJ_OR_FATAL,FATALITY,SERIOUSINJURY,OTHERINJURY,NONINJURED,MALES,FEMALES,BICYCLIST,PASSENGER,DRIVER,PEDESTRIAN,PILLION,MOTORIST,UNKNOWN,PED_CYCLIST_5_12,PED_CYCLIST_13_18,OLD_PEDESTRIAN,OLD_DRIVER,YOUNG_DRIVER,ALCOHOL_RELATED,UNLICENCSED,NO_OF_VEHICLES,HEAVYVEHICLE,PASSENGERVEHICLE,MOTORCYCLE,PUBLICVEHICLE,DEG_URBAN_NAME,DEG_URBAN_ALL,LGA_NAME_ALL,REGION_NAME_ALL,SRNS,SRNS_ALL,RMA,RMA_ALL,DIVIDED,DIVIDED_ALL,STAT_DIV_NAME,x_mercator,y_mercator
321,-37.05433656,146.08820659999998,1322,T20100031899,ABS to receive accident,Finished,08-08-2010,14.00.00,No,Collision with vehicle,Sunday,VEHICLE COLLIDES WITH VEHICLE PARKED ON LEFT OF ROAD,No,Day,No,Not at intersection,Other injury accident,50,No,235759,146.08821,-37.05434,Non-Intersection,MANSFIELD,NORTH EASTERN REGION,2596777.37,2493417.6180000002,1,1,0,0,1,0,1,0,1,0,0,0,0,0,0,0,0,0,0,0,No,0,2,0,1,0,0,Other Towns,Other Towns,MANSFIELD,NORTH EASTERN REGION,,,Local Road,Local Road,Undivided,Undivided,Country,-4124869.8775417805,16262464.769614546
322,-37.99164663,145.15169419999998,1323,T20100031900,ABS to receive accident,Finished,10-08-2010,09.00.00,No,Collision with vehicle,Tuesday,REAR END(VEHICLES IN SAME LANE),No,Day,Yes,Not at intersection,Other injury accident,80,No,5435,145.15169,-37.99165,Non-Intersection,DANDENONG,METROPOLITAN SOUTH EAST REGION,2513325.148,2389940.772,3,2,0,0,2,1,2,1,0,0,3,0,0,0,0,0,0,0,0,0,No,0,3,0,3,0,0,Metropolitan Excluding CBD,Metropolitan Excluding CBD,DANDENONG,METROPOLITAN SOUTH EAST REGION,,,Arterial Highway,Arterial Highway,Undivided,Undivided,Metro,-4229210.757249588,16158212.686124958
323,-37.88350061,145.39532749999998,1324,T20100031903,ABS to receive accident,Finished,10-08-2010,10.00.00,No,Collision with a fixed object,Tuesday,LEFT OFF CARRIAGEWAY INTO OBJECT/PARKED VEHICLE,No,Day,Yes,Not at intersection,Other injury accident,60,Yes,236134,145.39533,-37.8835,Non-Intersection,YARRA RANGES,METROPOLITAN SOUTH EAST REGION,2534776.187,2401882.663,2,2,0,0,2,0,1,1,0,1,1,0,0,0,0,0,0,0,0,0,No,0,1,0,1,0,0,Metropolitan Excluding CBD,Metropolitan Excluding CBD,YARRA RANGES,METROPOLITAN SOUTH EAST REGION,,,Local Road,Local Road,Undivided,Undivided,Metro,-4217171.997371869,16185333.821021242
324,-37.78000354,145.53035659999998,1325,T20100031910,ABS to receive accident,Finished,10-08-2010,12.45.00,No,Collision with vehicle,Tuesday,RIGHT NEAR (INTERSECTIONS ONLY),No,Day,Yes,T intersection,Other injury accident,60,No,35309,145.53036,-37.78,Intersection,YARRA RANGES,METROPOLITAN SOUTH EAST REGION,2546718.317,2413311.679,2,1,0,0,1,1,1,1,0,0,2,0,0,0,0,0,0,0,0,0,No,0,2,0,2,0,0,Other Towns,Other Towns,YARRA RANGES,METROPOLITAN SOUTH EAST REGION,B,"B,C",Arterial Highway,"Arterial Highway,Arterial Other",Undivided,Undivided,Metro,-4205650.756240873,16200365.191675516
325,-35.796236,143.5138375,1326,T20100031913,ABS to receive accident,Finished,06-08-2010,14.15.00,No,Vehicle overturned (no collision),Friday,OFF CARRIAGEWAY TO LEFT,No,Day,No,Not at intersection,Other injury accident,100,Yes,235592,143.51384,-35.796240000000004,Non-Intersection,GANNAWARRA,NORTHERN REGION,2365654.6040000003,2632518.261,1,1,0,0,1,0,0,1,0,0,1,0,0,0,0,0,0,0,0,0,No,0,1,0,1,0,0,Country,Country,GANNAWARRA,NORTHERN REGION,,,Local Road,Local Road,Undivided,Undivided,Country,-3984818.763835848,15975887.312288608
326,-38.07550274,145.2214621,1327,T20100031919,ABS to receive accident,Finished,10-08-2010,11.03.00,No,Collision with vehicle,Tuesday,PULLING OUT (OVERTAKING),No,Day,Yes,Cross intersection,Serious injury accident,90,No,43851,145.22146,-38.0755,Intersection,DANDENONG,METROPOLITAN SOUTH EAST REGION,2519432.0519999997,2380620.902,2,2,0,1,1,0,0,2,0,0,2,0,0,0,0,0,0,0,0,1,No,0,2,0,2,0,0,Metropolitan Excluding CBD,Metropolitan Excluding CBD,"FRANKSTON,DANDENONG",METROPOLITAN SOUTH EAST REGION,,,Arterial Other,"Arterial Other,Local Road",Undivided,Undivided,Metro,-4238545.576714693,16165979.213226676
327,-37.94156184,145.8670757,1328,T20100031921,ABS to receive accident,Finished,08-08-2010,15.00.00,No,No collision and no object struck,Sunday,OUT OF CONTROL ON CARRIAGEWAY (ON STRAIGHT),No,Day,No,Not at intersection,Other injury accident,100,No,235367,145.86708000000002,-37.941559999999996,Non-Intersection,BAW BAW,EASTERN REGION,2576215.418,2395163.452,1,1,0,0,1,0,1,0,0,0,0,0,0,1,0,0,0,0,0,0,No,0,1,0,0,1,0,Country,Country,BAW BAW,"EASTERN REGION,EASTERN REGION",,,Local Road,Local Road,Undivided,Undivided,Country,-4223635.3439303,16237848.590427887
328,-36.02180223,146.058997,1329,T20100031930,ABS to receive accident,Finished,10-08-2010,13.55.00,No,Collision with a fixed object,Tuesday,LEFT OFF CARRIAGEWAY INTO OBJECT/PARKED VEHICLE,No,Day,Yes,Not at intersection,Other injury accident,100,Yes,239427,146.059,-36.0218,Non-Intersection,MOIRA,NORTH EASTERN REGION,2595454.194,2608007.035,2,1,0,0,1,1,1,1,0,1,1,0,0,0,0,0,0,0,0,0,No,0,1,0,1,0,0,Country,Country,MOIRA,NORTH EASTERN REGION,B,B,Arterial Highway,Arterial Highway,Undivided,Undivided,Country,-4009928.681699606,16259213.171816273
329,-37.85756901,145.00161719999997,1330,T20100031939,ABS to receive accident,Finished,10-08-2010,15.30.00,No,Collision with vehicle,Tuesday,REAR END(VEHICLES IN SAME LANE),No,Day,No,T intersection,Other injury accident,60,No,54325,145.00162,-37.85757,Intersection,STONNINGTON,METROPOLITAN SOUTH EAST REGION,2500142.3140000002,2404833.014,3,1,0,0,1,2,2,1,0,1,2,0,0,0,0,0,0,0,0,0,No,0,2,0,2,0,0,Metropolitan Excluding CBD,Metropolitan Excluding CBD,STONNINGTON,METROPOLITAN SOUTH EAST REGION,,,Arterial Other,"Arterial Other,Local Road",Undivided,Undivided,Metro,-4214285.304864414,16141506.190905174
330,-38.34145599,144.26708440000002,1331,T20100031945,ABS to receive accident,Finished,08-08-2010,11.00.00,No,Collision with a fixed object,,RIGHT OFF CARRIAGEWAY INTO OBJECT/PARKED VEHICLE,No,Day,No,Not at intersection,Other injury accident,100,Yes,285911,144.26708,-38.34146,Non-Intersection,SURF COAST,SOUTH WESTERN REGION,2435918.66,2350873.808,2,2,0,0,2,0,2,0,0,1,1,0,0,0,0,0,0,0,0,0,No,0,1,0,1,0,0,Country,Country,SURF COAST,SOUTH WESTERN REGION,,,Local Road,Local Road,Undivided,Undivided,Country,-4268151.357079509,16059738.373638224
331,-37.81753948,145.1192767,1332,T20100031952,ABS to receive accident,Finished,10-08-2010,16.00.00,No,Struck Pedestrian,Tuesday,FAR SIDE. PED HIT BY VEHICLE FROM THE LEFT,No,Day,Yes,Cross intersection,Serious injury accident,60,No,35465,145.11928,-37.81754,Intersection,WHITEHORSE,METROPOLITAN SOUTH EAST REGION,2510501.734,2409269.248,2,1,0,1,0,1,1,0,0,0,1,1,0,0,0,0,0,0,0,0,No,0,1,0,1,0,0,Metropolitan Excluding CBD,Metropolitan Excluding CBD,WHITEHORSE,METROPOLITAN SOUTH EAST REGION,,,Arterial Highway,"Arterial Highway,Local Road",Undivided,Undivided,Metro,-4209829.23796812,16154603.98653217
332,-37.75568111,144.96599530000003,1333,T20100031962,ABS to receive accident,Finished,10-08-2010,17.00.00,No,Collision with vehicle,Tuesday,CROSS TRAFFIC(INTERSECTIONS ONLY),No,Dusk/Dawn,Yes,Cross intersection,Other injury accident,60,No,35942,144.966,-37.75568,Intersection,MORELAND,METROPOLITAN NORTH WEST REGION,2497003.594,2416140.706,2,1,0,0,1,1,0,2,0,0,2,0,0,0,0,0,0,0,0,0,No,0,2,0,2,0,0,Metropolitan Excluding CBD,Metropolitan Excluding CBD,MORELAND,METROPOLITAN NORTH WEST REGION,,,Arterial Other,"Arterial Other,Local Road",Undivided,Undivided,Metro,-4202943.195718418,16137540.779136091
333,-37.89431056,145.4226065,1334,T20100031963,ABS to receive accident,Finished,09-08-2010,14.35.00,No,Collision with a fixed object,Monday,OFF RIGHT BEND INTO OBJECT/PARKED VEHICLE,No,Day,Yes,Not at intersection,Serious injury accident,60,Yes,235370,145.42261000000002,-37.89431,Non-Intersection,YARRA RANGES,METROPOLITAN SOUTH EAST REGION,2537170.522,2400672.56,1,1,0,1,0,0,1,0,0,0,0,0,0,1,0,0,0,0,0,0,No,0,1,0,0,1,0,Country,Country,YARRA RANGES,METROPOLITAN SOUTH EAST REGION,C,C,Arterial Other,Arterial Other,Undivided,Undivided,Metro,-4218375.35550137,16188370.505410595
334,-37.81804921,144.96209230000002,1335,T20100031965,ABS to receive accident,Finished,06-07-2010,06.45.00,No,Collision with vehicle,Tuesday,ENTERING PARKING,No,Dark Street lights on,No,Not at intersection,Other injury accident,60,No,235387,144.96209,-37.81805,Non-Intersection,MELBOURNE,METROPOLITAN NORTH WEST REGION,2496662.429,2409218.589,2,1,0,0,1,1,2,0,0,0,1,0,0,1,0,0,0,0,0,0,No,0,2,0,0,1,0,Metropolitan CBD Only,Metropolitan CBD Only,MELBOURNE,METROPOLITAN NORTH WEST REGION,,,Local Road,Local Road,Undivided,Undivided,Metro,-4209885.9808521615,16137106.299163528
335,-37.787614399999995,145.11074150000002,1336,T20100031968,ABS to receive accident,Finished,10-08-2010,16.30.00,No,Collision with vehicle,Tuesday,LEFT TURN SIDESWIPE,No,Day,Yes,T intersection,Other injury accident,70,No,64715,145.11074,-37.78761,Intersection,MANNINGHAM,METROPOLITAN SOUTH EAST REGION,2509754.12,2412591.441,2,1,0,0,1,1,2,0,1,0,1,0,0,0,0,0,0,0,0,1,No,0,2,0,1,0,0,Metropolitan Excluding CBD,Metropolitan Excluding CBD,MANNINGHAM,METROPOLITAN SOUTH EAST REGION,,,Arterial Other,"Arterial Other,Local Road",Undivided,Undivided,Metro,-4206497.993300571,16153653.852414353
336,-37.81845924,145.1759988,1337,T20100031970,ABS to receive accident,Finished,10-08-2010,17.05.00,No,Struck Pedestrian,Tuesday,FAR SIDE. PED HIT BY VEHICLE FROM THE LEFT,No,Dark Street lights on,Yes,Cross intersection,Other injury accident,70,No,504,145.17600000000002,-37.818459999999995,Intersection,WHITEHORSE,METROPOLITAN SOUTH EAST REGION,2515495.648,2409159.422,2,1,0,0,1,1,1,1,0,0,1,1,0,0,0,0,1,0,0,0,No,1,1,0,1,0,0,Metropolitan Excluding CBD,Metropolitan Excluding CBD,WHITEHORSE,METROPOLITAN SOUTH EAST REGION,,,Arterial Highway,Arterial Highway,Undivided,Undivided,Metro,-4209931.625182972,16160918.261820896
337,-37.93132159,145.1220111,1338,T20100031973,ABS to receive accident,Finished,10-08-2010,16.32.00,No,Collision with vehicle,Tuesday,LEFT TURN SIDESWIPE,No,Day,Yes,Not at intersection,Other injury accident,50,No,235593,145.12201000000002,-37.93132,Non-Intersection,KINGSTON,METROPOLITAN SOUTH EAST REGION,2510726.298,2396640.261,2,1,0,0,1,1,1,0,0,0,1,0,0,1,0,0,0,0,0,0,No,0,2,0,1,1,0,Metropolitan Excluding CBD,Metropolitan Excluding CBD,KINGSTON,METROPOLITAN SOUTH EAST REGION,,,Local Road,Local Road,Undivided,Undivided,Metro,-4222495.404514705,16154908.378547797
338,-36.39682085,145.3428352,1339,T20100031980,ABS to receive accident,Finished,10-08-2010,18.05.00,Yes,Collision with vehicle,Tuesday,HEAD ON (NOT OVERTAKING),No,Dark Street lights on,Yes,Not at intersection,Serious injury accident,70,No,235762,145.34284,-36.39682,Non-Intersection,SHEPPARTON,NORTH EASTERN REGION,2530752.655,2566871.715,4,4,0,4,0,0,2,2,0,1,3,0,0,0,0,0,0,0,0,1,No,0,3,0,3,0,0,Small Provincial Cities,Small Provincial Cities,SHEPPARTON,NORTH EASTERN REGION,A,A,Arterial Highway,Arterial Highway,Undivided,Undivided,Country,-4051675.563516002,16179490.404914677
339,-37.97146288,145.1374289,1340,T20100031981,ABS to receive accident,Finished,10-08-2010,18.10.00,Yes,Collision with vehicle,Tuesday,REAR END(VEHICLES IN SAME LANE),No,Dark Street lights unknown,Yes,Not at intersection,Other injury accident,100,No,235371,145.13743,-37.97146,Non-Intersection,DANDENONG,METROPOLITAN SOUTH EAST REGION,2512075.2909999997,2392182.978,2,1,0,0,1,1,1,1,0,0,2,0,0,0,0,0,0,0,0,1,No,0,2,0,2,0,0,Metropolitan Excluding CBD,Metropolitan Excluding CBD,DANDENONG,METROPOLITAN SOUTH EAST REGION,,,Arterial Other,Arterial Other,Undivided,Undivided,Metro,-4226963.912477289,16156624.680192947
340,-37.81013295,144.94998710000002,1341,T20100031982,ABS to receive accident,Finished,15-07-2010,08.40.00,No,Collision with vehicle,Thursday,VEHICLE STRIKES DOOR OF PARKED/STATIONARY VEHICLE,No,Day,No,Cross intersection,Other injury accident,60,No,29413,144.94998999999999,-37.81013,Intersection,MELBOURNE,METROPOLITAN NORTH WEST REGION,2495596.173,2410096.701,4,1,0,0,1,3,2,2,0,1,2,0,0,1,0,0,0,0,0,0,No,0,3,0,2,1,0,Metropolitan Excluding CBD,Metropolitan Excluding CBD,MELBOURNE,METROPOLITAN NORTH WEST REGION,,,Arterial Other,Arterial Other,Undivided,Undivided,Metro,-4209004.746819976,16135758.754463574
341,-37.85855212,144.8948107,1342,T20100031985,ABS to receive accident,Finished,10-08-2010,18.30.00,Yes,Struck Pedestrian,Tuesday,PED NEAR SIDE. PED HIT BY VEHICLE FROM THE RIGHT.,No,Dark Street lights on,Yes,Not at intersection,Serious injury accident,60,No,237254,144.89481,-37.85855,Non-Intersection,HOBSONS BAY,METROPOLITAN NORTH WEST REGION,2490743.62,2404718.787,2,1,0,1,0,1,1,1,0,0,1,1,0,0,0,0,0,1,0,0,No,0,1,0,1,0,0,Metropolitan Excluding CBD,Metropolitan Excluding CBD,HOBSONS BAY,METROPOLITAN NORTH WEST REGION,,,Local Road,Local Road,Undivided,Undivided,Metro,-4214394.744169007,16129616.545711765
342,-36.01366991,144.9588771,1343,T20100031997,ABS to receive accident,Finished,10-08-2010,17.00.00,No,Collision with a fixed object,Tuesday,OFF RIGHT BEND INTO OBJECT/PARKED VEHICLE,No,Day,Yes,Not at intersection,Serious injury accident,100,Yes,238695,144.95888,-36.01367,Non-Intersection,MOIRA,NORTH EASTERN REGION,2496292.866,2609439.504,2,2,0,2,0,0,1,1,0,1,1,0,0,0,0,0,0,0,0,0,Yes,0,1,0,1,0,0,Country,Country,MOIRA,NORTH EASTERN REGION,,,Local Road,Local Road,Undivided,Undivided,Country,-4009023.395978238,16136748.384736724
343,-36.78400709,145.09873230000002,1344,T20100031999,ABS to receive accident,Finished,10-08-2010,20.10.00,Yes,Collision with a fixed object,Tuesday,LEFT OFF CARRIAGEWAY INTO OBJECT/PARKED VEHICLE,No,Dark No street lights,Yes,Not at intersection,Other injury accident,100,Yes,235763,145.09873000000002,-36.784009999999995,Non-Intersection,STRATHBOGIE,NORTH EASTERN REGION,2508811.846,2523961.801,2,2,0,0,2,0,1,1,0,1,1,0,0,0,0,0,0,0,0,0,No,0,1,0,1,0,0,Country,Country,STRATHBOGIE,NORTH EASTERN REGION,C,C,Arterial Other,Arterial Other,Undivided,Undivided,Country,-4094776.9385949653,16152316.994385518
344,-37.42872017,141.2526094,1345,T20100032006,ABS to receive accident,Finished,10-08-2010,11.00.00,No,Collision with a fixed object,Tuesday,OFF RIGHT BEND INTO OBJECT/PARKED VEHICLE,No,Day,No,T intersection,Other injury accident,100,Yes,235764,141.25261,-37.42872,Intersection,GLENELG,WESTERN REGION,2168447.365,2445900.351,1,1,0,0,1,0,0,1,0,0,1,0,0,0,0,0,0,0,0,0,No,0,1,0,1,0,0,Country,Country,"WEST WIMMERA,GLENELG","SOUTH WESTERN REGION,WESTERN REGION",C,C,Arterial Other,"Arterial Other,Local Road",Undivided,Undivided,Country,-4166546.0703683277,15724168.551629169
345,-37.77148185,144.7561359,1346,T20100032010,ABS to receive accident,Finished,10-08-2010,22.15.00,Yes,Collision with a fixed object,Tuesday,RIGHT OFF CARRIAGEWAY INTO OBJECT/PARKED VEHICLE,No,Dark Street lights on,Yes,T intersection,Other injury accident,50,Yes,30034,144.75614,-37.77148,Intersection,BRIMBANK,METROPOLITAN NORTH WEST REGION,2478515.87,2414360.079,2,1,0,0,1,1,1,1,0,1,1,0,0,0,0,0,0,0,0,0,No,0,1,0,1,0,0,Metropolitan Excluding CBD,"Metropolitan Excluding CBD,Country","MELTON,BRIMBANK",METROPOLITAN NORTH WEST REGION,,,Local Road,Local Road,Undivided,Undivided,Metro,-4204702.126049375,16114179.33758991
346,-37.66858047,145.0713017,1347,T20100032012,ABS to receive accident,Finished,11-08-2010,00.20.00,Yes,No collision and no object struck,Wednesday,OFF CARRIAGEWAY TO LEFT,No,Dark Street lights on,Yes,Not at intersection,Other injury accident,80,Yes,228945,145.0713,-37.66858,Non-Intersection,WHITTLESEA,METROPOLITAN NORTH WEST REGION,2506290.153,2425805.5519999997,2,1,0,0,1,1,1,1,0,1,1,0,0,0,0,0,0,0,0,0,No,0,1,0,1,0,0,Metropolitan Excluding CBD,Metropolitan Excluding CBD,WHITTLESEA,METROPOLITAN NORTH WEST REGION,C,C,Arterial Other,Arterial Other,Undivided,Undivided,Metro,-4193247.1968258503,16149263.433961362
347,-37.93536118,145.19299080000002,1348,T20100032014,ABS to receive accident,Finished,04-08-2010,16.40.00,No,Collision with vehicle,Wednesday,REAR END(VEHICLES IN SAME LANE),No,Day,Yes,Not at intersection,Serious injury accident,70,No,235372,145.19298999999998,-37.935359999999996,Non-Intersection,MONASH,METROPOLITAN SOUTH EAST REGION,2516965.39,2396181.5719999997,2,1,0,1,0,1,2,0,0,0,2,0,0,0,0,0,0,0,0,1,No,0,2,0,1,0,1,Metropolitan Excluding CBD,Metropolitan Excluding CBD,MONASH,METROPOLITAN SOUTH EAST REGION,,,Arterial Other,Arterial Other,Undivided,Undivided,Metro,-4222945.089616518,16162809.802608456
348,-35.2370033,143.4813623,1349,T20100032018,ABS to receive accident,Finished,11-08-2010,06.50.00,No,Collision with vehicle,Wednesday,RIGHT NEAR (INTERSECTIONS ONLY),No,Dusk/Dawn,Yes,T intersection,Other injury accident,100,No,235421,143.48136,-35.236999999999995,Intersection,SWAN HILL,NORTHERN REGION,2361729.26,2694522.4080000003,2,1,0,0,1,1,1,1,0,0,2,0,0,0,0,0,0,0,0,1,No,0,2,0,2,0,0,Country,Country,SWAN HILL,NORTHERN REGION,B,B,Arterial Highway,"Arterial Highway,Local Road",Undivided,Undivided,Country,-3922565.2644369,15972272.189561198
349,-38.38708359,142.576742,1350,T20100032019,ABS to receive accident,Finished,11-08-2010,06.20.00,No,Collision with a fixed object,Wednesday,RIGHT OFF CARRIAGEWAY INTO OBJECT/PARKED VEHICLE,No,Dark No street lights,Yes,Not at intersection,Other injury accident,100,Yes,239264,142.57674,-38.38708,Non-Intersection,MOYNE,SOUTH WESTERN REGION,2288275.905,2343360.199,2,1,0,0,1,1,1,1,0,0,2,0,0,0,0,0,0,0,0,1,No,0,2,1,1,0,0,Country,Country,MOYNE,SOUTH WESTERN REGION,A,A,Arterial Highway,Arterial Highway,Undivided,Undivided,Country,-4273230.598277628,15871570.31840394
350,-37.6771277,145.0505118,1351,T20100032029,ABS to receive accident,Finished,11-08-2010,07.50.00,No,No collision and no object struck,Wednesday,OUT OF CONTROL ON CARRIAGEWAY (ON STRAIGHT),No,Day,Yes,Not at intersection,Other injury accident,70,No,253634,145.05051,-37.67713,Non-Intersection,WHITTLESEA,METROPOLITAN NORTH WEST REGION,2504455.585,2424858.144,1,1,0,0,1,0,1,0,0,0,0,0,0,1,0,0,0,0,0,0,No,0,1,0,0,1,0,Metropolitan Excluding CBD,Metropolitan Excluding CBD,WHITTLESEA,METROPOLITAN NORTH WEST REGION,,,Local Road,Local Road,Undivided,Undivided,Metro,-4194198.6701171426,16146949.11287972
351,-38.2309416,145.0933782,1352,T20100032033,ABS to receive accident,Finished,11-08-2010,08.00.00,No,Collision with vehicle,Tuesday,REAR END(VEHICLES IN SAME LANE),No,Day,Yes,Cross intersection,Other injury accident,80,No,277173,145.09338,-38.230940000000004,Intersection,MORNINGTON PENINSULA,METROPOLITAN SOUTH EAST REGION,2508176.488,2363385.005,2,1,0,0,1,1,2,0,0,0,2,0,0,0,0,0,0,0,0,1,No,0,2,0,2,0,0,Country,Country,MORNINGTON PENINSULA,METROPOLITAN SOUTH EAST REGION,C,C,Arterial Highway,"Arterial Highway,Local Road",Undivided,Undivided,Metro,-4255848.95145938,16151720.97869986
352,-37.80575168,144.977207,1353,T20100032038,ABS to receive accident,Finished,09-08-2010,12.40.00,No,Struck Pedestrian,Monday,VEH STRIKES PED ON FOOTPATH/MEDIAN/TRAFFIC ISLAND.,Yes,Day,Yes,Cross intersection,Other injury accident,40,No,36469,144.97721,-37.80575,Intersection,YARRA,METROPOLITAN NORTH WEST REGION,2497992.87,2410583.881,3,1,0,0,1,2,2,1,0,1,1,1,0,0,0,0,0,0,0,0,No,0,1,0,1,0,0,Metropolitan Excluding CBD,Metropolitan Excluding CBD,YARRA,METROPOLITAN NORTH WEST REGION,,,Local Road,Local Road,Undivided,Undivided,Metro,-4208517.026074547,16138788.859871015
353,-37.80906372,145.0303386,1354,T20100032040,ABS to receive accident,Finished,11-08-2010,07.30.00,No,Collision with vehicle,Wednesday,U TURN,No,Day,Yes,T intersection,Other injury accident,50,No,65675,145.03034,-37.809059999999995,Intersection,BOROONDARA,METROPOLITAN SOUTH EAST REGION,2502671.466,2410216.103,2,1,0,0,1,1,1,1,1,0,1,0,0,0,0,0,0,0,0,1,No,0,2,0,1,0,0,Metropolitan Excluding CBD,Metropolitan Excluding CBD,BOROONDARA,METROPOLITAN SOUTH EAST REGION,,,Local Road,Local Road,Undivided,Undivided,Metro,-4208885.720680834,16144703.442528047
354,-37.69099404,144.9209658,1355,T20100032043,ABS to receive accident,Finished,01-08-2010,17.30.00,Yes,Collision with vehicle,Sunday,VEHICLE STRIKES DOOR OF PARKED/STATIONARY VEHICLE,No,Dusk/Dawn,No,T intersection,Other injury accident,50,No,61776,144.92096999999998,-37.69099,Intersection,HUME,METROPOLITAN NORTH WEST REGION,2493029.759,2423317.526,3,1,0,0,1,2,3,0,0,1,2,0,0,0,0,0,0,0,0,1,No,0,2,0,2,0,0,Metropolitan Excluding CBD,Metropolitan Excluding CBD,HUME,METROPOLITAN NORTH WEST REGION,,,Local Road,Local Road,Undivided,Undivided,Metro,-4195742.264025109,16132528.118125414
355,-38.15633872,145.1706756,1356,T20100032047,ABS to receive accident,Finished,11-08-2010,10.20.00,No,Collision with vehicle,Wednesday,REAR END(VEHICLES IN SAME LANE),No,Day,No,Cross intersection,Other injury accident,70,No,29740,145.17068,-38.15634,Intersection,FRANKSTON,METROPOLITAN SOUTH EAST REGION,2514959.739,2371657.0719999997,2,1,0,0,1,1,0,2,0,0,2,0,0,0,0,0,0,0,0,1,No,0,2,0,2,0,0,Metropolitan Excluding CBD,Metropolitan Excluding CBD,FRANKSTON,METROPOLITAN SOUTH EAST REGION,,,Arterial Other,"Arterial Other,Local Road",Undivided,Undivided,Metro,-4247544.196846068,16160325.685907505
356,-37.83484046,144.9965556,1357,T20100032049,ABS to receive accident,Finished,10-08-2010,21.55.00,Yes,Collision with vehicle,Tuesday,RIGHT THROUGH,No,Dark Street lights on,Yes,Cross intersection,Serious injury accident,Not known,No,35414,144.99656000000002,-37.83484,Intersection,STONNINGTON,METROPOLITAN SOUTH EAST REGION,2499696.81,2407355.624,4,2,0,1,1,2,2,2,0,2,2,0,0,0,0,0,0,0,0,0,No,0,2,0,2,0,0,Metropolitan Excluding CBD,Metropolitan Excluding CBD,STONNINGTON,METROPOLITAN SOUTH EAST REGION,,,Arterial Other,Arterial Other,Undivided,Undivided,Metro,-4211755.174251945,16140942.736170579
357,-38.25623064,141.92434440000002,1358,T20100032057,ABS to receive accident,Finished,11-08-2010,11.30.00,No,No collision and no object struck,Wednesday,OFF CARRIAGEWAY TO RIGHT,No,Unk.,No,Not at intersection,Other injury accident,100,Yes,235668,141.92434,-38.25623,Non-Intersection,MOYNE,SOUTH WESTERN REGION,2230823.335,2356233.107,1,1,0,0,1,0,1,0,0,0,1,0,0,0,0,0,0,0,0,1,No,0,1,0,1,0,0,Country,Country,MOYNE,SOUTH WESTERN REGION,A,A,Arterial Highway,Arterial Highway,Undivided,Undivided,Country,-4258664.1145148305,15798945.749777189
358,-37.85633792,145.18040109999998,1359,T20100032061,ABS to receive accident,Finished,11-08-2010,07.50.00,No,Collision with vehicle,Wednesday,REAR END(VEHICLES IN SAME LANE),No,Day,Yes,Not at intersection,Serious injury accident,80,No,239454,145.1804,-37.85634,Non-Intersection,WHITEHORSE,METROPOLITAN SOUTH EAST REGION,2515875.279,2404954.6119999997,7,1,0,1,0,6,4,3,0,2,5,0,0,0,0,0,0,0,0,0,No,0,5,0,5,0,0,Metropolitan Excluding CBD,Metropolitan Excluding CBD,WHITEHORSE,METROPOLITAN SOUTH EAST REGION,,,Arterial Highway,Arterial Highway,Undivided,Undivided,Metro,-4214148.260552493,16161408.323615212
359,-37.813044299999994,145.02279240000001,1360,T20100032064,ABS to receive accident,Finished,11-08-2010,09.09.00,No,Collision with vehicle,Wednesday,VEHICLE OFF FOOTPATH STRIKES VEH ON CARRIAGEWAY,No,Day,Yes,Not at intersection,Serious injury accident,60,No,235394,145.02279,-37.81304,Non-Intersection,BOROONDARA,METROPOLITAN SOUTH EAST REGION,2502006.881,2409774.495,2,1,0,1,0,1,1,1,1,0,1,0,0,0,0,0,0,0,0,0,No,0,2,0,1,0,0,Metropolitan Excluding CBD,Metropolitan Excluding CBD,BOROONDARA,METROPOLITAN SOUTH EAST REGION,,,Arterial Other,Arterial Other,Undivided,Undivided,Metro,-4209328.836819495,16143863.403386626
360,-36.73570273,144.2668847,1361,T20100032065,ABS to receive accident,Finished,11-08-2010,11.30.00,No,Collision with vehicle,Wednesday,RIGHT THROUGH,No,Day,Yes,Cross intersection,Other injury accident,60,No,19417,144.26688000000001,-36.7357,Intersection,BENDIGO,NORTHERN REGION,2434528.895,2529074.001,2,2,0,0,2,0,0,2,0,0,2,0,0,0,0,0,0,0,0,0,No,0,2,0,2,0,0,Large Provincial Cities,Large Provincial Cities,BENDIGO,NORTHERN REGION,C,C,Arterial Other,Arterial Other,Undivided,Undivided,Country,-4089399.72183667,16059716.143135909