,Latitude,Longitude,OBJECTID,ACCIDENT_NO,ABS_CODE,ACCIDENT_STATUS,ACCIDENT_DATE,ACCIDENT_TIME,ALCOHOLTIME,ACCIDENT_TYPE,DAY_OF_WEEK,DCA_CODE,HIT_RUN_FLAG,LIGHT_CONDITION,POLICE_ATTEND,ROAD_GEOMETRY,SEVERITY,SPEED_ZONE,RUN_OFFROAD,NODE_ID,LONGITUDE,LATITUDE,NODE_TYPE,LGA_NAME,REGION_NAME,VICGRID_X,VICGRID_Y,TOTAL_PERSONS,INJ_OR_FATAL,FATALITY,SERIOUSINJURY,OTHERINJURY,NONINJURED,MALES,FEMALES,BICYCLIST,PASSENGER,DRIVER,PEDESTRIAN,PILLION,MOTORIST,UNKNOWN,PED_CYCLIST_5_12,PED_CYCLIST_13_18,OLD_PEDESTRIAN,OLD_DRIVER,YOUNG_DRIVER,ALCOHOL_RELATED,UNLICENCSED,NO_OF_VEHICLES,HEAVYVEHICLE,PASSENGERVEHICLE,MOTORCYCLE,PUBLICVEHICLE,DEG_URBAN_NAME,DEG_URBAN_ALL,LGA_NAME_ALL,REGION_NAME_ALL,SRNS,SRNS_ALL,RMA,RMA_ALL,DIVIDED,DIVIDED_ALL,STAT_DIV_NAME,x_mercator,y_mercator
361,-37.90636903,145.0087259,1362,T20100032068,ABS to receive accident,Finished,10-08-2010,11.08.00,No,Collision with vehicle,Tuesday,REAR END(VEHICLES IN SAME LANE),No,Day,Yes,Cross intersection,Other injury accident,80,No,226245,145.00873,-37.90637,Intersection,BAYSIDE,METROPOLITAN SOUTH EAST REGION,2500767.374,2399416.642,3,1,0,0,1,2,1,2,0,1,2,0,0,0,0,0,0,0,0,0,No,0,2,0,2,0,0,Metropolitan Excluding CBD,Metropolitan Excluding CBD,BAYSIDE,METROPOLITAN SOUTH EAST REGION,,,Arterial Highway,"Arterial Highway,Local Road",Undivided,Undivided,Metro,-4219717.698241515,16142297.527769383
362,-38.15556911,144.3654123,1363,T20100032078,ABS to receive accident,Finished,11-08-2010,12.40.00,No,Collision with a fixed object,Wednesday,RIGHT OFF CARRIAGEWAY INTO OBJECT/PARKED VEHICLE,No,Day,Yes,Cross intersection,Other injury accident,60,Yes,50001,144.36541,-38.155570000000004,Intersection,GEELONG,SOUTH WESTERN REGION,2444378.12,2371570.529,1,1,0,0,1,0,0,1,0,0,1,0,0,0,0,0,0,0,0,0,No,0,1,0,1,0,0,Large Provincial Cities,Large Provincial Cities,GEELONG,SOUTH WESTERN REGION,B,B,Arterial Highway,"Arterial Highway,Local Road",Undivided,Undivided,Country,-4247458.524252758,16070684.185396992
363,-38.48235302,142.96591469999998,1364,T20100032082,ABS to receive accident,Finished,10-08-2010,16.30.00,No,Collision with a fixed object,Tuesday,OFF LEFT BEND INTO OBJECT/PARKED VEHICLE,No,Day,Yes,Not at intersection,Other injury accident,60,Yes,235826,142.96591,-38.48235,Non-Intersection,CORANGAMITE,SOUTH WESTERN REGION,2322498.884,2333581.576,1,1,0,0,1,0,0,1,0,0,1,0,0,0,0,0,0,0,0,0,No,0,1,0,1,0,0,Small Towns,Small Towns,CORANGAMITE,SOUTH WESTERN REGION,C,C,Arterial Other,Arterial Other,Undivided,Undivided,Country,-4283835.942713393,15914892.825198583
364,-37.78846679,144.9410024,1365,T20100032085,ABS to receive accident,Finished,11-08-2010,12.30.00,No,Collision with vehicle,Wednesday,RIGHT THROUGH,Yes,Day,Yes,Multiple intersection,Other injury accident,60,No,35722,144.941,-37.788470000000004,Intersection,MELBOURNE,METROPOLITAN NORTH WEST REGION,2494803.549,2412500.901,6,2,0,0,2,4,4,2,0,4,2,0,0,0,0,0,0,0,0,2,No,0,2,0,2,0,0,Metropolitan Excluding CBD,Metropolitan Excluding CBD,MELBOURNE,METROPOLITAN NORTH WEST REGION,,,Freeway,"Freeway,Local Road,Arterial Other",Undivided,Undivided,Metro,-4206592.880921329,16134758.582234642
365,-37.83159415,144.9697779,1366,T20100032088,ABS to receive accident,Finished,11-08-2010,10.40.00,No,Collision with a fixed object,Wednesday,RIGHT OFF CARRIAGEWAY INTO OBJECT/PARKED VEHICLE,No,Day,Yes,T intersection,Other injury accident,60,Yes,56731,144.96978000000001,-37.831590000000006,Intersection,PORT PHILLIP,METROPOLITAN NORTH WEST REGION,2497339.589,2407715.509,2,2,0,0,2,0,1,1,0,1,1,0,0,0,0,0,0,0,0,1,No,0,1,0,1,0,0,Metropolitan Excluding CBD,Metropolitan Excluding CBD,PORT PHILLIP,METROPOLITAN NORTH WEST REGION,,,Local Road,Local Road,Undivided,Undivided,Metro,-4211393.796675787,16137961.856241964
366,-36.82967771,145.4034011,1367,T20100032090,ABS to receive accident,Finished,11-08-2010,13.00.00,No,Collision with vehicle,Wednesday,OTHER SAME DIRECTION-MANOUEVRES NOT INCLUDED IN DCAs 130-137,No,Day,Yes,Not at intersection,Other injury accident,110,No,235827,145.4034,-36.829679999999996,Non-Intersection,STRATHBOGIE,NORTH EASTERN REGION,2535981.932,2518822.622,4,3,0,0,3,1,2,2,0,2,2,0,0,0,0,0,0,0,0,0,No,0,2,0,2,0,0,Country,Country,STRATHBOGIE,NORTH EASTERN REGION,M,M,Freeway,Freeway,Undivided,Undivided,Country,-4099860.9687575777,16186232.570062114
367,-36.8430438,145.90029280000002,1368,T20100032096,ABS to receive accident,Finished,11-08-2010,12.00.00,No,No collision and no object struck,Wednesday,OFF CARRIAGEWAY TO LEFT,No,Day,No,Not at intersection,Serious injury accident,Camping grounds or off road,Yes,235774,145.90028999999998,-36.84304,Non-Intersection,BENALLA,NORTH EASTERN REGION,2580287.919,2517036.141,1,1,0,1,0,0,1,0,0,0,0,0,0,1,0,0,0,0,0,0,No,0,1,0,0,1,0,Country,Country,BENALLA,NORTH EASTERN REGION,,,Local Road,Local Road,Undivided,Undivided,Country,-4101348.8750902745,16241546.30108552
368,-37.917982,145.1588095,1369,T20100032101,ABS to receive accident,Finished,11-08-2010,15.00.00,No,Struck Pedestrian,Wednesday,PED ON FOOTHPATH STRUCK BY VEHENTERING/LEAVING DRIVEWAY.,No,Day,Yes,Not at intersection,Other injury accident,80,No,235395,145.15881000000002,-37.91798,Non-Intersection,MONASH,METROPOLITAN SOUTH EAST REGION,2513963.808,2398116.0840000003,3,1,0,0,1,2,1,2,0,1,1,1,0,0,0,0,0,0,0,0,No,0,1,0,1,0,0,Metropolitan Excluding CBD,Metropolitan Excluding CBD,MONASH,METROPOLITAN SOUTH EAST REGION,,,Arterial Highway,Arterial Highway,Undivided,Undivided,Metro,-4221010.448148513,16159004.7576978
369,-37.91132066,145.3937493,1370,T20100032108,ABS to receive accident,Finished,11-08-2010,15.05.00,No,Collision with vehicle,Wednesday,REAR END(VEHICLES IN SAME LANE),No,Day,Yes,Not at intersection,Other injury accident,80,No,105972,145.39375,-37.91132,Non-Intersection,YARRA RANGES,METROPOLITAN SOUTH EAST REGION,2534624.582,2398795.483,2,2,0,0,2,0,1,1,1,0,1,0,0,0,0,0,0,0,0,0,No,0,2,0,1,0,0,Metropolitan Excluding CBD,Metropolitan Excluding CBD,YARRA RANGES,METROPOLITAN SOUTH EAST REGION,C,C,Arterial Other,Arterial Other,Undivided,Undivided,Metro,-4220268.911171713,16185158.136600874
370,-36.010148,145.43182480000002,1371,T20100032113,ABS to receive accident,Finished,11-08-2010,11.15.00,No,Collision with vehicle,Wednesday,REAR END(VEHICLES IN SAME LANE),No,Day,Yes,Not at intersection,Serious injury accident,100,No,243504,145.43182,-36.01015,Non-Intersection,MOIRA,NORTH EASTERN REGION,2538929.671,2609742.8,2,1,0,1,0,1,1,1,0,0,2,0,0,0,0,0,0,0,0,1,No,0,2,0,2,0,0,Country,Country,MOIRA,NORTH EASTERN REGION,A,A,Arterial Highway,Arterial Highway,Undivided,Undivided,Country,-4008631.3387504187,16189396.681872575
371,-38.25756153,144.5355816,1372,T20100032120,ABS to receive accident,Finished,06-08-2010,10.45.00,No,Collision with vehicle,Friday,CROSS TRAFFIC(INTERSECTIONS ONLY),No,Day,Yes,Cross intersection,Other injury accident,60,No,50277,144.53558,-38.25756,Intersection,GEELONG,SOUTH WESTERN REGION,2459348.625,2360334.77,2,1,0,0,1,1,0,2,1,0,1,0,0,0,0,0,0,0,0,0,No,0,2,0,1,0,0,Small Provincial Cities,Small Provincial Cities,GEELONG,SOUTH WESTERN REGION,C,C,Arterial Other,"Arterial Other,Local Road",Undivided,Undivided,Country,-4258812.268511931,16089627.345221642
372,-37.70102563,144.9393926,1373,T20100032121,ABS to receive accident,Finished,11-08-2010,15.30.00,No,Collision with vehicle,Wednesday,CROSS TRAFFIC(INTERSECTIONS ONLY),No,Day,Yes,Cross intersection,Other injury accident,50,No,61999,144.93939,-37.701029999999996,Intersection,MORELAND,METROPOLITAN NORTH WEST REGION,2494655.578,2422205.392,3,1,0,0,1,2,2,1,0,1,2,0,0,0,0,0,0,0,0,0,No,0,2,0,2,0,0,Metropolitan Excluding CBD,Metropolitan Excluding CBD,MORELAND,METROPOLITAN NORTH WEST REGION,,,Local Road,Local Road,Undivided,Undivided,Metro,-4196858.975515756,16134579.380118363
373,-36.36469365,145.5640998,1374,T20100032122,ABS to receive accident,Finished,10-08-2010,17.30.00,No,Collision with a fixed object,Tuesday,LEFT OFF CARRIAGEWAY INTO OBJECT/PARKED VEHICLE,No,Dusk/Dawn,Yes,Not at intersection,Other injury accident,100,Yes,235776,145.5641,-36.36469,Non-Intersection,SHEPPARTON,NORTH EASTERN REGION,2550621.245,2570341.809,1,1,0,0,1,0,0,1,0,0,1,0,0,0,0,0,0,0,0,0,No,0,1,0,1,0,0,Country,Country,SHEPPARTON,NORTH EASTERN REGION,C,C,Arterial Other,Arterial Other,Undivided,Undivided,Country,-4048099.179971389,16204121.467517257
374,-37.97483543,145.25821489999998,1375,T20100032129,ABS to receive accident,Finished,11-08-2010,15.58.00,No,Collision with vehicle,Wednesday,RIGHT THROUGH,No,Day,Yes,Cross intersection,Other injury accident,80,No,43152,145.25821000000002,-37.97484,Intersection,CASEY,METROPOLITAN SOUTH EAST REGION,2522687.201,2391786.59,3,2,0,0,2,1,1,2,0,1,2,0,0,0,0,0,0,0,0,0,No,0,2,0,2,0,0,Metropolitan Excluding CBD,Metropolitan Excluding CBD,CASEY,METROPOLITAN SOUTH EAST REGION,,,Arterial Other,"Arterial Other,Local Road",Undivided,Undivided,Metro,-4227339.343025964,16170070.516207902
375,-36.386129100000005,145.412207,1376,T20100032130,ABS to receive accident,Finished,11-08-2010,19.00.00,Yes,Collision with a fixed object,Wednesday,LEFT OFF CARRIAGEWAY INTO OBJECT/PARKED VEHICLE,No,Dark Street lights on,Yes,Not at intersection,Serious injury accident,60,Yes,235777,145.41221000000002,-36.38613,Non-Intersection,SHEPPARTON,NORTH EASTERN REGION,2536980.481,2568033.338,3,2,0,1,1,1,1,2,0,2,1,0,0,0,0,0,0,0,0,0,No,0,1,0,1,0,0,Small Provincial Cities,Small Provincial Cities,SHEPPARTON,NORTH EASTERN REGION,,,Local Road,Local Road,Undivided,Undivided,Country,-4050485.363350314,16187212.83836609
376,-37.32748248,144.67635869999998,1377,T20100032133,ABS to receive accident,Finished,10-08-2010,12.15.00,No,Vehicle overturned (no collision),Tuesday,OFF CARRIAGEWAY TO RIGHT,No,Day,Yes,Not at intersection,Other injury accident,100,Yes,235778,144.67636000000002,-37.32748,Non-Intersection,MACEDON RANGES,NORTHERN REGION,2471320.108,2463612.329,1,1,0,0,1,0,1,0,0,0,1,0,0,0,0,0,0,0,0,0,No,0,1,0,1,0,0,Country,Country,MACEDON RANGES,NORTHERN REGION,,,Local Road,Local Road,Undivided,Undivided,Country,-4155276.3422684404,16105298.580308994
377,-37.74574691,145.00957250000002,1378,T20100032135,ABS to receive accident,Finished,11-08-2010,15.50.00,No,Collision with vehicle,Wednesday,REAR END(VEHICLES IN SAME LANE),No,Day,Yes,Not at intersection,Other injury accident,70,No,235396,145.00957,-37.74575,Non-Intersection,DAREBIN,METROPOLITAN NORTH WEST REGION,2500843.613,2417243.74,8,1,0,0,1,7,1,5,0,3,5,0,0,0,0,0,0,0,0,2,No,0,5,0,5,0,0,Metropolitan Excluding CBD,Metropolitan Excluding CBD,DAREBIN,METROPOLITAN NORTH WEST REGION,,,Arterial Highway,Arterial Highway,Undivided,Undivided,Metro,-4201837.32563298,16142391.770850288
378,-37.93643981,145.0613376,1379,T20100032137,ABS to receive accident,Finished,11-08-2010,16.33.00,No,Collision with vehicle,Wednesday,RIGHT THROUGH,No,Day,Yes,Cross intersection,Other injury accident,60,No,42260,145.06134,-37.936440000000005,Intersection,GLEN EIRA,METROPOLITAN SOUTH EAST REGION,2505391.981,2396077.3109999998,3,2,0,0,2,1,2,1,0,1,2,0,0,0,0,0,0,0,0,1,No,0,2,0,2,0,0,Metropolitan Excluding CBD,Metropolitan Excluding CBD,"KINGSTON,GLEN EIRA",METROPOLITAN SOUTH EAST REGION,,,Arterial Other,"Arterial Other,Local Road",Undivided,Undivided,Metro,-4223065.162158873,16148154.235423151
379,-37.55174692,144.06947209999998,1380,T20100032139,ABS to receive accident,Finished,11-08-2010,17.50.00,No,Collision with a fixed object,Wednesday,LEFT OFF CARRIAGEWAY INTO OBJECT/PARKED VEHICLE,No,Dark No street lights,Yes,Not at intersection,Serious injury accident,110,Yes,238085,144.06947,-37.55175,Non-Intersection,MOORABOOL,WESTERN REGION,2417784.478,2438372.115,1,1,0,1,0,0,1,0,0,0,1,0,0,0,0,0,0,0,0,0,No,0,1,0,1,0,0,Country,Country,MOORABOOL,WESTERN REGION,M,M,Freeway,Freeway,Undivided,Undivided,Country,-4180241.3455322795,16037740.273027733
380,-37.99020677,145.2129384,1381,T20100032140,ABS to receive accident,Finished,11-08-2010,18.45.00,Yes,Struck Pedestrian,Wednesday,PED NEAR SIDE. PED HIT BY VEHICLE FROM THE RIGHT.,Yes,Dark Street lights on,Yes,Cross intersection,Serious injury accident,50,No,222023,145.21294,-37.99021,Intersection,DANDENONG,METROPOLITAN SOUTH EAST REGION,2518705.321,2390090.288,2,1,0,1,0,1,1,1,0,0,1,1,0,0,0,0,0,0,0,0,No,0,1,0,1,0,0,Metropolitan Excluding CBD,Metropolitan Excluding CBD,DANDENONG,METROPOLITAN SOUTH EAST REGION,,,Arterial Highway,"Arterial Highway,Local Road",Undivided,Undivided,Metro,-4229050.472767575,16165030.359283002
381,-37.7130229,144.7895625,1382,T20100032148,ABS to receive accident,Finished,11-08-2010,18.15.00,Yes,Struck Pedestrian,Wednesday,FAR SIDE. PED HIT BY VEHICLE FROM THE LEFT,Yes,Dark Street lights on,Yes,Not at intersection,Serious injury accident,60,No,235779,144.78956000000002,-37.71302,Non-Intersection,BRIMBANK,METROPOLITAN NORTH WEST REGION,2481446.363,2420855.1,2,1,0,1,0,1,0,1,0,0,1,1,0,0,0,0,1,0,0,0,No,0,1,0,1,0,0,Metropolitan Excluding CBD,Metropolitan Excluding CBD,BRIMBANK,METROPOLITAN NORTH WEST REGION,,,Local Road,Local Road,Undivided,Undivided,Metro,-4198194.505503065,16117900.369680857
382,-37.09247683,143.4647742,1383,T20100032156,ABS to receive accident,Finished,11-08-2010,19.09.00,Yes,collision with some other object,Wednesday,STRUCK OBJECT ON CARRIAGEWAY,No,Dark No street lights,Yes,Not at intersection,Other injury accident,100,No,235994,143.46477,-37.09248,Non-Intersection,PYRENEES,WESTERN REGION,2363539.103,2488638.2819999997,1,1,0,0,1,0,0,0,0,0,1,0,0,0,0,0,0,0,0,0,No,0,1,0,1,0,0,Small Towns,Small Towns,PYRENEES,WESTERN REGION,B,B,Arterial Highway,Arterial Highway,Undivided,Undivided,Country,-4129115.6329768985,15970425.610715972
383,-38.34133183,143.9981979,1384,T20100032157,ABS to receive accident,Finished,08-08-2010,10.00.00,Yes,No collision and no object struck,Sunday,OUT OF CONTROL ON CARRIAGEWAY (ON STRAIGHT),No,Day,No,Not at intersection,Other injury accident,Not known,No,235780,143.9982,-38.34133,Non-Intersection,SURF COAST,SOUTH WESTERN REGION,2412409.59,2350673.398,1,1,0,0,1,0,1,0,0,0,0,0,0,1,0,0,0,0,0,0,No,0,1,0,0,1,0,Country,Country,SURF COAST,SOUTH WESTERN REGION,,,Local Road,Local Road,Undivided,Undivided,Country,-4268137.535651532,16029806.065377036
384,-36.89500981,144.140301,1385,T20100032158,ABS to receive accident,Finished,11-08-2010,19.54.00,Yes,collision with some other object,Wednesday,STRUCK OBJECT ON CARRIAGEWAY,No,Dark No street lights,Yes,Not at intersection,Other injury accident,100,No,235781,144.1403,-36.89501,Non-Intersection,BENDIGO,NORTHERN REGION,2423384.202,2511303.761,1,1,0,0,1,0,0,1,0,0,1,0,0,0,0,0,0,0,0,0,No,0,1,0,1,0,0,Country,Country,BENDIGO,NORTHERN REGION,C,C,Arterial Other,Arterial Other,Undivided,Undivided,Country,-4107133.7048620326,16045624.91010918
385,-37.87690659,145.2249536,1386,T20100032163,ABS to receive accident,Finished,11-08-2010,21.05.00,Yes,Collision with vehicle,Wednesday,RIGHT THROUGH,No,Dark Street lights on,Yes,T intersection,Serious injury accident,80,No,41865,145.22495,-37.876909999999995,Intersection,KNOX,METROPOLITAN SOUTH EAST REGION,2519790.496,2402663.36,4,2,0,1,1,2,2,2,0,2,2,0,0,0,0,0,0,0,0,0,No,0,2,0,2,0,0,Metropolitan Excluding CBD,Metropolitan Excluding CBD,KNOX,METROPOLITAN SOUTH EAST REGION,,,Arterial Other,"Arterial Other,Local Road",Undivided,Undivided,Metro,-4216437.954423187,16166367.885228781
386,-37.98621376,145.2125127,1387,T20100032173,ABS to receive accident,Finished,11-08-2010,20.00.00,Yes,Struck Pedestrian,Wednesday,FAR SIDE. PED HIT BY VEHICLE FROM THE LEFT,Yes,Dark Street lights on,No,Cross intersection,Other injury accident,50,No,43051,145.21251,-37.98621,Intersection,DANDENONG,METROPOLITAN SOUTH EAST REGION,2518668.913,2390533.578,3,1,0,0,1,2,2,1,0,1,1,1,0,0,0,0,0,0,0,0,No,0,1,0,1,0,0,Metropolitan Excluding CBD,Metropolitan Excluding CBD,DANDENONG,METROPOLITAN SOUTH EAST REGION,,,Local Road,Local Road,Undivided,Undivided,Metro,-4228605.972927642,16164982.97057577
387,-37.66198101,145.0727017,1388,T20100032177,ABS to receive accident,Finished,11-08-2010,18.06.00,Yes,Collision with a fixed object,Wednesday,OFF LEFT BEND INTO OBJECT/PARKED VEHICLE,No,Dark Street lights on,Yes,Not at intersection,Serious injury accident,80,Yes,236018,145.0727,-37.66198,Non-Intersection,WHITTLESEA,METROPOLITAN NORTH WEST REGION,2506414.223,2426537.871,3,1,0,1,0,2,2,1,0,2,1,0,0,0,0,0,0,0,0,0,No,0,1,0,1,0,0,Metropolitan Excluding CBD,Metropolitan Excluding CBD,WHITTLESEA,METROPOLITAN NORTH WEST REGION,C,C,Arterial Other,Arterial Other,Undivided,Undivided,Metro,-4192512.5482991394,16149419.281248474
388,-36.37477807,145.44629540000003,1389,T20100032189,ABS to receive accident,Reopened,11-08-2010,23.05.00,Yes,Collision with a fixed object,Wednesday,LEFT OFF CARRIAGEWAY INTO OBJECT/PARKED VEHICLE,No,Dark Street lights on,Yes,Not at intersection,Other injury accident,50,Yes,236135,145.4463,-36.37478,Non-Intersection,SHEPPARTON,NORTH EASTERN REGION,2540044.547,2569278.997,2,1,0,0,1,1,1,0,0,0,2,0,0,0,0,0,0,0,0,1,No,1,2,0,2,0,0,Small Provincial Cities,Small Provincial Cities,SHEPPARTON,NORTH EASTERN REGION,,,Local Road,Local Road,Undivided,Undivided,Country,-4049221.772470734,16191007.541696051
389,-37.5727115,143.84527419999998,1390,T20100032190,ABS to receive accident,Finished,12-08-2010,02.35.00,Yes,Struck Pedestrian,Thursday,PED WALKING AGAINST TRAFFIC.,No,Dark Street lights on,Yes,Not at intersection,Serious injury accident,60,No,235995,143.84527,-37.57271,Non-Intersection,BALLARAT,WESTERN REGION,2398004.877,2435828.764,3,1,0,1,0,2,2,1,0,1,1,1,0,0,0,0,0,0,0,0,Yes,0,1,0,1,0,0,Large Provincial Cities,Large Provincial Cities,BALLARAT,WESTERN REGION,C,C,Arterial Other,Arterial Other,Undivided,Undivided,Country,-4182575.111902574,16012782.676962808
390,-38.38092591,145.1632985,1391,T20100032197,ABS to receive accident,Finished,12-08-2010,05.45.00,Yes,collision with some other object,Thursday,STRUCK OBJECT ON CARRIAGEWAY,No,Dark No street lights,Yes,Not at intersection,Other injury accident,90,No,236019,145.1633,-38.38093,Non-Intersection,MORNINGTON PENINSULA,METROPOLITAN SOUTH EAST REGION,2514270.3680000002,2346726.379,1,1,0,0,1,0,1,0,0,0,1,0,0,0,0,0,0,0,0,0,No,0,1,0,1,0,0,Country,Country,MORNINGTON PENINSULA,METROPOLITAN SOUTH EAST REGION,,,Local Road,Local Road,Undivided,Undivided,Metro,-4272545.128475561,16159504.470891973
391,-37.8521802,144.98135530000002,1392,T20100032200,ABS to receive accident,Finished,12-08-2010,07.12.00,No,collision with some other object,Thursday,STRUCK OBJECT ON CARRIAGEWAY,No,Dusk/Dawn,Yes,Not at intersection,Other injury accident,60,No,236015,144.98136,-37.85218,Non-Intersection,PORT PHILLIP,METROPOLITAN NORTH WEST REGION,2498359.179,2405430.954,2,1,0,0,1,1,2,0,0,0,2,0,0,0,0,0,0,0,0,0,No,0,3,1,2,0,0,Metropolitan Excluding CBD,Metropolitan Excluding CBD,PORT PHILLIP,METROPOLITAN NORTH WEST REGION,,,Arterial Other,Arterial Other,Undivided,Undivided,Metro,-4213685.425279233,16139250.646514677
392,-37.97279122,145.2391003,1393,T20100032201,ABS to receive accident,Finished,11-08-2010,22.35.00,Yes,Collision with vehicle,Wednesday,LEFT REAR,Yes,Dark Street lights on,Yes,Multiple intersection,Other injury accident,80,No,35721,145.2391,-37.97279,Non-Intersection,CASEY,METROPOLITAN SOUTH EAST REGION,2521008.335,2392017.873,2,1,0,0,1,1,0,1,0,0,2,0,0,0,0,0,0,0,0,0,No,0,2,0,2,0,0,Metropolitan Excluding CBD,Metropolitan Excluding CBD,CASEY,METROPOLITAN SOUTH EAST REGION,,,Arterial Other,Arterial Other,Undivided,Undivided,Metro,-4227111.78260969,16167942.688669186
393,-37.99768857,145.52758799999998,1394,T20100032203,ABS to receive accident,Finished,12-08-2010,05.05.00,Yes,collision with some other object,Thursday,STRUCK OBJECT ON CARRIAGEWAY,No,Dark No street lights,Yes,Not at intersection,Fatal accident,100,No,235301,145.52759,-37.997690000000006,Non-Intersection,CARDINIA,METROPOLITAN SOUTH EAST REGION,2546340.538,2389152.349,1,1,1,0,0,0,1,0,0,0,1,0,0,0,0,0,0,0,0,1,No,0,1,0,1,0,0,Country,Country,CARDINIA,METROPOLITAN SOUTH EAST REGION,C,C,Arterial Other,Arterial Other,Undivided,Undivided,Metro,-4229883.342933792,16200056.992533308
394,-37.86296311,145.0034105,1395,T20100032215,ABS to receive accident,Finished,12-08-2010,08.55.00,No,Collision with vehicle,Thursday,RIGHT/LEFT. ONE VEH TURNING RIGHT THE OTHER LEFT.,No,Day,Yes,Cross intersection,Other injury accident,60,No,40181,145.00341,-37.86296,Intersection,PORT PHILLIP,METROPOLITAN NORTH WEST REGION,2500300.1,2404234.3219999997,2,2,0,0,2,0,1,1,0,0,2,0,0,0,0,0,0,0,0,0,No,0,2,0,2,0,0,Metropolitan Excluding CBD,Metropolitan Excluding CBD,PORT PHILLIP,METROPOLITAN NORTH WEST REGION,,,Local Road,Local Road,Undivided,Undivided,Metro,-4214885.773329702,16141705.820148017
395,-37.82831952,144.9658926,1396,T20100032218,ABS to receive accident,Finished,12-08-2010,09.07.00,No,Collision with vehicle,Thursday,RIGHT THROUGH,No,Day,Yes,Cross intersection,Other injury accident,60,No,36949,144.96589,-37.82832,Intersection,MELBOURNE,METROPOLITAN NORTH WEST REGION,2496997.434,2408078.838,3,1,0,0,1,2,0,3,0,0,3,0,0,0,0,0,0,0,0,1,No,0,3,0,3,0,0,Metropolitan Excluding CBD,Metropolitan Excluding CBD,MELBOURNE,METROPOLITAN NORTH WEST REGION,,,Local Road,Local Road,Undivided,Undivided,Metro,-4211029.266531651,16137529.346624384
396,-37.78465728,144.97268799999998,1397,T20100032228,ABS to receive accident,Finished,12-08-2010,09.45.00,No,Collision with vehicle,Thursday,CROSS TRAFFIC(INTERSECTIONS ONLY),No,Day,Yes,Cross intersection,Other injury accident,50,No,36046,144.97269,-37.784659999999995,Intersection,YARRA,METROPOLITAN NORTH WEST REGION,2497594.264,2412924.9680000003,2,1,0,0,1,1,1,1,0,0,2,0,0,0,0,0,0,0,0,0,No,0,2,0,2,0,0,Metropolitan Excluding CBD,Metropolitan Excluding CBD,YARRA,METROPOLITAN NORTH WEST REGION,,,Local Road,Local Road,Undivided,Undivided,Metro,-4206168.808207957,16138285.807092119
397,-37.809927200000004,145.0607751,1398,T20100032229,ABS to receive accident,Finished,12-08-2010,10.30.00,No,Collision with vehicle,Thursday,VEHICLE STRIKES ANOTHER VEH WHILE EMERGING FROM DRIVEWAY,No,Day,Yes,Not at intersection,Other injury accident,Not known,No,201487,145.06078,-37.80993,Non-Intersection,BOROONDARA,METROPOLITAN SOUTH EAST REGION,2505351.4930000002,2410118.985,3,3,0,0,3,0,1,2,0,1,2,0,0,0,0,0,0,0,0,0,No,0,2,0,2,0,0,Metropolitan Excluding CBD,Metropolitan Excluding CBD,BOROONDARA,METROPOLITAN SOUTH EAST REGION,,,Arterial Other,Arterial Other,Undivided,Undivided,Metro,-4208981.842834745,16148091.618209576
398,-37.87691021,145.2195158,1399,T20100032241,ABS to receive accident,Finished,11-08-2010,07.55.00,No,Collision with vehicle,Wednesday,RIGHT NEAR (INTERSECTIONS ONLY),No,Day,No,T intersection,Serious injury accident,Not known,No,36552,145.21952,-37.876909999999995,Intersection,KNOX,METROPOLITAN SOUTH EAST REGION,2519312.101,2402664.075,2,1,0,1,0,1,2,0,1,0,1,0,0,0,0,0,0,0,0,1,No,1,2,0,1,0,0,Metropolitan Excluding CBD,Metropolitan Excluding CBD,KNOX,METROPOLITAN SOUTH EAST REGION,,,Arterial Other,"Arterial Other,Local Road",Undivided,Undivided,Metro,-4216438.357399744,16165762.552101748
399,-37.78142179,145.2561582,1400,T20100032242,ABS to receive accident,Finished,11-08-2010,18.45.00,Yes,Collision with vehicle,Wednesday,CROSS TRAFFIC(INTERSECTIONS ONLY),No,Dark Street lights on,No,Cross intersection,Other injury accident,60,No,56911,145.25616000000002,-37.781420000000004,Intersection,MAROONDAH,METROPOLITAN SOUTH EAST REGION,2522564.256,2413254.049,2,1,0,0,1,1,0,2,0,0,2,0,0,0,0,0,0,0,0,1,No,0,2,0,2,0,0,Metropolitan Excluding CBD,Metropolitan Excluding CBD,MAROONDAH,METROPOLITAN SOUTH EAST REGION,,,Arterial Other,"Arterial Other,Local Road",Undivided,Undivided,Metro,-4205808.635108691,16169841.565411188
400,-37.82999884,144.80835530000002,1401,T20100032248,ABS to receive accident,Finished,12-08-2010,07.10.00,No,Collision with vehicle,Thursday,RIGHT THROUGH,No,Day,Yes,T intersection,Other injury accident,60,No,38517,144.80836000000002,-37.83,Intersection,WYNDHAM,METROPOLITAN NORTH WEST REGION,2483129.399,2407876.01,2,2,0,0,2,0,1,1,0,0,2,0,0,0,0,0,0,0,0,1,No,0,2,0,2,0,0,Metropolitan Excluding CBD,Metropolitan Excluding CBD,WYNDHAM,METROPOLITAN NORTH WEST REGION,,,Arterial Other,"Arterial Other,Local Road",Undivided,Undivided,Metro,-4211216.20757893,16119992.37460744