,Latitude,Longitude,OBJECTID,ACCIDENT_NO,ABS_CODE,ACCIDENT_STATUS,ACCIDENT_DATE,ACCIDENT_TIME,ALCOHOLTIME,ACCIDENT_TYPE,DAY_OF_WEEK,DCA_CODE,HIT_RUN_FLAG,LIGHT_CONDITION,POLICE_ATTEND,ROAD_GEOMETRY,SEVERITY,SPEED_ZONE,RUN_OFFROAD,NODE_ID,LONGITUDE,LATITUDE,NODE_TYPE,LGA_NAME,REGION_NAME,VICGRID_X,VICGRID_Y,TOTAL_PERSONS,INJ_OR_FATAL,FATALITY,SERIOUSINJURY,OTHERINJURY,NONINJURED,MALES,FEMALES,BICYCLIST,PASSENGER,DRIVER,PEDESTRIAN,PILLION,MOTORIST,UNKNOWN,PED_CYCLIST_5_12,PED_CYCLIST_13_18,OLD_PEDESTRIAN,OLD_DRIVER,YOUNG_DRIVER,ALCOHOL_RELATED,UNLICENCSED,NO_OF_VEHICLES,HEAVYVEHICLE,PASSENGERVEHICLE,MOTORCYCLE,PUBLICVEHICLE,DEG_URBAN_NAME,DEG_URBAN_ALL,LGA_NAME_ALL,REGION_NAME_ALL,SRNS,SRNS_ALL,RMA,RMA_ALL,DIVIDED,DIVIDED_ALL,STAT_DIV_NAME,x_mercator,y_mercator
401,-36.01288808,146.0526782,1402,T20100032249,ABS to receive accident,Finished,12-08-2010,11.25.00,No,Collision with a fixed object,Thursday,OFF LEFT BEND INTO OBJECT/PARKED VEHICLE,No,Day,Yes,Not at intersection,Other injury accident,50,Yes,235783,146.05268,-36.012890000000006,Non-Intersection,MOIRA,NORTH EASTERN REGION,2594895.6,2609002.395,2,1,0,0,1,1,2,0,0,1,1,0,0,0,0,0,0,0,0,0,No,0,1,0,1,0,0,Other Towns,Other Towns,MOIRA,NORTH EASTERN REGION,,,Local Road,Local Road,Undivided,Undivided,Country,-4008936.363060752,16258509.766217846
402,-37.82568581,144.9979281,1403,T20100032256,ABS to receive accident,Finished,12-08-2010,13.00.00,No,Collision with vehicle,Thursday,RIGHT THROUGH,No,Day,No,Cross intersection,Serious injury accident,Not known,No,35383,144.99793,-37.82569,Intersection,YARRA,METROPOLITAN NORTH WEST REGION,2499817.596,2408371.683,2,1,0,1,0,1,1,1,1,0,1,0,0,0,0,0,0,0,0,0,No,0,2,0,1,0,0,Metropolitan Excluding CBD,Metropolitan Excluding CBD,YARRA,METROPOLITAN NORTH WEST REGION,,,Arterial Other,Arterial Other,Undivided,Undivided,Metro,-4210736.083275554,16141095.522171691
403,-37.82778974,144.9620639,1404,T20100032257,ABS to receive accident,Finished,12-08-2010,12.40.00,No,Collision with vehicle,Wednesday,REAR END(VEHICLES IN SAME LANE),No,Day,No,Cross intersection,Other injury accident,Not known,No,277206,144.96206,-37.82779,Non-Intersection,MELBOURNE,METROPOLITAN NORTH WEST REGION,2496660.366,2408137.51,3,1,0,0,1,2,2,0,0,0,3,0,0,0,0,0,0,0,0,0,No,0,3,0,3,0,0,Metropolitan Excluding CBD,Metropolitan Excluding CBD,MELBOURNE,METROPOLITAN NORTH WEST REGION,,,Arterial Highway,Arterial Highway,Undivided,Undivided,Metro,-4210970.291691818,16137103.137689985
404,-37.67536554,145.2022915,1405,T20100032273,ABS to receive accident,Finished,11-08-2010,14.05.00,No,Collision with a fixed object,Wednesday,OFF LEFT BEND INTO OBJECT/PARKED VEHICLE,No,Day,Yes,Not at intersection,Serious injury accident,80,Yes,235786,145.20228999999998,-37.67537,Non-Intersection,NILLUMBIK,METROPOLITAN NORTH WEST REGION,2517844.308,2425035.934,1,1,0,1,0,0,1,0,0,0,1,0,0,0,0,0,0,0,0,1,No,0,1,0,1,0,0,Country,Country,NILLUMBIK,METROPOLITAN NORTH WEST REGION,,,Arterial Other,Arterial Other,Undivided,Undivided,Metro,-4194002.5073632468,16163845.151796477
405,-37.91138451,144.9913114,1406,T20100032281,ABS to receive accident,Finished,12-08-2010,14.30.00,No,Struck Pedestrian,Thursday,PED STRUCK WALKING TO/FROM OR BOARDING/ALIGHTING VEHICLE.,No,Day,Yes,Not at intersection,Other injury accident,50,No,235788,144.99131,-37.91138,Non-Intersection,BAYSIDE,METROPOLITAN SOUTH EAST REGION,2499235.961,2398859.965,2,1,0,0,1,1,2,0,0,0,1,1,0,0,0,0,0,0,0,0,No,0,1,0,1,0,0,Metropolitan Excluding CBD,Metropolitan Excluding CBD,BAYSIDE,METROPOLITAN SOUTH EAST REGION,,,Local Road,Local Road,Undivided,Undivided,Metro,-4220276.018921199,16140358.954496961
406,-36.76162668,144.2938532,1407,T20100032292,ABS to receive accident,Finished,23-07-2010,08.30.00,No,Collision with vehicle,Friday,CROSS TRAFFIC(INTERSECTIONS ONLY),No,Day,No,Cross intersection,Other injury accident,50,No,51630,144.29385,-36.76163,Intersection,BENDIGO,NORTHERN REGION,2436958.617,2526215.837,2,1,0,0,1,1,1,0,1,0,1,0,0,0,0,0,0,0,0,0,No,0,2,0,1,0,0,Large Provincial Cities,Large Provincial Cities,BENDIGO,NORTHERN REGION,,,Local Road,Local Road,Undivided,Undivided,Country,-4092285.5627500196,16062718.262823367
407,-37.883206099999995,145.0484135,1408,T20100032293,ABS to receive accident,Finished,12-08-2010,08.50.00,No,Struck Pedestrian,Thursday,PED ON FOOTHPATH STRUCK BY VEHENTERING/LEAVING DRIVEWAY.,No,Day,Yes,Not at intersection,Other injury accident,60,No,235397,145.04841000000002,-37.88321,Non-Intersection,GLEN EIRA,METROPOLITAN SOUTH EAST REGION,2504258.87,2401986.473,3,1,0,0,1,2,1,2,0,1,1,1,0,0,0,0,0,1,0,0,No,0,1,0,1,0,0,Metropolitan Excluding CBD,Metropolitan Excluding CBD,GLEN EIRA,METROPOLITAN SOUTH EAST REGION,,,Arterial Other,Arterial Other,Undivided,Undivided,Metro,-4217139.212668634,16146715.53119219
408,-37.70671548,144.86602969999998,1409,T20100032296,ABS to receive accident,Finished,12-08-2010,12.46.00,No,Collision with vehicle,Thursday,RIGHT NEAR (INTERSECTIONS ONLY),No,Day,Yes,T intersection,Serious injury accident,70,No,36785,144.86603,-37.706720000000004,Intersection,BRIMBANK,METROPOLITAN NORTH WEST REGION,2488187.259,2421567.308,4,1,0,1,0,3,2,2,0,1,3,0,0,0,0,0,0,0,0,1,No,0,3,0,2,0,0,Metropolitan Excluding CBD,Metropolitan Excluding CBD,"HUME,BRIMBANK",METROPOLITAN NORTH WEST REGION,,,Arterial Other,"Arterial Other,Local Road",Undivided,Undivided,Metro,-4197492.366720446,16126412.659447243
409,-36.75956008,144.3174311,1410,T20100032303,ABS to receive accident,Finished,12-08-2010,15.20.00,No,Collision with vehicle,Thursday,CROSS TRAFFIC(INTERSECTIONS ONLY),No,Day,Yes,Cross intersection,Other injury accident,60,No,1254,144.31743,-36.75956,Intersection,BENDIGO,NORTHERN REGION,2439061.85,2526460.488,2,1,0,0,1,1,1,1,1,0,1,0,0,0,0,0,0,0,0,0,No,0,2,0,1,0,0,Large Provincial Cities,Large Provincial Cities,BENDIGO,NORTHERN REGION,B,"B,C",Arterial Highway,"Arterial Highway,Arterial Other",Undivided,Undivided,Country,-4092055.509890347,16065342.942645343
410,-38.14764595,144.3662351,1411,T20100032307,ABS to receive accident,Finished,12-08-2010,17.14.00,No,Struck Pedestrian,Thursday,ANY MANOEUVRE INVOLVING PED NOT INCLUDED IN DCAs 100-108.,No,Day,Yes,Cross intersection,Other injury accident,50,No,49937,144.36624,-38.14765,Intersection,GEELONG,SOUTH WESTERN REGION,2444444.385,2372450.499,2,1,0,0,1,1,1,1,0,0,1,1,0,0,0,0,0,0,0,0,No,0,1,0,1,0,0,Large Provincial Cities,Large Provincial Cities,GEELONG,SOUTH WESTERN REGION,,,Local Road,Local Road,Undivided,Undivided,Country,-4246576.522116085,16070775.77907402
411,-37.8065196,144.98432250000002,1412,T20100032309,ABS to receive accident,Finished,12-08-2010,08.45.00,No,Collision with vehicle,Thursday,LEFT TURN SIDESWIPE,No,Day,No,Cross intersection,Serious injury accident,Not known,No,36573,144.98432,-37.80652,Intersection,YARRA,METROPOLITAN NORTH WEST REGION,2498619.469,2410498.779,2,1,0,1,0,1,2,0,1,0,1,0,0,0,0,0,0,0,0,0,No,0,2,0,1,0,0,Metropolitan Excluding CBD,Metropolitan Excluding CBD,YARRA,METROPOLITAN NORTH WEST REGION,,,Local Road,Local Road,Undivided,Undivided,Metro,-4208602.510537917,16139580.953707758
412,-37.583497200000004,144.7551169,1413,T20100032314,ABS to receive accident,Finished,07-08-2010,16.00.00,Yes,No collision and no object struck,Saturday,OFF CARRIAGEWAY TO RIGHT,No,Day,No,Not at intersection,Serious injury accident,50,Yes,237634,144.75512,-37.5835,Non-Intersection,HUME,METROPOLITAN NORTH WEST REGION,2478372.43,2435222.56,1,1,0,1,0,0,0,1,0,0,0,0,0,1,0,0,0,0,0,0,No,0,1,0,0,1,0,Small Provincial Cities,Small Provincial Cities,HUME,METROPOLITAN NORTH WEST REGION,,,Local Road,Local Road,Undivided,Undivided,Metro,-4183775.770534423,16114065.903028788
413,-37.753643200000006,144.8070169,1414,T20100032318,ABS to receive accident,Finished,12-08-2010,17.10.00,No,Collision with vehicle,Thursday,REAR END(VEHICLES IN SAME LANE),No,Day,Yes,Not at intersection,Other injury accident,60,No,236415,144.80702,-37.753640000000004,Non-Intersection,BRIMBANK,METROPOLITAN NORTH WEST REGION,2482994.404,2416350.181,2,1,0,0,1,1,1,1,0,0,2,0,0,0,0,0,0,0,0,0,Yes,0,2,0,2,0,0,Metropolitan Excluding CBD,Metropolitan Excluding CBD,BRIMBANK,METROPOLITAN NORTH WEST REGION,,,Arterial Other,Arterial Other,Undivided,Undivided,Metro,-4202716.336614936,16119843.384600962
414,-37.80585502,144.97820919999998,1415,T20100032323,ABS to receive accident,Finished,30-07-2010,16.55.00,Yes,Collision with vehicle,Friday,VEHICLE STRIKES DOOR OF PARKED/STATIONARY VEHICLE,No,Day,No,Not at intersection,Other injury accident,40,No,235790,144.97821000000002,-37.805859999999996,Non-Intersection,YARRA,METROPOLITAN NORTH WEST REGION,2498081.128,2410572.433,2,1,0,0,1,1,1,1,1,0,1,0,0,0,0,0,0,0,0,0,No,0,2,0,1,0,0,Metropolitan Excluding CBD,Metropolitan Excluding CBD,YARRA,METROPOLITAN NORTH WEST REGION,,,Local Road,Local Road,Undivided,Undivided,Metro,-4208528.529830726,16138900.424264686
415,-37.88306155,145.28444140000002,1416,T20100032325,ABS to receive accident,Finished,12-08-2010,17.47.00,No,Collision with vehicle,Thursday,RIGHT NEAR (INTERSECTIONS ONLY),No,Dark Street lights on,Yes,T intersection,Other injury accident,60,No,41935,145.28444,-37.88306,Intersection,KNOX,METROPOLITAN SOUTH EAST REGION,2525021.933,2401966.22,4,1,0,0,1,3,2,2,0,2,2,0,0,0,0,0,0,0,0,0,No,0,2,0,2,0,0,Metropolitan Excluding CBD,Metropolitan Excluding CBD,KNOX,METROPOLITAN SOUTH EAST REGION,,,Arterial Other,"Arterial Other,Local Road",Undivided,Undivided,Metro,-4217123.121436241,16172990.036833195
416,-36.78341107,145.1544332,1417,T20100032327,ABS to receive accident,Finished,12-08-2010,18.25.00,Yes,Struck Pedestrian,Thursday,PED NEAR SIDE. PED HIT BY VEHICLE FROM THE RIGHT.,No,Dark Street lights on,Yes,T intersection,Serious injury accident,50,No,237412,145.15443,-36.783409999999996,Intersection,STRATHBOGIE,NORTH EASTERN REGION,2513783.255,2524021.3230000003,2,1,0,1,0,1,2,0,0,0,1,1,0,0,0,0,1,0,0,0,No,0,1,0,1,0,0,Other Towns,Other Towns,STRATHBOGIE,NORTH EASTERN REGION,C,C,Arterial Other,"Arterial Other,Local Road",Undivided,Undivided,Country,-4094710.589952062,16158517.590210242
417,-37.81871736,145.0836397,1418,T20100032331,ABS to receive accident,Finished,12-08-2010,18.21.00,Yes,Collision with a fixed object,Thursday,LEFT OFF CARRIAGEWAY INTO OBJECT/PARKED VEHICLE,No,Dark Street lights on,Yes,Not at intersection,Serious injury accident,60,Yes,235828,145.08364,-37.81872,Non-Intersection,BOROONDARA,METROPOLITAN SOUTH EAST REGION,2507363.958,2409141.8619999997,2,2,0,2,0,0,0,2,0,1,1,0,0,0,0,0,0,0,0,1,No,0,1,0,1,0,0,Metropolitan Excluding CBD,Metropolitan Excluding CBD,BOROONDARA,METROPOLITAN SOUTH EAST REGION,,,Local Road,Local Road,Undivided,Undivided,Metro,-4209960.358969936,16150636.89383877
418,-37.82253309,144.9695526,1419,T20100032333,ABS to receive accident,Finished,12-08-2010,18.30.00,Yes,Struck Pedestrian,Thursday,FAR SIDE. PED HIT BY VEHICLE FROM THE LEFT,No,Dark Street lights on,Yes,Not at intersection,Serious injury accident,60,No,235398,144.96955,-37.82253,Non-Intersection,MELBOURNE,METROPOLITAN NORTH WEST REGION,2497319.432,2408721.17,2,1,0,1,0,1,1,1,0,0,0,1,0,1,0,0,0,0,0,0,No,0,1,0,0,1,0,Metropolitan Excluding CBD,Metropolitan Excluding CBD,MELBOURNE,METROPOLITAN NORTH WEST REGION,,,Local Road,Local Road,Undivided,Undivided,Metro,-4210385.12409054,16137936.775960688
419,-34.17302098,142.137631,1420,T20100032336,ABS to receive accident,Finished,12-08-2010,18.15.00,Yes,Collision with vehicle,Thursday,RIGHT REAR.,No,Dark Street lights on,Yes,T intersection,Other injury accident,60,No,235996,142.13763,-34.17302,Intersection,MILDURA,WESTERN REGION,2235861.133,2809764.463,3,2,0,0,2,1,2,1,0,0,3,0,0,0,0,0,0,0,0,0,No,0,3,0,3,0,0,Small Provincial Cities,Small Provincial Cities,MILDURA,WESTERN REGION,C,C,Arterial Other,"Arterial Other,Local Road",Undivided,Undivided,Country,-3804123.294361454,15822688.705482217
420,-37.79468223,145.0848866,1421,T20100032337,ABS to receive accident,Finished,12-08-2010,14.30.00,No,Collision with vehicle,Thursday,UNKNOWN-NO DETAILS ON MANOEUVRES OF ROAD-USERS IN ACCIDENT,Yes,Day,No,Cross intersection,Other injury accident,60,No,35460,145.08489,-37.79468,Intersection,BOROONDARA,METROPOLITAN SOUTH EAST REGION,2507476.117,2411809.349,2,1,0,0,1,1,1,0,1,0,1,0,0,0,0,0,1,0,0,0,No,0,2,0,1,0,0,Metropolitan Excluding CBD,Metropolitan Excluding CBD,BOROONDARA,METROPOLITAN SOUTH EAST REGION,,,Arterial Other,"Arterial Other,Local Road",Undivided,Undivided,Metro,-4207284.780537185,16150775.69811184
421,-37.81858438,144.9991699,1422,T20100032341,ABS to receive accident,Finished,12-08-2010,15.28.00,No,Collision with vehicle,Thursday,RIGHT THROUGH,No,Day,Yes,Cross intersection,Serious injury accident,40,No,37196,144.99917,-37.81858,Intersection,YARRA,METROPOLITAN NORTH WEST REGION,2499926.911,2409159.856,2,1,0,1,0,1,1,1,0,0,1,0,0,1,0,0,0,0,0,0,No,0,2,0,1,1,0,Metropolitan Excluding CBD,Metropolitan Excluding CBD,YARRA,METROPOLITAN NORTH WEST REGION,,,Arterial Other,Arterial Other,Undivided,Undivided,Metro,-4209945.555704049,16141233.75871536
422,-37.82291853,145.12291090000002,1423,T20100032346,ABS to receive accident,Finished,12-08-2010,20.10.00,Yes,Collision with vehicle,Thursday,CROSS TRAFFIC(INTERSECTIONS ONLY),No,Dark Street lights on,Yes,Cross intersection,Serious injury accident,60,No,39323,145.12291000000002,-37.82292,Intersection,WHITEHORSE,METROPOLITAN SOUTH EAST REGION,2510820.9359999998,2408671.8340000003,2,1,0,1,0,1,1,1,0,0,2,0,0,0,0,0,0,0,0,0,No,0,2,0,2,0,0,Metropolitan Excluding CBD,Metropolitan Excluding CBD,WHITEHORSE,METROPOLITAN SOUTH EAST REGION,,,Arterial Other,"Arterial Other,Local Road",Undivided,Undivided,Metro,-4210428.031075072,16155008.543825611
423,-37.81009287,144.9960401,1424,T20100032347,ABS to receive accident,Finished,12-08-2010,16.20.00,No,Collision with a fixed object,Thursday,LEFT OFF CARRIAGEWAY INTO OBJECT/PARKED VEHICLE,No,Day,Yes,T intersection,Serious injury accident,60,Yes,37150,144.99604,-37.81009,Intersection,YARRA,METROPOLITAN NORTH WEST REGION,2499651.3140000002,2410102.299,1,1,0,1,0,0,0,0,0,0,1,0,0,0,0,0,0,0,0,1,No,0,1,0,1,0,0,Metropolitan Excluding CBD,Metropolitan Excluding CBD,YARRA,METROPOLITAN NORTH WEST REGION,,,Arterial Other,"Arterial Other,Local Road",Undivided,Undivided,Metro,-4209000.285134784,16140885.350973075
424,-37.73636032,144.95265469999998,1425,T20100032351,ABS to receive accident,Finished,12-08-2010,17.00.00,No,Collision with vehicle,Thursday,LEFT FAR (INTERSECTIONS ONLY),No,Day,No,Cross intersection,Other injury accident,Not known,No,797,144.95265,-37.73636,Intersection,MORELAND,METROPOLITAN NORTH WEST REGION,2495826.995,2418284.505,2,1,0,0,1,1,1,1,0,0,2,0,0,0,0,0,0,0,0,1,No,0,2,0,2,0,0,Metropolitan Excluding CBD,Metropolitan Excluding CBD,MORELAND,METROPOLITAN NORTH WEST REGION,,,Local Road,Local Road,Undivided,Undivided,Metro,-4200792.415213894,16136055.71033721
425,-37.69462662,145.009131,1426,T20100032352,ABS to receive accident,Finished,12-08-2010,17.10.00,No,Collision with vehicle,Thursday,REAR END(VEHICLES IN SAME LANE),No,Dusk/Dawn,Yes,Not at intersection,Other injury accident,60,No,257685,145.00913,-37.69463,Non-Intersection,DAREBIN,METROPOLITAN NORTH WEST REGION,2500805.249,2422917.23,2,1,0,0,1,1,1,1,0,0,2,0,0,0,0,0,0,0,0,1,No,0,2,0,2,0,0,Metropolitan Excluding CBD,Metropolitan Excluding CBD,"WHITTLESEA,DAREBIN",METROPOLITAN NORTH WEST REGION,,,Arterial Other,Arterial Other,Undivided,Undivided,Metro,-4196146.640980975,16142342.623295099
426,-37.82715889,145.33602869999999,1427,T20100032362,ABS to receive accident,Finished,12-08-2010,19.20.00,Yes,collision with some other object,Thursday,STRUCK OBJECT ON CARRIAGEWAY,No,Dark Street lights on,Yes,Not at intersection,Serious injury accident,50,No,235792,145.33603,-37.82716,Non-Intersection,YARRA RANGES,METROPOLITAN SOUTH EAST REGION,2529581.877,2408155.984,1,1,0,1,0,0,1,0,0,0,1,0,0,0,0,0,0,0,0,0,No,0,1,0,1,0,0,Metropolitan Excluding CBD,Metropolitan Excluding CBD,YARRA RANGES,METROPOLITAN SOUTH EAST REGION,,,Local Road,Local Road,Undivided,Undivided,Metro,-4210900.065791052,16178732.708800593
427,-37.41197571,147.8346681,1428,T20100032363,ABS to receive accident,Finished,12-08-2010,18.20.00,Yes,Collision with a fixed object,Thursday,LEFT OFF CARRIAGEWAY INTO OBJECT/PARKED VEHICLE,No,Dark No street lights,Yes,Not at intersection,Serious injury accident,100,Yes,235793,147.83467,-37.41198,Non-Intersection,EAST GIPPSLAND,EASTERN REGION,2750881.998,2450549.466,1,1,0,1,0,0,0,1,0,0,1,0,0,0,0,0,0,0,0,1,No,0,1,0,1,0,0,Country,Country,EAST GIPPSLAND,"EASTERN REGION,EASTERN REGION",B,B,Arterial Highway,Arterial Highway,Undivided,Undivided,Country,-4164682.085607519,16456879.974484604
428,-37.9158295,145.0176919,1429,T20100032364,ABS to receive accident,Finished,12-08-2010,11.49.00,No,Collision with vehicle,Thursday,LANE CHANGE RIGHT (NOT OVERTAKING),No,Day,Yes,Cross intersection,Other injury accident,80,No,41267,145.01769,-37.91583,Intersection,BAYSIDE,METROPOLITAN SOUTH EAST REGION,2501555.66,2398366.497,2,1,0,0,1,1,1,1,0,0,2,0,0,0,0,0,0,0,0,0,No,0,2,1,1,0,0,Metropolitan Excluding CBD,Metropolitan Excluding CBD,BAYSIDE,METROPOLITAN SOUTH EAST REGION,,,Arterial Highway,"Arterial Highway,Arterial Other",Undivided,Undivided,Metro,-4220770.83294458,16143295.618323833
429,-37.80343182,144.8931304,1430,T20100032366,ABS to receive accident,Finished,12-08-2010,22.50.00,Yes,Collision with vehicle,Thursday,LEFT NEAR (INTERSECTIONS ONLY),No,Dark Street lights on,Yes,T intersection,Serious injury accident,60,No,65444,144.89313,-37.80343,Intersection,MARIBYRNONG,METROPOLITAN NORTH WEST REGION,2490588.886,2410836.313,2,1,0,1,0,1,1,1,0,0,2,0,0,0,0,0,0,0,0,1,No,0,2,0,2,0,0,Metropolitan Excluding CBD,Metropolitan Excluding CBD,MARIBYRNONG,METROPOLITAN NORTH WEST REGION,,,Arterial Other,"Arterial Other,Local Road",Undivided,Undivided,Metro,-4208258.780440635,16129429.495571386
430,-37.94296158,145.0682518,1431,T20100032367,ABS to receive accident,Finished,12-08-2010,17.09.00,No,Collision with vehicle,Thursday,RIGHT NEAR (INTERSECTIONS ONLY),No,Day,Yes,T intersection,Other injury accident,50,No,42282,145.06825,-37.94296,Intersection,KINGSTON,METROPOLITAN SOUTH EAST REGION,2505999.266,2395353.024,2,1,0,0,1,1,2,0,0,0,1,0,0,1,0,0,0,0,0,0,No,0,2,0,1,1,0,Metropolitan Excluding CBD,Metropolitan Excluding CBD,KINGSTON,METROPOLITAN SOUTH EAST REGION,,,Local Road,Local Road,Undivided,Undivided,Metro,-4223791.162274343,16148923.920646394
431,-37.9349705,145.1411493,1432,T20100032370,ABS to receive accident,Finished,12-08-2010,18.30.00,Yes,Collision with vehicle,Thursday,REAR END(VEHICLES IN SAME LANE),No,Dark Street lights on,Yes,Not at intersection,Other injury accident,80,No,235399,145.14115,-37.93497,Non-Intersection,DANDENONG,METROPOLITAN SOUTH EAST REGION,2512408.1859999998,2396232.933,5,2,0,0,2,3,2,3,0,2,3,0,0,0,0,0,0,0,0,1,No,0,3,0,3,0,0,Metropolitan Excluding CBD,Metropolitan Excluding CBD,DANDENONG,METROPOLITAN SOUTH EAST REGION,,,Arterial Other,Arterial Other,Undivided,Undivided,Metro,-4222901.599317854,16157038.833226493
432,-37.69380589,144.8851742,1433,T20100032371,ABS to receive accident,Finished,12-08-2010,21.25.00,Yes,Collision with vehicle,Thursday,REAR END(VEHICLES IN SAME LANE),No,Dark No street lights,Yes,Not at intersection,Serious injury accident,100,No,235796,144.88517,-37.69381,Non-Intersection,HUME,METROPOLITAN NORTH WEST REGION,2489873.583,2423002.248,10,1,0,1,0,9,5,4,0,6,4,0,0,0,0,0,0,0,0,2,No,0,4,0,4,0,0,Metropolitan Excluding CBD,Metropolitan Excluding CBD,HUME,METROPOLITAN NORTH WEST REGION,,,Freeway,Freeway,Undivided,Undivided,Metro,-4196055.277735297,16128543.815438736
433,-36.02723291,142.02439619999998,1434,T20100032376,ABS to receive accident,Finished,12-08-2010,23.05.00,Yes,Vehicle overturned (no collision),Thursday,OFF CARRIAGEWAY TO LEFT,No,Dark No street lights,Yes,Not at intersection,Other injury accident,100,Yes,237003,142.0244,-36.027229999999996,Non-Intersection,HINDMARSH,WESTERN REGION,2231846.704,2603744.287,1,1,0,0,1,0,1,0,0,0,1,0,0,0,0,0,0,0,0,0,No,0,1,0,1,0,0,Country,Country,HINDMARSH,WESTERN REGION,C,C,Arterial Other,Arterial Other,Undivided,Undivided,Country,-4010533.2222318677,15810083.465206137
434,-37.83061361,144.9652032,1435,T20100032377,ABS to receive accident,Finished,13-08-2010,00.27.00,Yes,Collision with vehicle,Friday,CROSS TRAFFIC(INTERSECTIONS ONLY),No,Dark Street lights on,Yes,Cross intersection,Other injury accident,60,No,29460,144.9652,-37.83061,Intersection,MELBOURNE,METROPOLITAN NORTH WEST REGION,2496936.838,2407824.2,2,1,0,0,1,1,2,0,0,0,2,0,0,0,0,0,0,0,0,0,No,0,2,0,2,0,0,Metropolitan Excluding CBD,Metropolitan Excluding CBD,MELBOURNE,METROPOLITAN NORTH WEST REGION,,,Arterial Highway,"Arterial Highway,Local Road",Undivided,Undivided,Metro,-4211284.643462285,16137452.602967432
435,-37.74916195,145.03610559999998,1436,T20100032381,ABS to receive accident,Finished,13-08-2010,01.43.00,Yes,Collision with a fixed object,Friday,RIGHT OFF CARRIAGEWAY INTO OBJECT/PARKED VEHICLE,No,Dark Street lights on,Yes,Cross intersection,Other injury accident,60,Yes,48743,145.03611,-37.749159999999996,Intersection,BANYULE,METROPOLITAN NORTH WEST REGION,2503181.804,2416864.163,1,1,0,0,1,0,1,0,0,0,1,0,0,0,0,0,0,0,0,1,No,0,1,0,1,0,0,Metropolitan Excluding CBD,Metropolitan Excluding CBD,BANYULE,METROPOLITAN NORTH WEST REGION,,,Arterial Highway,"Arterial Highway,Local Road",Undivided,Undivided,Metro,-4202217.486146818,16145345.422031453
436,-37.62996463,144.9306618,1437,T20100032392,ABS to receive accident,Finished,12-08-2010,15.30.00,No,Collision with vehicle,Thursday,REAR END(VEHICLES IN SAME LANE),No,Day,Yes,Not at intersection,Other injury accident,60,No,245822,144.93066000000002,-37.62996,Non-Intersection,HUME,METROPOLITAN NORTH WEST REGION,2493879.944,2430091.268,6,3,0,0,3,3,4,2,0,3,3,0,0,0,0,0,0,0,0,0,No,0,3,0,2,0,0,Metropolitan Excluding CBD,Metropolitan Excluding CBD,HUME,METROPOLITAN NORTH WEST REGION,,,Local Road,Local Road,Undivided,Undivided,Metro,-4188948.501180496,16133607.471908145
437,-37.75633381,144.73966399999998,1438,T20100032395,ABS to receive accident,Finished,13-08-2010,06.30.00,No,Collision with vehicle,Friday,OTHER SAME DIRECTION-MANOUEVRES NOT INCLUDED IN DCAs 130-137,No,Dusk/Dawn,Yes,Cross intersection,Serious injury accident,80,No,26587,144.73966000000001,-37.75633,Intersection,MELTON,METROPOLITAN NORTH WEST REGION,2477060.122,2416037.435,3,1,0,1,0,2,3,0,0,0,3,0,0,0,0,0,0,0,0,1,No,0,3,1,2,0,0,Country,Country,MELTON,METROPOLITAN NORTH WEST REGION,,,Freeway,"Freeway,Arterial Other",Undivided,Undivided,Metro,-4203015.853950058,16112345.694069507
438,-38.39145278,142.8108572,1439,T20100032396,ABS to receive accident,Finished,13-08-2010,06.20.00,No,Collision with a fixed object,Friday,OFF RIGHT BEND INTO OBJECT/PARKED VEHICLE,No,Dark No street lights,Yes,Not at intersection,Other injury accident,100,Yes,238105,142.81086000000002,-38.39145,Non-Intersection,MOYNE,SOUTH WESTERN REGION,2308738.293,2343370.785,1,1,0,0,1,0,1,0,0,0,1,0,0,0,0,0,0,0,0,1,No,0,1,0,0,0,0,Country,Country,MOYNE,SOUTH WESTERN REGION,C,C,Arterial Other,Arterial Other,Undivided,Undivided,Country,-4273716.974283607,15897631.903254906
439,-37.86700927,145.2605226,1440,T20100032402,ABS to receive accident,Finished,18-07-2010,22.00.00,Yes,Collision with a fixed object,Sunday,LEFT OFF CARRIAGEWAY INTO OBJECT/PARKED VEHICLE,No,Dark No street lights,No,Not at intersection,Other injury accident,50,Yes,235797,145.26051999999999,-37.86701,Non-Intersection,KNOX,METROPOLITAN SOUTH EAST REGION,2522922.708,2403753.88,2,1,0,0,1,1,0,2,0,1,1,0,0,0,0,0,0,0,0,1,No,0,1,0,1,0,0,Metropolitan Excluding CBD,Metropolitan Excluding CBD,KNOX,METROPOLITAN SOUTH EAST REGION,,,Local Road,Local Road,Undivided,Undivided,Metro,-4215336.18980057,16170327.408196809
440,-34.17706909,142.1597321,1441,T20100032412,ABS to receive accident,Finished,13-08-2010,07.30.00,No,Collision with a fixed object,Friday,OFF RIGHT BEND INTO OBJECT/PARKED VEHICLE,No,Day,No,Not at intersection,Other injury accident,50,Yes,241682,142.15973,-34.17707,Non-Intersection,MILDURA,WESTERN REGION,2237913.426,2809376.2389999996,2,1,0,0,1,1,1,1,0,1,1,0,0,0,0,0,0,0,0,1,Yes,0,1,0,1,0,0,Small Provincial Cities,Small Provincial Cities,MILDURA,WESTERN REGION,,,Local Road,Local Road,Undivided,Undivided,Country,-3804573.92790533,15825148.98868019