,Latitude,Longitude,OBJECTID,ACCIDENT_NO,ABS_CODE,ACCIDENT_STATUS,ACCIDENT_DATE,ACCIDENT_TIME,ALCOHOLTIME,ACCIDENT_TYPE,DAY_OF_WEEK,DCA_CODE,HIT_RUN_FLAG,LIGHT_CONDITION,POLICE_ATTEND,ROAD_GEOMETRY,SEVERITY,SPEED_ZONE,RUN_OFFROAD,NODE_ID,LONGITUDE,LATITUDE,NODE_TYPE,LGA_NAME,REGION_NAME,VICGRID_X,VICGRID_Y,TOTAL_PERSONS,INJ_OR_FATAL,FATALITY,SERIOUSINJURY,OTHERINJURY,NONINJURED,MALES,FEMALES,BICYCLIST,PASSENGER,DRIVER,PEDESTRIAN,PILLION,MOTORIST,UNKNOWN,PED_CYCLIST_5_12,PED_CYCLIST_13_18,OLD_PEDESTRIAN,OLD_DRIVER,YOUNG_DRIVER,ALCOHOL_RELATED,UNLICENCSED,NO_OF_VEHICLES,HEAVYVEHICLE,PASSENGERVEHICLE,MOTORCYCLE,PUBLICVEHICLE,DEG_URBAN_NAME,DEG_URBAN_ALL,LGA_NAME_ALL,REGION_NAME_ALL,SRNS,SRNS_ALL,RMA,RMA_ALL,DIVIDED,DIVIDED_ALL,STAT_DIV_NAME,x_mercator,y_mercator
441,-36.75901505,144.30831980000002,1442,T20100032413,ABS to receive accident,Finished,13-08-2010,08.35.00,No,Collision with vehicle,Friday,RIGHT NEAR (INTERSECTIONS ONLY),No,Day,Yes,T intersection,Other injury accident,70,No,59705,144.30832,-36.75902,Intersection,BENDIGO,NORTHERN REGION,2438247.992,2526515.091,3,1,0,0,1,2,2,1,0,1,2,0,0,0,0,0,0,0,0,0,No,1,2,0,2,0,0,Large Provincial Cities,Large Provincial Cities,BENDIGO,NORTHERN REGION,B,B,Arterial Highway,"Arterial Highway,Local Road",Undivided,Undivided,Country,-4091994.8374282797,16064328.677368881
442,-37.98817774,145.2143986,1443,T20100032414,ABS to receive accident,Finished,13-08-2010,10.30.00,No,Struck Pedestrian,Friday,PED PLAYING/LYING/WORKING/STANDING ON CARRIAGEWAY.,No,Day,Yes,Cross intersection,Other injury accident,40,No,35315,145.2144,-37.98818,Intersection,DANDENONG,METROPOLITAN SOUTH EAST REGION,2518834.097,2390315.213,2,1,0,0,1,1,2,0,0,0,1,1,0,0,0,0,0,0,0,0,No,0,1,0,1,0,0,Metropolitan Excluding CBD,Metropolitan Excluding CBD,DANDENONG,METROPOLITAN SOUTH EAST REGION,,,Arterial Highway,"Arterial Highway,Local Road",Undivided,Undivided,Metro,-4228824.60218117,16165192.90800346
443,-38.03567889,145.2671583,1444,T20100032417,ABS to receive accident,Finished,13-08-2010,10.24.00,No,Collision with vehicle,Friday,RIGHT THROUGH,No,Day,Yes,Cross intersection,Other injury accident,60,No,43287,145.26716000000002,-38.03568,Intersection,CASEY,METROPOLITAN SOUTH EAST REGION,2523454.028,2385031.0209999997,2,1,0,0,1,1,1,1,0,0,2,0,0,0,0,0,0,0,0,0,No,0,2,1,1,0,0,Metropolitan Excluding CBD,Metropolitan Excluding CBD,CASEY,METROPOLITAN SOUTH EAST REGION,,,Arterial Other,"Arterial Other,Local Road",Undivided,Undivided,Metro,-4234112.406011265,16171066.090941863
444,-37.98767382,145.1178848,1445,T20100032421,ABS to receive accident,Finished,12-08-2010,20.15.00,Yes,Collision with vehicle,Thursday,RIGHT NEAR (INTERSECTIONS ONLY),No,Dark Street lights on,No,T intersection,Serious injury accident,80,No,70662,145.11788,-37.98767,Intersection,KINGSTON,METROPOLITAN SOUTH EAST REGION,2510355.8030000003,2390385.942,3,3,0,1,2,0,1,2,0,1,2,0,0,0,0,0,0,0,0,0,Yes,0,2,0,2,0,0,Metropolitan Excluding CBD,Metropolitan Excluding CBD,KINGSTON,METROPOLITAN SOUTH EAST REGION,,,Arterial Highway,"Arterial Highway,Local Road",Undivided,Undivided,Metro,-4228768.506063369,16154449.040932937
445,-37.84724398,144.8094147,1446,T20100032425,ABS to receive accident,Finished,13-08-2010,06.45.00,No,Collision with vehicle,Friday,REAR END(VEHICLES IN SAME LANE),No,Day,No,Cross intersection,Other injury accident,80,No,39892,144.80941,-37.84724,Intersection,HOBSONS BAY,METROPOLITAN NORTH WEST REGION,2483226.494,2405962.191,2,1,0,0,1,1,2,0,0,0,2,0,0,0,0,0,0,0,0,0,No,0,2,0,2,0,0,Metropolitan Excluding CBD,Metropolitan Excluding CBD,HOBSONS BAY,METROPOLITAN NORTH WEST REGION,,,Arterial Other,"Arterial Other,Local Road",Undivided,Undivided,Metro,-4213135.927782388,16120110.306475982
446,-37.7964699,145.12654990000001,1447,T20100032426,ABS to receive accident,Finished,12-08-2010,17.30.00,No,Collision with vehicle,Thursday,REAR END(VEHICLES IN SAME LANE),No,Dusk/Dawn,No,Not at intersection,Other injury accident,60,No,239028,145.12655,-37.79647,Non-Intersection,MANNINGHAM,METROPOLITAN SOUTH EAST REGION,2511145.215,2411606.8680000002,7,1,0,0,1,6,2,5,0,3,4,0,0,0,0,0,0,0,0,0,No,0,4,0,4,0,0,Metropolitan Excluding CBD,Metropolitan Excluding CBD,MANNINGHAM,METROPOLITAN SOUTH EAST REGION,,,Arterial Other,Arterial Other,Undivided,Undivided,Metro,-4207483.7830512915,16155413.635452611
447,-37.886262200000004,145.0220916,1448,T20100032427,ABS to receive accident,Finished,13-08-2010,12.30.00,No,Struck Pedestrian,Friday,PED EMERGES FROM IN FRONT OF PARKED OR STATIONARY VEHICLE,No,Day,Yes,Not at intersection,Serious injury accident,60,No,235422,145.02209,-37.88626,Non-Intersection,GLEN EIRA,METROPOLITAN SOUTH EAST REGION,2501943.29,2401648.133,2,1,0,1,0,1,1,1,0,0,1,1,0,0,0,0,0,0,0,0,No,0,1,0,1,0,0,Metropolitan Excluding CBD,Metropolitan Excluding CBD,GLEN EIRA,METROPOLITAN SOUTH EAST REGION,,,Arterial Other,Arterial Other,Undivided,Undivided,Metro,-4217479.4161644485,16143785.390687479
448,-37.82745953,145.2834133,1449,T20100032429,ABS to receive accident,Finished,05-08-2010,17.50.00,No,Collision with vehicle,Thursday,REAR END(VEHICLES IN SAME LANE),No,Day,No,Not at intersection,Other injury accident,70,No,89220,145.28341,-37.827459999999995,Non-Intersection,MAROONDAH,METROPOLITAN SOUTH EAST REGION,2524949.864,2408137.6859999998,2,1,0,0,1,1,1,1,0,0,2,0,0,0,0,0,0,0,0,1,No,0,2,0,2,0,0,Metropolitan Excluding CBD,Metropolitan Excluding CBD,MAROONDAH,METROPOLITAN SOUTH EAST REGION,,,Arterial Other,Arterial Other,Undivided,Undivided,Metro,-4210933.532882763,16172875.58926471
449,-37.79884041,145.14217730000001,1450,T20100032431,ABS to receive accident,Finished,13-08-2010,07.25.00,No,Vehicle overturned (no collision),Friday,OUT OF CONTROL ON CARRIAGEWAY (ON STRAIGHT),No,Day,Yes,Multiple intersection,Serious injury accident,60,No,122018,145.14218,-37.798840000000006,Intersection,WHITEHORSE,METROPOLITAN SOUTH EAST REGION,2512521.126,2411341.831,1,1,0,1,0,0,1,0,0,0,0,0,0,1,0,0,0,0,0,0,No,0,1,0,0,1,0,Metropolitan Excluding CBD,Metropolitan Excluding CBD,WHITEHORSE,METROPOLITAN SOUTH EAST REGION,M,M,Freeway,"Freeway,Arterial Other",Undivided,Undivided,Metro,-4207747.667017411,16157153.26966303
450,-37.68430545,144.56819109999998,1451,T20100032432,ABS to receive accident,Finished,11-08-2010,14.30.00,No,Collision with vehicle,Wednesday,CROSS TRAFFIC(INTERSECTIONS ONLY),No,Day,No,Cross intersection,Serious injury accident,60,No,997,144.56819,-37.684309999999996,Intersection,MELTON,METROPOLITAN NORTH WEST REGION,2461914.366,2423976.355,3,1,0,1,0,2,1,2,0,1,2,0,0,0,0,0,0,0,0,0,No,0,2,0,2,0,0,Small Provincial Cities,Small Provincial Cities,MELTON,METROPOLITAN NORTH WEST REGION,C,C,Arterial Other,"Arterial Other,Local Road",Undivided,Undivided,Metro,-4194997.693592184,16093257.418156663
451,-37.81218543,145.2475395,1452,T20100032433,ABS to receive accident,Finished,13-08-2010,09.06.00,No,Struck Pedestrian,Friday,PED ON FOOTHPATH STRUCK BY VEHENTERING/LEAVING DRIVEWAY.,No,Day,Yes,T intersection,Other injury accident,50,No,39688,145.24754,-37.81219,Intersection,MAROONDAH,METROPOLITAN SOUTH EAST REGION,2521796.182,2409841.722,2,1,0,0,1,1,0,2,0,0,1,1,0,0,0,0,0,1,0,0,No,0,1,0,1,0,0,Metropolitan Excluding CBD,Metropolitan Excluding CBD,MAROONDAH,METROPOLITAN SOUTH EAST REGION,,,Local Road,Local Road,Undivided,Undivided,Metro,-4209233.227848438,16168882.13611589
452,-37.76987059,145.2886642,1453,T20100032441,ABS to receive accident,Finished,13-08-2010,10.00.00,No,Collision with vehicle,Friday,PULLING OUT (OVERTAKING),No,Day,Yes,Cross intersection,Serious injury accident,50,No,54916,145.28866000000002,-37.769870000000004,Intersection,MAROONDAH,METROPOLITAN SOUTH EAST REGION,2525431.501,2414527.866,2,1,0,1,0,1,1,1,0,0,1,0,0,1,0,0,0,0,0,0,No,0,2,0,1,1,0,Metropolitan Excluding CBD,Metropolitan Excluding CBD,MAROONDAH,METROPOLITAN SOUTH EAST REGION,,,Local Road,Local Road,Undivided,Undivided,Metro,-4204522.761406639,16173460.116778916
453,-38.16055202,146.2619791,1454,T20100032448,ABS to receive accident,Finished,13-08-2010,14.30.00,No,Collision with a fixed object,Friday,RIGHT OFF CARRIAGEWAY INTO OBJECT/PARKED VEHICLE,No,Day,No,Not at intersection,Other injury accident,80,Yes,236269,146.26198,-38.16055,Non-Intersection,LATROBE,EASTERN REGION,2610603.249,2370469.69,1,1,0,0,1,0,0,1,0,0,1,0,0,0,0,0,0,0,1,0,No,0,1,0,1,0,0,Country,Country,LATROBE,"EASTERN REGION,EASTERN REGION",C,C,Arterial Other,Arterial Other,Undivided,Undivided,Country,-4248013.219256626,16281809.03582842
454,-38.18568592,146.247362,1455,T20100032450,ABS to receive accident,Finished,13-08-2010,11.55.00,No,Struck Pedestrian,Friday,ANY MANOEUVRE INVOLVING PED NOT INCLUDED IN DCAs 100-108.,No,Day,Yes,Not at intersection,Serious injury accident,110,No,236928,146.24736000000001,-38.18569,Non-Intersection,LATROBE,EASTERN REGION,2609285.682,2367696.797,6,1,0,1,0,5,4,2,0,2,3,1,0,0,0,0,0,0,0,2,No,0,4,1,3,0,0,Small Provincial Cities,Small Provincial Cities,LATROBE,"EASTERN REGION,EASTERN REGION",M,M,Freeway,Freeway,Undivided,Undivided,Country,-4250811.112206276,16280181.867699549
455,-38.1063213,145.2912035,1456,T20100032464,ABS to receive accident,Finished,13-08-2010,15.35.00,No,Struck Pedestrian,Friday,FAR SIDE. PED HIT BY VEHICLE FROM THE LEFT,No,Day,Yes,Not at intersection,Serious injury accident,60,No,235800,145.2912,-38.106320000000004,Non-Intersection,CASEY,METROPOLITAN SOUTH EAST REGION,2525540.984,2377183.538,3,1,0,1,0,2,2,1,0,1,1,1,0,0,0,1,0,0,0,0,No,0,1,0,1,0,0,Metropolitan Excluding CBD,Metropolitan Excluding CBD,CASEY,METROPOLITAN SOUTH EAST REGION,C,C,Arterial Other,Arterial Other,Undivided,Undivided,Metro,-4241976.283120874,16173742.790361887
456,-36.77125051,144.28984499999999,1457,T20100032465,ABS to receive accident,Finished,10-08-2010,19.40.00,Yes,Collision with vehicle,Tuesday,VEHICLE COLLIDES WITH VEHICLE PARKED ON LEFT OF ROAD,No,Dark No street lights,No,T intersection,Other injury accident,50,No,235801,144.28984,-36.77125,Intersection,BENDIGO,NORTHERN REGION,2436608.751,2525145.37,2,1,0,0,1,1,1,1,0,1,1,0,0,0,0,0,0,0,0,1,No,0,2,0,2,0,0,Large Provincial Cities,Large Provincial Cities,BENDIGO,NORTHERN REGION,,,Local Road,Local Road,Undivided,Undivided,Country,-4093356.882605101,16062272.072040368
457,-38.1465637,145.16491409999998,1458,T20100032467,ABS to receive accident,Finished,13-08-2010,15.24.00,No,Collision with a fixed object,Friday,LEFT OFF CARRIAGEWAY INTO OBJECT/PARKED VEHICLE,No,Day,Yes,Not at intersection,Other injury accident,50,Yes,236417,145.16491000000002,-38.14656,Non-Intersection,FRANKSTON,METROPOLITAN SOUTH EAST REGION,2514456.623,2372743.035,2,1,0,0,1,1,1,1,0,1,1,0,0,0,0,0,0,0,1,0,No,0,2,0,2,0,0,Metropolitan Excluding CBD,Metropolitan Excluding CBD,FRANKSTON,METROPOLITAN SOUTH EAST REGION,,,Local Road,Local Road,Undivided,Undivided,Metro,-4246456.046597173,16159684.318661295
458,-37.3288686,145.15074009999998,1459,T20100032477,ABS to receive accident,Finished,13-08-2010,14.15.00,No,collision with some other object,Friday,LEFT OFF CARRIAGEWAY INTO OBJECT/PARKED VEHICLE,No,Day,No,Not at intersection,Other injury accident,100,Yes,235802,145.15073999999998,-37.32887,Non-Intersection,MITCHELL,NORTHERN REGION,2513357.805,2463496.688,1,1,0,0,1,0,0,1,0,0,0,0,0,1,0,0,0,0,0,0,No,0,1,0,0,1,0,Country,Country,MITCHELL,NORTHERN REGION,,,Local Road,Local Road,Undivided,Undivided,Country,-4155430.644441019,16158106.476198792
459,-37.77032166,144.7748251,1460,T20100032482,ABS to receive accident,Finished,13-08-2010,15.45.00,No,Collision with vehicle,Friday,CROSS TRAFFIC(INTERSECTIONS ONLY),No,Day,Yes,Cross intersection,Other injury accident,80,No,1246,144.77483,-37.77032,Intersection,BRIMBANK,METROPOLITAN NORTH WEST REGION,2480162.057,2414492.899,6,1,0,0,1,5,1,1,0,4,2,0,0,0,0,0,0,0,0,0,No,0,2,0,2,0,0,Metropolitan Excluding CBD,Metropolitan Excluding CBD,BRIMBANK,METROPOLITAN NORTH WEST REGION,,,Arterial Other,Arterial Other,Undivided,Undivided,Metro,-4204572.974289351,16116259.809817242
460,-37.82612559,144.97127780000002,1461,T20100032489,ABS to receive accident,Finished,13-08-2010,17.50.00,Yes,Struck Pedestrian,Friday,FAR SIDE. PED HIT BY VEHICLE FROM THE LEFT,No,Dark Street lights on,Yes,T intersection,Other injury accident,60,No,36994,144.97128,-37.82613,Intersection,MELBOURNE,METROPOLITAN NORTH WEST REGION,2497471.4359999998,2408322.494,2,1,0,0,1,1,1,1,0,0,1,1,0,0,0,0,0,0,0,0,No,0,1,0,1,0,0,Metropolitan Excluding CBD,Metropolitan Excluding CBD,MELBOURNE,METROPOLITAN NORTH WEST REGION,,,Arterial Other,"Arterial Other,Local Road",Undivided,Undivided,Metro,-4210785.039361214,16138128.824346209
461,-37.894055,145.0561414,1462,T20100032492,ABS to receive accident,Finished,13-08-2010,15.00.00,No,Collision with vehicle,Friday,REAR END(VEHICLES IN SAME LANE),No,Unk.,No,Not at intersection,Other injury accident,60,No,235716,145.05614,-37.894059999999996,Non-Intersection,GLEN EIRA,METROPOLITAN SOUTH EAST REGION,2504937.9680000003,2400781.972,3,1,0,0,1,2,3,0,0,0,3,0,0,0,0,0,0,0,0,1,No,0,3,0,3,0,0,Metropolitan Excluding CBD,Metropolitan Excluding CBD,GLEN EIRA,METROPOLITAN SOUTH EAST REGION,,,Local Road,Local Road,Undivided,Undivided,Metro,-4218346.906692302,16147575.79708509
462,-38.04077198,145.34373019999998,1463,T20100032494,ABS to receive accident,Finished,13-08-2010,17.30.00,Yes,Collision with vehicle,Friday,VEHICLE STRIKES ANOTHER VEH WHILE EMERGING FROM DRIVEWAY,No,Day,Yes,Not at intersection,Other injury accident,70,No,235718,145.34373,-38.04077,Non-Intersection,CASEY,METROPOLITAN SOUTH EAST REGION,2530174.266,2384444.131,2,1,0,0,1,1,1,1,0,0,2,0,0,0,0,0,0,0,0,0,No,0,2,0,2,0,0,Metropolitan Excluding CBD,Metropolitan Excluding CBD,CASEY,METROPOLITAN SOUTH EAST REGION,,,Local Road,Local Road,Undivided,Undivided,Metro,-4234679.36619663,16179590.035858935
463,-37.77747964,145.6045799,1464,T20100032496,ABS to receive accident,Finished,13-08-2010,16.15.00,Yes,Collision with vehicle,Friday,RIGHT NEAR (INTERSECTIONS ONLY),No,Day,Yes,T intersection,Other injury accident,80,No,45124,145.60458,-37.77748,Intersection,YARRA RANGES,METROPOLITAN SOUTH EAST REGION,2553258.226,2413552.817,2,2,0,0,2,0,1,1,0,0,2,0,0,0,0,0,0,0,0,0,No,0,2,0,2,0,0,Other Towns,Other Towns,YARRA RANGES,METROPOLITAN SOUTH EAST REGION,B,B,Arterial Highway,"Arterial Highway,Local Road",Undivided,Undivided,Metro,-4205369.79697806,16208627.691636516
464,-37.72287871,145.0295545,1465,T20100032499,ABS to receive accident,Finished,13-08-2010,13.30.00,No,Struck Pedestrian,Friday,FAR SIDE. PED HIT BY VEHICLE FROM THE LEFT,Yes,Day,No,Not at intersection,Other injury accident,70,No,235951,145.02955,-37.722879999999996,Non-Intersection,DAREBIN,METROPOLITAN NORTH WEST REGION,2502605.395,2419781.374,2,1,0,0,1,1,1,0,0,0,1,1,0,0,0,0,1,0,0,0,No,0,1,0,1,0,0,Metropolitan Excluding CBD,Metropolitan Excluding CBD,DAREBIN,METROPOLITAN NORTH WEST REGION,,,Arterial Highway,Arterial Highway,Undivided,Undivided,Metro,-4199291.649253621,16144616.156915316
465,-37.71370629,145.148564,1466,T20100032502,ABS to receive accident,Finished,13-08-2010,19.35.00,Yes,Struck Pedestrian,Friday,PED NEAR SIDE. PED HIT BY VEHICLE FROM THE RIGHT.,No,Dark Street lights on,Yes,Not at intersection,Serious injury accident,40,No,235724,145.14856,-37.71371,Non-Intersection,NILLUMBIK,METROPOLITAN NORTH WEST REGION,2513098.321,2420789.5409999997,2,1,0,1,0,1,0,2,0,0,1,1,0,0,0,0,0,0,0,0,No,0,1,0,1,0,0,Metropolitan Excluding CBD,Metropolitan Excluding CBD,NILLUMBIK,METROPOLITAN NORTH WEST REGION,,,Arterial Other,Arterial Other,Undivided,Undivided,Metro,-4198270.580129879,16157864.233854879
466,-37.93799401,144.1224388,1467,T20100032517,ABS to receive accident,Finished,13-08-2010,20.25.00,Yes,Struck animal,Friday,STRUCK ANIMAL,No,Dark No street lights,Yes,Not at intersection,Serious injury accident,100,No,235744,144.12243999999998,-37.93799,Non-Intersection,GOLDEN PLAINS,SOUTH WESTERN REGION,2422859.29,2395550.995,1,1,0,1,0,0,0,1,0,0,1,0,0,0,0,0,0,0,0,0,No,0,1,0,1,0,0,Country,Country,GOLDEN PLAINS,SOUTH WESTERN REGION,A,A,Arterial Highway,Arterial Highway,Undivided,Undivided,Country,-4223238.174911463,16043636.499100734
467,-37.74275501,144.97978590000002,1468,T20100032518,ABS to receive accident,Finished,13-08-2010,04.15.00,Yes,Collision with vehicle,Friday,REAR END(VEHICLES IN SAME LANE),No,Dark Street lights on,Yes,T intersection,Serious injury accident,70,No,43403,144.97978999999998,-37.74276,Intersection,DAREBIN,METROPOLITAN NORTH WEST REGION,2498218.482,2417575.6459999997,2,1,0,1,0,1,2,0,0,0,2,0,0,0,0,0,0,0,0,0,No,0,2,0,2,0,0,Metropolitan Excluding CBD,Metropolitan Excluding CBD,"MORELAND,DAREBIN",METROPOLITAN NORTH WEST REGION,,,Arterial Highway,"Arterial Highway,Arterial Other",Undivided,Undivided,Metro,-4201504.268848475,16139075.941705827
468,-37.97440523,145.1856872,1469,T20100032519,ABS to receive accident,Finished,13-08-2010,22.00.00,Yes,Collision with vehicle,Friday,RIGHT THROUGH,No,Dark Street lights on,Yes,Cross intersection,Other injury accident,60,No,46876,145.18569,-37.97441,Intersection,DANDENONG,METROPOLITAN SOUTH EAST REGION,2516314.8959999997,2391849.1969999997,2,1,0,0,1,1,1,1,0,0,2,0,0,0,0,0,0,0,0,1,No,0,2,0,2,0,0,Metropolitan Excluding CBD,Metropolitan Excluding CBD,DANDENONG,METROPOLITAN SOUTH EAST REGION,,,Arterial Other,"Arterial Other,Local Road",Undivided,Undivided,Metro,-4227291.453381025,16161996.769575495
469,-37.79923774,144.957617,1470,T20100032524,ABS to receive accident,Finished,13-08-2010,06.20.00,No,Struck Pedestrian,Thursday,FAR SIDE. PED HIT BY VEHICLE FROM THE LEFT,No,Dark Street lights on,Yes,Not at intersection,Serious injury accident,60,No,286069,144.95762,-37.799240000000005,Non-Intersection,MELBOURNE,METROPOLITAN NORTH WEST REGION,2496267.475,2411306.252,2,1,0,1,0,1,2,0,0,0,1,1,0,0,0,0,0,0,0,0,No,0,1,0,1,0,0,Metropolitan Excluding CBD,Metropolitan Excluding CBD,MELBOURNE,METROPOLITAN NORTH WEST REGION,,,Arterial Other,Arterial Other,Undivided,Undivided,Metro,-4207791.897590689,16136608.111046378
470,-37.86718532,145.095378,1471,T20100032531,ABS to receive accident,Finished,13-08-2010,18.10.00,Yes,Collision with vehicle,Friday,CROSS TRAFFIC(INTERSECTIONS ONLY),No,Dark Street lights on,Yes,Cross intersection,Other injury accident,50,No,47214,145.09538,-37.86719,Intersection,MONASH,METROPOLITAN SOUTH EAST REGION,2508392.0530000003,2403761.501,5,1,0,0,1,4,0,5,0,3,2,0,0,0,0,0,0,0,0,0,No,0,2,0,2,0,0,Metropolitan Excluding CBD,Metropolitan Excluding CBD,MONASH,METROPOLITAN SOUTH EAST REGION,,,Local Road,Local Road,Undivided,Undivided,Metro,-4215355.787596923,16151943.595417548
471,-37.84968763,144.8619368,1472,T20100032539,ABS to receive accident,Finished,13-08-2010,23.55.00,Yes,Collision with vehicle,Friday,VEHICLE STRIKES ANOTHER VEH WHILE EMERGING FROM DRIVEWAY,No,Dark No street lights,Yes,Not at intersection,Other injury accident,50,No,235804,144.86194,-37.84969,Non-Intersection,HOBSONS BAY,METROPOLITAN NORTH WEST REGION,2487849.377,2405698.952,3,1,0,0,1,2,3,0,0,1,2,0,0,0,0,0,0,0,0,0,No,0,2,1,1,0,0,Metropolitan Excluding CBD,Metropolitan Excluding CBD,HOBSONS BAY,METROPOLITAN NORTH WEST REGION,,,Local Road,Local Road,Undivided,Undivided,Metro,-4213407.953656065,16125957.039903378
472,-38.17046999,144.3476014,1473,T20100032540,ABS to receive accident,Finished,10-08-2010,12.55.00,No,Collision with vehicle,Tuesday,REAR END(VEHICLES IN SAME LANE),No,Day,No,Not at intersection,Other injury accident,60,No,204980,144.3476,-38.17047,Non-Intersection,GEELONG,SOUTH WESTERN REGION,2442828.345,2369905.935,2,1,0,0,1,1,1,1,0,0,2,0,0,0,0,0,0,0,0,1,No,0,2,0,2,0,0,Large Provincial Cities,Large Provincial Cities,GEELONG,SOUTH WESTERN REGION,,,Local Road,Local Road,Undivided,Undivided,Country,-4249117.28262673,16068701.485078422
473,-37.7057654,145.13965100000001,1474,T20100032548,ABS to receive accident,Finished,13-08-2010,08.25.00,No,Collision with vehicle,Friday,RIGHT NEAR (INTERSECTIONS ONLY),No,Day,Yes,T intersection,Other injury accident,50,No,235806,145.13965,-37.70577,Intersection,NILLUMBIK,METROPOLITAN NORTH WEST REGION,2512313.794,2421672.03,4,4,0,0,4,0,0,4,0,2,2,0,0,0,0,0,0,0,0,2,No,0,2,0,2,0,0,Metropolitan Excluding CBD,Metropolitan Excluding CBD,NILLUMBIK,METROPOLITAN NORTH WEST REGION,,,Local Road,Local Road,Undivided,Undivided,Metro,-4197386.604298633,16156872.043233441
474,-37.82624733,145.099929,1475,T20100032558,ABS to receive accident,Finished,04-08-2010,22.20.00,Yes,Collision with vehicle,Wednesday,RIGHT THROUGH,No,Dark Street lights unknown,No,T intersection,Other injury accident,80,No,39235,145.09993,-37.82625,Intersection,BOROONDARA,METROPOLITAN SOUTH EAST REGION,2508797.249,2408304.746,2,1,0,0,1,1,2,0,0,0,2,0,0,0,0,0,0,0,0,1,No,0,2,0,2,0,0,Metropolitan Excluding CBD,Metropolitan Excluding CBD,"WHITEHORSE,BOROONDARA",METROPOLITAN SOUTH EAST REGION,,,Arterial Other,Arterial Other,Undivided,Undivided,Metro,-4210798.591396024,16152450.210420148
475,-38.26875020000001,144.5246115,1476,T20100032559,ABS to receive accident,Finished,13-08-2010,21.45.00,Yes,Collision with vehicle,Friday,VEHICLE COLLIDES WITH VEHICLE PARKED ON LEFT OF ROAD,No,Dark Street lights on,Yes,Cross intersection,Other injury accident,50,No,73188,144.52461,-38.26875,Intersection,GEELONG,SOUTH WESTERN REGION,2458394.599,2359087.974,1,1,0,0,1,0,1,0,0,0,1,0,0,0,0,0,0,0,0,1,Yes,0,4,0,4,0,0,Small Provincial Cities,Small Provincial Cities,GEELONG,SOUTH WESTERN REGION,C,C,Arterial Other,"Arterial Other,Local Road",Undivided,Undivided,Country,-4260057.7855589865,16088406.159275688
476,-37.40144087,141.9105535,1477,T20100032562,ABS to receive accident,Finished,13-08-2010,23.30.00,Yes,Collision with a fixed object,Friday,RIGHT OFF CARRIAGEWAY INTO OBJECT/PARKED VEHICLE,No,Dark No street lights,Yes,Not at intersection,Fatal accident,100,Yes,235299,141.91055,-37.40144,Non-Intersection,SOUTHERN GRAMPIANS,SOUTH WESTERN REGION,2226538.528,2451016.33,1,1,1,0,0,0,1,0,0,0,1,0,0,0,0,0,0,0,0,1,No,0,1,0,1,0,0,Country,Country,SOUTHERN GRAMPIANS,SOUTH WESTERN REGION,,,Local Road,Local Road,Undivided,Undivided,Country,-4163509.3525831313,15797410.553811604
477,-37.87229839,145.02478280000003,1478,T20100032565,ABS to receive accident,Finished,10-08-2010,10.25.00,No,Struck Pedestrian,Tuesday,ANY MANOEUVRE INVOLVING PED NOT INCLUDED IN DCAs 100-108.,No,Day,No,Not at intersection,Other injury accident,60,No,237136,145.02478,-37.8723,Non-Intersection,GLEN EIRA,METROPOLITAN SOUTH EAST REGION,2502180.426,2403197.922,2,1,0,0,1,1,1,1,0,0,1,1,0,0,0,0,0,0,0,0,No,0,1,0,1,0,0,Metropolitan Excluding CBD,Metropolitan Excluding CBD,GLEN EIRA,METROPOLITAN SOUTH EAST REGION,,,Arterial Other,Arterial Other,Undivided,Undivided,Metro,-4215924.971945714,16144084.9737011
478,-37.92904006,145.0814434,1479,T20100032566,ABS to receive accident,Finished,14-08-2010,07.05.00,Yes,Collision with vehicle,Saturday,HEAD ON (NOT OVERTAKING),No,Day,Yes,T intersection,Other injury accident,60,No,42321,145.08144,-37.92904,Intersection,GLEN EIRA,METROPOLITAN SOUTH EAST REGION,2507160.113,2396897.306,2,2,0,0,2,0,2,0,0,0,2,0,0,0,0,0,0,0,1,0,No,1,2,0,2,0,0,Metropolitan Excluding CBD,Metropolitan Excluding CBD,"KINGSTON,GLEN EIRA",METROPOLITAN SOUTH EAST REGION,,,Arterial Highway,"Arterial Highway,Local Road",Undivided,Undivided,Metro,-4222241.425756874,16150392.402841141
479,-37.74527681,144.80861389999998,1480,T20100032567,ABS to receive accident,Finished,14-08-2010,11.10.00,No,No collision and no object struck,Saturday,OFF CARRIAGEWAY TO LEFT,No,Day,Yes,T intersection,Other injury accident,60,Yes,44974,144.80861000000002,-37.74528,Intersection,BRIMBANK,METROPOLITAN NORTH WEST REGION,2483133.261,2417279.002,1,1,0,0,1,0,1,0,0,0,0,0,0,1,0,0,0,0,0,0,No,0,1,0,0,1,0,Metropolitan Excluding CBD,Metropolitan Excluding CBD,BRIMBANK,METROPOLITAN NORTH WEST REGION,,,Arterial Other,"Arterial Other,Local Road",Undivided,Undivided,Metro,-4201784.994340357,16120021.161827756