,Latitude,Longitude,OBJECTID,ACCIDENT_NO,ABS_CODE,ACCIDENT_STATUS,ACCIDENT_DATE,ACCIDENT_TIME,ALCOHOLTIME,ACCIDENT_TYPE,DAY_OF_WEEK,DCA_CODE,HIT_RUN_FLAG,LIGHT_CONDITION,POLICE_ATTEND,ROAD_GEOMETRY,SEVERITY,SPEED_ZONE,RUN_OFFROAD,NODE_ID,LONGITUDE,LATITUDE,NODE_TYPE,LGA_NAME,REGION_NAME,VICGRID_X,VICGRID_Y,TOTAL_PERSONS,INJ_OR_FATAL,FATALITY,SERIOUSINJURY,OTHERINJURY,NONINJURED,MALES,FEMALES,BICYCLIST,PASSENGER,DRIVER,PEDESTRIAN,PILLION,MOTORIST,UNKNOWN,PED_CYCLIST_5_12,PED_CYCLIST_13_18,OLD_PEDESTRIAN,OLD_DRIVER,YOUNG_DRIVER,ALCOHOL_RELATED,UNLICENCSED,NO_OF_VEHICLES,HEAVYVEHICLE,PASSENGERVEHICLE,MOTORCYCLE,PUBLICVEHICLE,DEG_URBAN_NAME,DEG_URBAN_ALL,LGA_NAME_ALL,REGION_NAME_ALL,SRNS,SRNS_ALL,RMA,RMA_ALL,DIVIDED,DIVIDED_ALL,STAT_DIV_NAME,x_mercator,y_mercator
560,-37.8962729,144.9947015,1561,T20100032979,ABS to receive accident,Finished,17-08-2010,08.48.00,No,Collision with vehicle,Tuesday,CROSS TRAFFIC(INTERSECTIONS ONLY),No,Day,Yes,Cross intersection,Other injury accident,50,No,41157,144.9947,-37.89627,Intersection,BAYSIDE,METROPOLITAN SOUTH EAST REGION,2499533.983,2400537.248,3,2,0,0,2,1,2,1,0,1,2,0,0,0,0,0,0,0,0,1,No,0,2,0,2,0,0,Metropolitan Excluding CBD,Metropolitan Excluding CBD,BAYSIDE,METROPOLITAN SOUTH EAST REGION,,,Local Road,Local Road,Undivided,Undivided,Metro,-4218593.802190932,16140736.3387027
561,-37.795506200000005,144.949828,1562,T20100032981,ABS to receive accident,Finished,17-08-2010,10.40.00,No,Struck Pedestrian,Tuesday,FAR SIDE. PED HIT BY VEHICLE FROM THE LEFT,No,Day,Yes,Not at intersection,Serious injury accident,60,No,235905,144.94983,-37.79551,Non-Intersection,MELBOURNE,METROPOLITAN NORTH WEST REGION,2495581.308,2411720.069,2,1,0,1,0,1,1,1,0,0,1,1,0,0,0,0,1,0,0,0,No,0,1,0,1,0,0,Metropolitan Excluding CBD,Metropolitan Excluding CBD,MELBOURNE,METROPOLITAN NORTH WEST REGION,,,Arterial Other,Arterial Other,Undivided,Undivided,Metro,-4207376.504458015,16135741.043532588
562,-37.83089063,144.8685846,1563,T20100032985,ABS to receive accident,Finished,17-08-2010,08.35.00,No,Collision with vehicle,Tuesday,CROSS TRAFFIC(INTERSECTIONS ONLY),No,Day,No,Cross intersection,Other injury accident,60,No,46253,144.86858,-37.830890000000004,Intersection,HOBSONS BAY,METROPOLITAN NORTH WEST REGION,2488431.554,2407786.029,2,1,0,0,1,1,2,0,1,0,1,0,0,0,0,0,0,0,0,0,No,0,2,0,1,0,0,Metropolitan Excluding CBD,Metropolitan Excluding CBD,HOBSONS BAY,METROPOLITAN NORTH WEST REGION,,,Local Road,Local Road,Undivided,Undivided,Metro,-4211315.481187624,16126697.06961427
563,-37.89363277,146.8714116,1564,T20100032993,ABS to receive accident,Finished,15-08-2010,10.30.00,No,No collision and no object struck,Sunday,OTHER ACCIDENTS-OFF STRAIGHT NOT INCLUDED IN DCAs 170-175,No,Day,No,Not at intersection,Other injury accident,Not known,No,235906,146.87141,-37.89363,Non-Intersection,WELLINGTON,EASTERN REGION,2664592.167,2399212.49,1,1,0,0,1,0,1,0,0,0,0,0,0,1,0,0,0,0,0,0,No,0,1,0,0,1,0,Country,Country,WELLINGTON,"EASTERN REGION,EASTERN REGION",,,Local Road,Local Road,Undivided,Undivided,Country,-4218299.904263705,16349650.751401292
564,-37.64249889,144.9438066,1565,T20100032997,ABS to receive accident,Finished,16-08-2010,14.40.00,No,Collision with vehicle,Monday,REAR END(VEHICLES IN SAME LANE),No,Day,Yes,Not at intersection,Other injury accident,70,No,235910,144.94381,-37.6425,Non-Intersection,HUME,METROPOLITAN NORTH WEST REGION,2495040.975,2428700.986,3,1,0,0,1,2,3,0,0,0,3,0,0,0,0,0,0,0,0,0,No,0,3,0,3,0,0,Metropolitan Excluding CBD,Metropolitan Excluding CBD,HUME,METROPOLITAN NORTH WEST REGION,,,Arterial Other,Arterial Other,Undivided,Undivided,Metro,-4190343.8086211653,16135070.744350724
565,-37.75987037,144.74939609999998,1566,T20100032998,ABS to receive accident,Finished,17-08-2010,12.15.00,No,Struck Pedestrian,Tuesday,PED PLAYING/LYING/WORKING/STANDING ON CARRIAGEWAY.,Yes,Day,Yes,Not at intersection,Other injury accident,40,No,238882,144.7494,-37.75987,Non-Intersection,MELTON,METROPOLITAN NORTH WEST REGION,2477918.7090000003,2415647.234,2,1,0,0,1,1,1,0,0,0,1,1,0,0,0,0,0,0,0,0,No,0,1,0,1,0,0,Metropolitan Excluding CBD,Metropolitan Excluding CBD,MELTON,METROPOLITAN NORTH WEST REGION,,,Arterial Other,Arterial Other,Undivided,Undivided,Metro,-4203409.542008419,16113429.066485858
566,-37.77058182,144.8299245,1567,T20100033001,ABS to receive accident,Finished,17-08-2010,11.45.00,No,Collision with vehicle,Tuesday,HEAD ON (NOT OVERTAKING),No,Day,Yes,Not at intersection,Other injury accident,60,No,64055,144.82992,-37.770579999999995,Intersection,BRIMBANK,METROPOLITAN NORTH WEST REGION,2485016.364,2414474.102,5,4,0,0,4,1,3,2,0,3,2,0,0,0,0,0,0,0,0,0,No,0,2,1,1,0,0,Metropolitan Excluding CBD,Metropolitan Excluding CBD,BRIMBANK,METROPOLITAN NORTH WEST REGION,,,Arterial Other,"Arterial Other,Local Road",Undivided,Undivided,Metro,-4204601.935168075,16122393.446968257
567,-36.74847213,145.9885126,1568,T20100033010,ABS to receive accident,Finished,12-08-2010,10.00.00,No,Collision with a fixed object,Wednesday,OTHER ACCIDENTS NOT CLASSIFIABLE ELSEWHERE,No,Day,No,Not at intersection,Serious injury accident,100,No,285916,145.98851000000002,-36.748470000000005,Non-Intersection,BENALLA,NORTH EASTERN REGION,2588264.024,2527450.986,2,2,0,2,0,0,1,1,0,0,1,1,0,0,0,0,0,0,0,0,No,0,1,0,0,0,0,Country,Country,BENALLA,NORTH EASTERN REGION,,,Local Road,Local Road,Undivided,Undivided,Country,-4090821.204942406,16251366.884299403
568,-38.19928710000001,146.542855,1569,T20100033016,ABS to receive accident,Finished,17-08-2010,12.50.00,No,Struck Pedestrian,Tuesday,PED ON FOOTHPATH STRUCK BY VEHENTERING/LEAVING DRIVEWAY.,No,Day,Yes,T intersection,Serious injury accident,50,No,242502,146.54285,-38.199290000000005,Intersection,LATROBE,EASTERN REGION,2635148.326,2365807.776,2,1,0,1,0,1,0,2,0,0,1,1,0,0,0,0,0,1,0,0,No,0,1,0,1,0,0,Small Provincial Cities,Small Provincial Cities,LATROBE,"EASTERN REGION,EASTERN REGION",,,Local Road,Local Road,Undivided,Undivided,Country,-4252325.188638064,16313075.997992525
569,-37.88639617,144.67768619999998,1570,T20100033023,ABS to receive accident,Finished,17-08-2010,07.45.00,No,Collision with vehicle,Tuesday,VEHICLE COLLIDES WITH VEHICLE PARKED ON LEFT OF ROAD,No,Day,No,T intersection,Other injury accident,50,No,235912,144.67768999999998,-37.8864,Intersection,WYNDHAM,METROPOLITAN NORTH WEST REGION,2471647.751,2401585.4930000002,1,1,0,0,1,0,0,1,0,0,1,0,0,0,0,0,0,0,0,1,No,0,2,0,2,0,0,Metropolitan Excluding CBD,Metropolitan Excluding CBD,WYNDHAM,METROPOLITAN NORTH WEST REGION,,,Local Road,Local Road,Undivided,Undivided,Metro,-4217494.32963663,16105446.356933022
570,-38.17674514,145.2869043,1571,T20100033024,ABS to receive accident,Finished,17-08-2010,12.20.00,No,Collision with vehicle,Tuesday,HEAD ON (NOT OVERTAKING),No,Day,Yes,Not at intersection,Serious injury accident,80,No,237636,145.2869,-38.17675,Non-Intersection,CASEY,METROPOLITAN SOUTH EAST REGION,2525140.346,2369367.37,3,3,0,2,1,0,2,1,0,1,2,0,0,0,0,0,0,0,0,1,No,0,2,0,2,0,0,Country,Country,CASEY,METROPOLITAN SOUTH EAST REGION,,,Local Road,Local Road,Undivided,Undivided,Metro,-4249815.829129382,16173264.20560707
571,-38.01532086,145.3282022,1572,T20100033026,ABS to receive accident,Finished,17-08-2010,12.40.00,No,Collision with vehicle,Tuesday,RIGHT NEAR (INTERSECTIONS ONLY),No,Day,Yes,T intersection,Other injury accident,70,No,229680,145.3282,-38.01532,Intersection,CASEY,METROPOLITAN SOUTH EAST REGION,2528820.8880000003,2387273.9480000003,2,1,0,0,1,1,1,1,1,0,1,0,0,0,0,0,0,0,0,0,No,0,2,0,1,0,0,Metropolitan Excluding CBD,Metropolitan Excluding CBD,CASEY,METROPOLITAN SOUTH EAST REGION,,,Local Road,Local Road,Undivided,Undivided,Metro,-4231846.160478111,16177861.4668059
572,-37.7425598,145.0226137,1573,T20100033030,ABS to receive accident,Finished,17-08-2010,13.20.00,No,Collision with vehicle,Tuesday,CROSS TRAFFIC(INTERSECTIONS ONLY),No,Day,Yes,Cross intersection,Other injury accident,60,No,44460,145.02261000000001,-37.74256,Intersection,DAREBIN,METROPOLITAN NORTH WEST REGION,2501993.006,2417597.264,2,1,0,0,1,1,1,1,0,0,2,0,0,0,0,0,0,0,0,0,No,0,2,0,2,0,0,Metropolitan Excluding CBD,Metropolitan Excluding CBD,DAREBIN,METROPOLITAN NORTH WEST REGION,,,Arterial Highway,"Arterial Highway,Local Road",Undivided,Undivided,Metro,-4201482.538170678,16143843.51059362
573,-37.81770618,144.9665684,1574,T20100033032,ABS to receive accident,Finished,17-08-2010,15.50.00,No,Struck Pedestrian,Tuesday,PED EMERGES FROM IN FRONT OF PARKED OR STATIONARY VEHICLE,No,Day,Yes,Not at intersection,Serious injury accident,50,No,74935,144.96657,-37.81771,Non-Intersection,MELBOURNE,METROPOLITAN NORTH WEST REGION,2497056.514,2409256.809,2,1,0,1,0,1,0,2,0,0,1,1,0,0,0,0,0,0,0,0,No,0,1,0,0,0,1,Metropolitan CBD Only,"Metropolitan Excluding CBD,Metropolitan CBD Only",MELBOURNE,METROPOLITAN NORTH WEST REGION,,,Local Road,Local Road,Undivided,Undivided,Metro,-4209847.794927235,16137604.576336263
574,-37.71696124,145.0431731,1575,T20100033033,ABS to receive accident,Finished,17-08-2010,10.23.00,No,Collision with a fixed object,Tuesday,LEFT OFF CARRIAGEWAY INTO OBJECT/PARKED VEHICLE,Yes,Day,Yes,Cross intersection,Serious injury accident,70,Yes,225644,145.04317,-37.71696,Intersection,DAREBIN,METROPOLITAN NORTH WEST REGION,2503806.247,2420437.655,1,1,0,1,0,0,1,0,0,0,1,0,0,0,0,0,0,0,0,0,No,0,1,0,1,0,0,Metropolitan Excluding CBD,Metropolitan Excluding CBD,DAREBIN,METROPOLITAN NORTH WEST REGION,,,Arterial Highway,"Arterial Highway,Arterial Other",Undivided,Undivided,Metro,-4198632.919506437,16146132.172532633
575,-37.7741453,144.9609276,1576,T20100033051,ABS to receive accident,Finished,17-08-2010,17.56.00,No,Collision with vehicle,Tuesday,REAR END(VEHICLES IN SAME LANE),No,Dark Street lights on,Yes,Not at intersection,Other injury accident,60,No,236817,144.96093,-37.77415,Non-Intersection,MORELAND,METROPOLITAN NORTH WEST REGION,2496557.889,2414091.286,3,1,0,0,1,2,2,1,0,0,2,0,0,1,0,0,0,0,0,0,No,0,3,0,2,1,0,Metropolitan Excluding CBD,Metropolitan Excluding CBD,MORELAND,METROPOLITAN NORTH WEST REGION,,,Arterial Other,Arterial Other,Undivided,Undivided,Metro,-4204998.619947128,16136976.645352596
576,-37.90082062,145.1054678,1577,T20100033053,ABS to receive accident,Finished,17-08-2010,17.40.00,No,Collision with vehicle,Tuesday,RIGHT THROUGH,No,Dusk/Dawn,Yes,Cross intersection,Other injury accident,60,No,41640,145.10547,-37.90082,Intersection,MONASH,METROPOLITAN SOUTH EAST REGION,2509275.6890000002,2400027.365,2,1,0,0,1,1,2,0,0,0,2,0,0,0,0,0,0,0,0,0,No,0,2,0,2,0,0,Metropolitan Excluding CBD,Metropolitan Excluding CBD,MONASH,METROPOLITAN SOUTH EAST REGION,,,Arterial Highway,"Arterial Highway,Local Road,Arterial Other",Undivided,Undivided,Metro,-4219100.0520656025,16153066.786815755
577,-37.6603496,145.03059319999997,1578,T20100033058,ABS to receive accident,Finished,17-08-2010,17.30.00,No,Collision with vehicle,Tuesday,REAR END(VEHICLES IN SAME LANE),No,Day,No,Not at intersection,Serious injury accident,40,No,236429,145.03059,-37.66035,Non-Intersection,WHITTLESEA,METROPOLITAN NORTH WEST REGION,2502699.1890000002,2426720.941,3,1,0,1,0,2,2,1,0,1,2,0,0,0,0,0,0,0,0,0,No,0,2,0,2,0,0,Metropolitan Excluding CBD,Metropolitan Excluding CBD,WHITTLESEA,METROPOLITAN NORTH WEST REGION,,,Arterial Other,Arterial Other,Undivided,Undivided,Metro,-4192330.9405686646,16144731.7844704
578,-37.88935012,145.271074,1579,T20100033062,ABS to receive accident,Finished,15-08-2010,01.45.00,Yes,Struck Pedestrian,Sunday,VEH STRIKES PED ON FOOTPATH/MEDIAN/TRAFFIC ISLAND.,No,Dark Street lights on,Yes,Cross intersection,Other injury accident,50,No,240116,145.27107,-37.88935,Intersection,KNOX,METROPOLITAN SOUTH EAST REGION,2523844.039,2401271.68,4,3,0,0,3,1,3,0,0,0,1,3,0,0,0,0,0,0,0,0,No,0,1,0,1,0,0,Metropolitan Excluding CBD,Metropolitan Excluding CBD,KNOX,METROPOLITAN SOUTH EAST REGION,,,Local Road,Local Road,Undivided,Undivided,Metro,-4217823.161846459,16171501.984671963
579,-38.34108248,144.9629716,1580,T20100033080,ABS to receive accident,Finished,17-08-2010,18.30.00,Yes,Collision with vehicle,Tuesday,VEHICLE COLLIDES WITH VEHICLE PARKED ON LEFT OF ROAD,No,Dark Street lights on,Yes,Not at intersection,Serious injury accident,50,No,239131,144.96296999999998,-38.34108,Non-Intersection,MORNINGTON PENINSULA,METROPOLITAN SOUTH EAST REGION,2496762.43,2351161.317,1,1,0,1,0,0,1,0,0,0,1,0,0,0,0,0,0,0,1,0,No,0,2,0,1,0,0,Metropolitan Excluding CBD,Metropolitan Excluding CBD,MORNINGTON PENINSULA,METROPOLITAN SOUTH EAST REGION,,,Local Road,Local Road,Undivided,Undivided,Metro,-4268109.778136502,16137204.182391778
580,-37.83505168,145.0610561,1581,T20100033082,ABS to receive accident,Finished,16-08-2010,14.00.00,No,Collision with vehicle,Monday,LEFT TURN SIDESWIPE,No,Day,Yes,Multiple intersection,Other injury accident,60,No,66687,145.06106,-37.83505,Intersection,BOROONDARA,METROPOLITAN SOUTH EAST REGION,2505374.453,2407330.463,3,1,0,0,1,2,3,0,0,1,1,0,0,1,0,0,0,0,0,0,No,0,2,0,1,1,0,Metropolitan Excluding CBD,Metropolitan Excluding CBD,BOROONDARA,METROPOLITAN SOUTH EAST REGION,,,Arterial Other,"Arterial Other,Local Road",Undivided,Undivided,Metro,-4211778.687154789,16148122.898986492
581,-38.34087133,143.6013165,1582,T20100033089,ABS to receive accident,Finished,17-08-2010,21.55.00,Yes,Collision with vehicle,Tuesday,CROSS TRAFFIC(INTERSECTIONS ONLY),No,Dark Street lights on,Yes,Cross intersection,Serious injury accident,60,No,73512,143.60132,-38.34087,Intersection,COLAC OTWAY,SOUTH WESTERN REGION,2377710.512,2350287.03,2,1,0,1,0,1,1,1,0,0,1,0,0,1,0,0,0,0,0,1,Yes,0,2,0,1,1,0,Small Provincial Cities,Small Provincial Cities,COLAC OTWAY,SOUTH WESTERN REGION,C,C,Arterial Other,"Arterial Other,Local Road",Undivided,Undivided,Country,-4268086.273026021,15985625.430023713
582,-37.75274644,145.6940785,1583,T20100033093,ABS to receive accident,Finished,18-08-2010,00.40.00,Yes,Collision with a fixed object,Wednesday,OFF RIGHT BEND INTO OBJECT/PARKED VEHICLE,No,Dark Street lights on,Yes,Not at intersection,Serious injury accident,50,Yes,236473,145.69408,-37.75275,Non-Intersection,YARRA RANGES,METROPOLITAN SOUTH EAST REGION,2561162.162,2416243.984,1,1,0,1,0,0,1,0,0,0,1,0,0,0,0,0,0,0,0,1,Yes,1,1,0,1,0,0,Other Towns,Other Towns,YARRA RANGES,METROPOLITAN SOUTH EAST REGION,B,B,Arterial Highway,Arterial Highway,Undivided,Undivided,Metro,-4202616.509748371,16218590.630215228
583,-38.01301575,145.2017565,1584,T20100033094,ABS to receive accident,Finished,17-08-2010,23.00.00,Yes,Collision with vehicle,Tuesday,RIGHT NEAR (INTERSECTIONS ONLY),No,Dark Street lights on,Yes,T intersection,Serious injury accident,60,No,35860,145.20176,-38.013020000000004,Intersection,DANDENONG,METROPOLITAN SOUTH EAST REGION,2517717.699,2387560.714,2,2,0,2,0,0,2,0,0,0,2,0,0,0,0,0,0,0,0,1,Yes,0,2,0,2,0,0,Metropolitan Excluding CBD,Metropolitan Excluding CBD,DANDENONG,METROPOLITAN SOUTH EAST REGION,,,Arterial Other,"Arterial Other,Local Road",Undivided,Undivided,Metro,-4231589.556806688,16163785.595868899
584,-37.87812657,145.04763490000002,1585,T20100033113,ABS to receive accident,Finished,18-08-2010,07.55.00,No,Struck Pedestrian,Wednesday,PED NEAR SIDE. PED HIT BY VEHICLE FROM THE RIGHT.,No,Day,No,Cross intersection,Other injury accident,60,No,57918,145.04763,-37.87813,Intersection,STONNINGTON,METROPOLITAN SOUTH EAST REGION,2504190.655,2402550.287,2,1,0,0,1,1,0,2,0,0,1,1,0,0,0,0,0,0,0,0,No,0,1,0,1,0,0,Metropolitan Excluding CBD,Metropolitan Excluding CBD,STONNINGTON,METROPOLITAN SOUTH EAST REGION,,,Arterial Highway,"Arterial Highway,Arterial Other",Undivided,Undivided,Metro,-4216573.761975566,16146628.857836658
585,-37.73670262,144.89353909999997,1586,T20100033122,ABS to receive accident,Finished,18-08-2010,08.42.00,No,Collision with vehicle,Wednesday,VEHICLE STRIKES ANOTHER VEH WHILE EMERGING FROM DRIVEWAY,No,Day,Yes,Not at intersection,Serious injury accident,50,No,235919,144.89354,-37.7367,Non-Intersection,MOONEE VALLEY,METROPOLITAN NORTH WEST REGION,2490616.598,2418242.307,2,1,0,1,0,1,1,1,0,0,1,0,0,1,0,0,0,0,0,0,No,0,2,0,1,1,0,Metropolitan Excluding CBD,Metropolitan Excluding CBD,MOONEE VALLEY,METROPOLITAN NORTH WEST REGION,,,Local Road,Local Road,Undivided,Undivided,Metro,-4200830.519875593,16129474.99184727
586,-37.80463161,144.988465,1587,T20100033124,ABS to receive accident,Finished,17-08-2010,11.30.00,No,Collision with vehicle,Tuesday,OTHER OVERTAKING MANOEUVRES NOT INCLUDED IN DCAs 150-154,No,Day,Yes,T intersection,Other injury accident,50,No,236631,144.98846,-37.804629999999996,Intersection,YARRA,METROPOLITAN NORTH WEST REGION,2498984.222,2410708.373,3,2,0,0,2,1,1,0,0,1,2,0,0,0,0,0,0,0,0,1,No,0,3,0,3,0,0,Metropolitan Excluding CBD,Metropolitan Excluding CBD,YARRA,METROPOLITAN NORTH WEST REGION,,,Local Road,Local Road,Undivided,Undivided,Metro,-4208392.340452494,16140042.094698368
587,-37.57857383,143.8893388,1588,T20100033130,ABS to receive accident,Finished,18-08-2010,10.30.00,No,Collision with a fixed object,Wednesday,LEFT OFF CARRIAGEWAY INTO OBJECT/PARKED VEHICLE,No,Day,Yes,Not at intersection,Other injury accident,60,Yes,235816,143.88934,-37.57857,Non-Intersection,BALLARAT,WESTERN REGION,2401904.443,2435224.5319999997,1,1,0,0,1,0,1,0,0,0,1,0,0,0,0,0,0,0,0,1,No,0,1,0,1,0,0,Large Provincial Cities,Large Provincial Cities,BALLARAT,WESTERN REGION,,,Local Road,Local Road,Undivided,Undivided,Country,-4183227.7034930363,16017687.92579682
588,-38.08650747,145.1827025,1589,T20100033131,ABS to receive accident,Finished,18-08-2010,07.05.00,No,Collision with a fixed object,Wednesday,RIGHT OFF CARRIAGEWAY INTO OBJECT/PARKED VEHICLE,No,Day,Yes,Not at intersection,Serious injury accident,80,Yes,235818,145.1827,-38.08651,Non-Intersection,FRANKSTON,METROPOLITAN SOUTH EAST REGION,2516028.768,2379406.589,1,1,0,1,0,0,0,1,0,0,1,0,0,0,0,0,0,0,0,0,No,0,1,0,1,0,0,Metropolitan Excluding CBD,Metropolitan Excluding CBD,FRANKSTON,METROPOLITAN SOUTH EAST REGION,,,Arterial Highway,Arterial Highway,Undivided,Undivided,Metro,-4239770.61765461,16161664.514291327
589,-37.941387899999995,145.0098604,1590,T20100033137,ABS to receive accident,Finished,31-07-2010,13.00.00,No,Collision with vehicle,Saturday,VEHICLE COLLIDES WITH VEHICLE PARKED ON LEFT OF ROAD,No,Day,No,Not at intersection,Other injury accident,50,No,235920,145.00986,-37.941390000000006,Non-Intersection,BAYSIDE,METROPOLITAN SOUTH EAST REGION,2500866.735,2395529.798,1,1,0,0,1,0,1,0,1,0,0,0,0,0,0,1,0,0,0,0,No,0,2,0,1,0,0,Metropolitan Excluding CBD,Metropolitan Excluding CBD,BAYSIDE,METROPOLITAN SOUTH EAST REGION,,,Local Road,Local Road,Undivided,Undivided,Metro,-4223615.98101807,16142423.819731686
590,-35.9313556,145.3317399,1591,T20100033138,ABS to receive accident,Finished,07-08-2010,06.35.00,Yes,Struck animal,Saturday,STRUCK ANIMAL,No,Dark No street lights,No,Not at intersection,Serious injury accident,100,No,235921,145.33174,-35.93136,Non-Intersection,MOIRA,NORTH EASTERN REGION,2529937.371,2618521.694,1,1,0,1,0,0,1,0,0,0,0,0,0,1,0,0,0,0,0,0,No,0,1,0,0,1,0,Country,Country,MOIRA,NORTH EASTERN REGION,,,Local Road,Local Road,Undivided,Undivided,Country,-3999860.208904039,16178255.28176848
591,-37.77387606,145.1142721,1592,T20100033140,ABS to receive accident,Finished,15-08-2010,15.45.00,No,Collision with vehicle,Sunday,RIGHT NEAR (INTERSECTIONS ONLY),No,Day,No,Cross intersection,Other injury accident,70,No,38301,145.11427,-37.77388,Intersection,MANNINGHAM,METROPOLITAN SOUTH EAST REGION,2510066.923,2414115.832,3,1,0,0,1,2,2,1,0,1,2,0,0,0,0,0,0,0,0,0,No,0,2,0,2,0,0,Metropolitan Excluding CBD,Metropolitan Excluding CBD,MANNINGHAM,METROPOLITAN SOUTH EAST REGION,,,Arterial Other,"Arterial Other,Local Road",Undivided,Undivided,Metro,-4204968.648287427,16154046.877008546
592,-37.92655039,145.2441491,1593,T20100033141,ABS to receive accident,Finished,12-08-2010,19.00.00,Yes,Collision with vehicle,Thursday,REAR END(VEHICLES IN SAME LANE),No,Day,No,T intersection,Other injury accident,80,No,42664,145.24415,-37.92655,Intersection,KNOX,METROPOLITAN SOUTH EAST REGION,2521465.1,2397149.179,3,1,0,0,1,2,2,0,0,0,2,0,0,0,1,0,0,0,0,1,No,0,3,0,2,0,0,Metropolitan Excluding CBD,Metropolitan Excluding CBD,KNOX,METROPOLITAN SOUTH EAST REGION,C,C,Arterial Other,"Arterial Other,Local Road",Undivided,Undivided,Metro,-4221964.276960231,16168504.718514303
593,-37.88817363,145.15769269999998,1594,T20100033142,ABS to receive accident,Finished,18-08-2010,09.27.00,No,Collision with vehicle,Wednesday,CROSS TRAFFIC(INTERSECTIONS ONLY),No,Day,Yes,Cross intersection,Other injury accident,60,No,41776,145.15769,-37.88817,Intersection,MONASH,METROPOLITAN SOUTH EAST REGION,2513871.091,2401424.719,3,1,0,0,1,2,1,2,0,1,2,0,0,0,0,0,0,0,0,0,No,0,2,0,2,0,0,Metropolitan Excluding CBD,Metropolitan Excluding CBD,MONASH,METROPOLITAN SOUTH EAST REGION,,,Arterial Other,"Arterial Other,Local Road",Undivided,Undivided,Metro,-4217692.195578735,16158880.436090484
594,-38.64783558,143.8813134,1595,T20100033153,ABS to receive accident,Finished,18-08-2010,12.20.00,No,Collision with vehicle,Wednesday,HEAD ON (NOT OVERTAKING),No,Day,Yes,Not at intersection,Serious injury accident,80,No,235925,143.88131,-38.64784,Non-Intersection,COLAC OTWAY,SOUTH WESTERN REGION,2402590.372,2316531.769,3,1,0,1,0,2,2,1,0,1,1,0,0,1,0,0,0,0,0,0,No,0,2,0,1,1,0,Country,Country,COLAC OTWAY,SOUTH WESTERN REGION,B,B,Arterial Highway,Arterial Highway,Undivided,Undivided,Country,-4302257.37702776,16016794.542355413
595,-37.85624846,144.85290769999997,1596,T20100033158,ABS to receive accident,Finished,12-07-2010,19.15.00,Yes,Collision with a fixed object,Monday,OFF RIGHT BEND INTO OBJECT/PARKED VEHICLE,No,Dark No street lights,No,Not at intersection,Other injury accident,50,Yes,235928,144.85291,-37.85625,Non-Intersection,HOBSONS BAY,METROPOLITAN NORTH WEST REGION,2487055.872,2404969.582,1,1,0,0,1,0,0,1,0,0,1,0,0,0,0,0,0,0,0,1,No,0,1,0,1,0,0,Metropolitan Excluding CBD,Metropolitan Excluding CBD,HOBSONS BAY,METROPOLITAN NORTH WEST REGION,,,Local Road,Local Road,Undivided,Undivided,Metro,-4214138.3019108465,16124951.925089054
596,-38.18601576,146.2420517,1597,T20100033162,ABS to receive accident,Finished,15-08-2010,14.20.00,No,Struck Pedestrian,Sunday,ANY MANOEUVRE INVOLVING PED NOT INCLUDED IN DCAs 100-108.,Yes,Day,Yes,Not at intersection,Other injury accident,Not known,No,235929,146.24205,-38.18602,Non-Intersection,LATROBE,EASTERN REGION,2608819.98,2367666.269,2,2,0,0,2,0,2,0,0,0,1,1,0,0,0,0,0,0,0,1,No,0,1,0,1,0,0,Small Provincial Cities,Small Provincial Cities,LATROBE,"EASTERN REGION,EASTERN REGION",,,Local Road,Local Road,Undivided,Undivided,Country,-4250847.829827119,16279590.727807587
597,-37.84040848,145.01092419999998,1598,T20100033169,ABS to receive accident,Finished,18-08-2010,15.10.00,No,Collision with vehicle,Wednesday,LEFT NEAR (INTERSECTIONS ONLY),No,Day,Yes,T intersection,Other injury accident,40,No,37769,145.01092,-37.84041,Intersection,STONNINGTON,METROPOLITAN SOUTH EAST REGION,2500961.529,2406737.589,2,1,0,0,1,1,1,1,0,0,2,0,0,0,0,0,0,0,0,1,No,0,2,0,2,0,0,Metropolitan Excluding CBD,Metropolitan Excluding CBD,STONNINGTON,METROPOLITAN SOUTH EAST REGION,,,Local Road,Local Road,Undivided,Undivided,Metro,-4212375.003403071,16142542.241405988
598,-36.31738342,146.6632571,1599,T20100033174,ABS to receive accident,Finished,18-08-2010,15.15.00,No,Collision with a fixed object,Wednesday,OFF LEFT BEND INTO OBJECT/PARKED VEHICLE,No,Day,Yes,Not at intersection,Serious injury accident,100,Yes,235938,146.66326,-36.31738,Non-Intersection,INDIGO,NORTH EASTERN REGION,2649342.531,2574436.504,1,1,0,1,0,0,1,0,0,0,0,0,0,1,0,0,0,0,0,0,No,0,1,0,0,1,0,Country,Country,INDIGO,NORTH EASTERN REGION,,,Local Road,Local Road,Undivided,Undivided,Country,-4042832.629258476,16326479.098454965
599,-37.753946299999996,145.0161098,1600,T20100033175,ABS to receive accident,Finished,18-08-2010,14.50.00,No,Collision with vehicle,Wednesday,VEHICLE STRIKES DOOR OF PARKED/STATIONARY VEHICLE,No,Day,Yes,Not at intersection,Other injury accident,60,No,235939,145.01611,-37.75395,Non-Intersection,DAREBIN,METROPOLITAN NORTH WEST REGION,2501419.585,2416333.6580000003,2,1,0,0,1,1,1,1,0,0,1,0,0,1,0,0,0,0,0,0,No,0,2,0,1,1,0,Metropolitan Excluding CBD,Metropolitan Excluding CBD,DAREBIN,METROPOLITAN NORTH WEST REGION,,,Local Road,Local Road,Undivided,Undivided,Metro,-4202750.077552594,16143119.49975745