,Latitude,Longitude,OBJECTID,ACCIDENT_NO,ABS_CODE,ACCIDENT_STATUS,ACCIDENT_DATE,ACCIDENT_TIME,ALCOHOLTIME,ACCIDENT_TYPE,DAY_OF_WEEK,DCA_CODE,HIT_RUN_FLAG,LIGHT_CONDITION,POLICE_ATTEND,ROAD_GEOMETRY,SEVERITY,SPEED_ZONE,RUN_OFFROAD,NODE_ID,LONGITUDE,LATITUDE,NODE_TYPE,LGA_NAME,REGION_NAME,VICGRID_X,VICGRID_Y,TOTAL_PERSONS,INJ_OR_FATAL,FATALITY,SERIOUSINJURY,OTHERINJURY,NONINJURED,MALES,FEMALES,BICYCLIST,PASSENGER,DRIVER,PEDESTRIAN,PILLION,MOTORIST,UNKNOWN,PED_CYCLIST_5_12,PED_CYCLIST_13_18,OLD_PEDESTRIAN,OLD_DRIVER,YOUNG_DRIVER,ALCOHOL_RELATED,UNLICENCSED,NO_OF_VEHICLES,HEAVYVEHICLE,PASSENGERVEHICLE,MOTORCYCLE,PUBLICVEHICLE,DEG_URBAN_NAME,DEG_URBAN_ALL,LGA_NAME_ALL,REGION_NAME_ALL,SRNS,SRNS_ALL,RMA,RMA_ALL,DIVIDED,DIVIDED_ALL,STAT_DIV_NAME,x_mercator,y_mercator
600,-37.20795584,145.6809846,1601,T20100033177,ABS to receive accident,Finished,11-07-2010,12.00.00,No,No collision and no object struck,Sunday,OUT OF CONTROL ON CARRIAGEWAY (ON BEND),No,Day,No,Not at intersection,Other injury accident,Not known,No,235940,145.68098,-37.20796,Non-Intersection,MURRINDINDI,NORTH EASTERN REGION,2560440.808,2476708.423,1,1,0,0,1,0,1,0,0,0,0,0,0,1,0,0,0,0,0,0,No,0,1,0,0,1,0,Country,Country,"MURRINDINDI,MURRINDINDI",NORTH EASTERN REGION,,,Local Road,Local Road,Undivided,Undivided,Country,-4141970.6975674094,16217133.023934726
601,-37.79965241,144.95503440000002,1602,T20100033178,ABS to receive accident,Finished,16-08-2010,12.30.00,No,Collision with vehicle,Monday,RIGHT THROUGH,No,Day,Yes,Cross intersection,Serious injury accident,60,No,35304,144.95503,-37.79965,Intersection,MELBOURNE,METROPOLITAN NORTH WEST REGION,2496040.056,2411260.125,3,1,0,1,0,2,0,1,1,1,1,0,0,0,0,0,0,0,0,0,No,0,2,0,1,0,0,Metropolitan Excluding CBD,Metropolitan Excluding CBD,MELBOURNE,METROPOLITAN NORTH WEST REGION,,,Arterial Other,"Arterial Other,Local Road",Undivided,Undivided,Metro,-4207838.058443936,16136320.617329456
602,-37.66064587,145.02837580000002,1603,T20100033182,ABS to receive accident,Finished,18-08-2010,08.45.00,No,Struck Pedestrian,Wednesday,FAR SIDE. PED HIT BY VEHICLE FROM THE LEFT,Yes,Day,No,Not at intersection,Other injury accident,40,No,236430,145.02838,-37.66065,Non-Intersection,WHITTLESEA,METROPOLITAN NORTH WEST REGION,2502503.543,2426688.122,3,1,0,0,1,2,2,1,0,1,1,1,0,0,0,1,0,0,0,0,No,0,1,0,1,0,0,Metropolitan Excluding CBD,Metropolitan Excluding CBD,WHITTLESEA,METROPOLITAN NORTH WEST REGION,,,Arterial Other,Arterial Other,Undivided,Undivided,Metro,-4192363.9211942013,16144484.944631523
603,-38.60254148,145.5931753,1604,T20100033183,ABS to receive accident,Finished,18-08-2010,16.10.00,No,Collision with vehicle,Wednesday,CROSS TRAFFIC(INTERSECTIONS ONLY),No,Day,Yes,Cross intersection,Other injury accident,60,No,50444,145.59318000000002,-38.602540000000005,Intersection,BASS COAST,EASTERN REGION,2551682.9269999997,2321972.371,3,1,0,0,1,2,1,2,0,0,3,0,0,0,0,0,0,0,1,1,No,0,3,0,3,0,0,Other Towns,Other Towns,BASS COAST,"EASTERN REGION,EASTERN REGION",B,"B,C",Arterial Highway,"Arterial Highway,Local Road,Arterial Other",Undivided,Undivided,Country,-4297215.260879821,16207358.137371816
604,-37.8868991,144.6739446,1605,T20100033184,ABS to receive accident,Finished,13-08-2010,08.15.00,No,Collision with vehicle,Friday,VEHICLE STRIKES ANOTHER VEH WHILE EMERGING FROM DRIVEWAY,No,Day,No,Not at intersection,Other injury accident,Other speed limit,No,235941,144.67394,-37.8869,Non-Intersection,WYNDHAM,METROPOLITAN NORTH WEST REGION,2471318.8109999998,2401528.5519999997,2,1,0,0,1,1,1,1,1,0,1,0,0,0,0,1,0,0,0,0,No,0,2,0,1,0,0,Metropolitan Excluding CBD,Metropolitan Excluding CBD,WYNDHAM,METROPOLITAN NORTH WEST REGION,,,Local Road,Local Road,Undivided,Undivided,Metro,-4217550.315548135,16105029.84392627
605,-37.87106054,145.12988169999997,1606,T20100033185,ABS to receive accident,Finished,14-07-2010,19.45.00,Yes,Collision with vehicle,Wednesday,RIGHT REAR.,No,Dark Street lights on,No,T intersection,Serious injury accident,60,No,68007,145.12988,-37.87106,Intersection,MONASH,METROPOLITAN SOUTH EAST REGION,2511427.347,2403327.8,4,1,0,1,0,3,2,2,0,1,3,0,0,0,0,0,0,0,1,0,No,0,3,0,3,0,0,Metropolitan Excluding CBD,Metropolitan Excluding CBD,MONASH,METROPOLITAN SOUTH EAST REGION,,,Arterial Other,"Arterial Other,Local Road",Undivided,Undivided,Metro,-4215787.175114037,16155784.52973203
606,-38.12275321,144.6347281,1607,T20100033193,ABS to receive accident,Finished,18-08-2010,17.10.00,No,Collision with vehicle,Wednesday,RIGHT REAR.,No,Dusk/Dawn,Yes,Cross intersection,Other injury accident,60,No,235942,144.63473,-38.12275,Intersection,GEELONG,SOUTH WESTERN REGION,2467969.627,2375337.165,9,4,0,0,4,5,2,7,0,6,3,0,0,0,0,0,0,0,0,0,No,0,3,0,3,0,0,Other Towns,"Other Towns,Country",GEELONG,SOUTH WESTERN REGION,C,C,Arterial Other,"Arterial Other,Local Road",Undivided,Undivided,Country,-4243805.474974835,16100664.283115577
607,-36.21077315,144.0481824,1608,T20100033194,ABS to receive accident,Finished,18-08-2010,10.45.00,No,No collision and no object struck,Wednesday,OTHER ACCIDENTS-OFF STRAIGHT NOT INCLUDED IN DCAs 170-175,No,Day,No,Not at intersection,Other injury accident,100,No,235943,144.04818,-36.210770000000004,Non-Intersection,LODDON,NORTHERN REGION,2414415.865,2587142.364,1,1,0,0,1,0,0,1,0,0,1,0,0,0,0,0,0,0,0,0,No,0,1,0,1,0,0,Country,Country,LODDON,NORTHERN REGION,C,C,Arterial Other,Arterial Other,Undivided,Undivided,Country,-4030964.828288743,16035370.314464591
608,-36.7929216,141.632688,1609,T20100033196,ABS to receive accident,Finished,18-08-2010,15.30.00,No,Collision with a fixed object,Wednesday,RIGHT OFF CARRIAGEWAY INTO OBJECT/PARKED VEHICLE,No,Day,Yes,Not at intersection,Serious injury accident,100,Yes,235944,141.63269,-36.79292,Non-Intersection,WEST WIMMERA,WESTERN REGION,2199565.313,2517663.36,1,1,0,1,0,0,0,1,0,0,1,0,0,0,0,0,0,0,1,0,No,0,1,0,1,0,0,Country,Country,WEST WIMMERA,WESTERN REGION,C,C,Arterial Other,Arterial Other,Undivided,Undivided,Country,-4095769.297308836,15766478.707842588
609,-37.66567784,144.93876799999998,1610,T20100033197,ABS to receive accident,Finished,18-08-2010,17.50.00,No,Collision with vehicle,Wednesday,RIGHT NEAR (INTERSECTIONS ONLY),No,Dark Street lights on,Yes,T intersection,Other injury accident,60,No,45075,144.93877,-37.66568,Intersection,HUME,METROPOLITAN NORTH WEST REGION,2494597.978,2426128.306,5,1,0,0,1,4,4,1,0,3,2,0,0,0,0,0,0,0,0,0,No,0,2,0,2,0,0,Metropolitan Excluding CBD,Metropolitan Excluding CBD,HUME,METROPOLITAN NORTH WEST REGION,,,Arterial Other,"Arterial Other,Local Road",Undivided,Undivided,Metro,-4192924.0775322886,16134509.849964412
610,-38.18048384,146.2489961,1611,T20100033199,ABS to receive accident,Finished,18-08-2010,16.35.00,No,Collision with a fixed object,Wednesday,RIGHT OFF CARRIAGEWAY INTO OBJECT/PARKED VEHICLE,No,Day,Yes,Not at intersection,Other injury accident,70,Yes,235945,146.249,-38.180479999999996,Non-Intersection,LATROBE,EASTERN REGION,2609436.422,2368272.336,2,2,0,0,2,0,0,2,0,1,1,0,0,0,0,0,0,0,0,0,No,0,1,0,1,0,0,Small Provincial Cities,Small Provincial Cities,LATROBE,"EASTERN REGION,EASTERN REGION",C,C,Arterial Other,Arterial Other,Undivided,Undivided,Country,-4250232.01930961,16280363.774879454
611,-37.96809585,145.0776096,1612,T20100033204,ABS to receive accident,Finished,26-07-2010,15.30.00,No,Struck Pedestrian,Monday,ANY MANOEUVRE INVOLVING PED NOT INCLUDED IN DCAs 100-108.,No,Day,No,T intersection,Other injury accident,50,No,42802,145.07761000000002,-37.9681,Intersection,KINGSTON,METROPOLITAN SOUTH EAST REGION,2506819.5319999997,2392562.637,2,1,0,0,1,1,1,1,0,0,1,1,0,0,0,0,0,0,0,0,No,0,1,0,1,0,0,Metropolitan Excluding CBD,Metropolitan Excluding CBD,KINGSTON,METROPOLITAN SOUTH EAST REGION,,,Arterial Other,"Arterial Other,Local Road",Undivided,Undivided,Metro,-4226589.096412203,16149965.626177335
612,-37.6481159,145.0198331,1613,T20100033213,ABS to receive accident,Finished,18-08-2010,18.10.00,Yes,Collision with vehicle,Wednesday,VEHICLE STRIKES ANOTHER VEH WHILE EMERGING FROM DRIVEWAY,No,Dark Street lights on,Yes,Not at intersection,Serious injury accident,60,No,236431,145.01983,-37.64812,Non-Intersection,WHITTLESEA,METROPOLITAN NORTH WEST REGION,2501750.124,2428078.892,4,1,0,1,0,3,1,3,0,2,2,0,0,0,0,0,0,0,0,0,No,0,2,0,2,0,0,Metropolitan Excluding CBD,Metropolitan Excluding CBD,WHITTLESEA,METROPOLITAN NORTH WEST REGION,,,Local Road,Local Road,Undivided,Undivided,Metro,-4190969.0913141463,16143533.97561752
613,-37.78463091,144.8732938,1614,T20100033214,ABS to receive accident,Finished,18-08-2010,19.30.00,Yes,Struck Pedestrian,Wednesday,PED NEAR SIDE. PED HIT BY VEHICLE FROM THE RIGHT.,No,Dark Street lights on,Yes,T intersection,Serious injury accident,60,No,64569,144.87329,-37.78463,Intersection,MARIBYRNONG,METROPOLITAN NORTH WEST REGION,2488839.268,2412920.813,2,1,0,1,0,1,2,0,0,0,1,1,0,0,0,0,0,1,0,1,No,0,1,0,1,0,0,Metropolitan Excluding CBD,Metropolitan Excluding CBD,MARIBYRNONG,METROPOLITAN NORTH WEST REGION,,,Arterial Other,"Arterial Other,Local Road",Undivided,Undivided,Metro,-4206165.872712985,16127221.295360316
614,-37.80030062,144.9439783,1615,T20100033219,ABS to receive accident,Finished,18-08-2010,16.38.00,No,Collision with vehicle,Wednesday,RIGHT TURN SIDESWIPE,No,Dusk/Dawn,Yes,Multiple intersection,Other injury accident,60,No,29373,144.94398,-37.8003,Intersection,MELBOURNE,METROPOLITAN NORTH WEST REGION,2495066.435,2411187.665,2,1,0,0,1,1,1,1,1,0,1,0,0,0,0,0,0,0,0,0,No,0,2,0,1,0,0,Metropolitan Excluding CBD,Metropolitan Excluding CBD,MELBOURNE,METROPOLITAN NORTH WEST REGION,,,Arterial Other,"Arterial Other,Local Road",Undivided,Undivided,Metro,-4207910.216851063,16135089.857907293
615,-37.59423776,144.46347680000002,1616,T20100033240,ABS to receive accident,Finished,18-08-2010,19.40.00,Yes,Collision with vehicle,Wednesday,VEHICLE STRIKES ANOTHER VEH WHILE EMERGING FROM DRIVEWAY,No,Dark No street lights,Yes,Not at intersection,Other injury accident,100,No,235952,144.46348,-37.59424,Non-Intersection,MOORABOOL,WESTERN REGION,2452622.3,2433924.91,6,2,0,0,2,4,2,4,0,4,2,0,0,0,0,0,0,0,0,0,No,0,2,0,2,0,0,Country,Country,MOORABOOL,WESTERN REGION,C,C,Arterial Other,Arterial Other,Undivided,Undivided,Country,-4184971.4042044575,16081600.675601894
616,-37.85389179,145.0526374,1617,T20100033247,ABS to receive accident,Finished,19-08-2010,07.00.00,No,Struck Pedestrian,Thursday,FAR SIDE. PED HIT BY VEHICLE FROM THE LEFT,No,Day,Yes,T intersection,Other injury accident,60,No,235954,145.05264,-37.85389,Intersection,STONNINGTON,METROPOLITAN SOUTH EAST REGION,2504632.24,2405239.866,2,1,0,0,1,1,2,0,0,0,1,1,0,0,0,0,1,0,0,0,No,0,1,0,1,0,0,Metropolitan Excluding CBD,Metropolitan Excluding CBD,STONNINGTON,METROPOLITAN SOUTH EAST REGION,,,Arterial Other,"Arterial Other,Local Road",Undivided,Undivided,Metro,-4213875.958606479,16147185.733589351
617,-37.55644941,143.8185919,1618,T20100033254,ABS to receive accident,Finished,17-08-2010,08.45.00,No,Collision with vehicle,Monday,REAR END(VEHICLES IN SAME LANE),No,Day,No,Not at intersection,Other injury accident,60,No,286131,143.81859,-37.55645,Non-Intersection,BALLARAT,WESTERN REGION,2395625.7909999997,2437604.422,4,2,0,0,2,2,0,4,0,2,2,0,0,0,0,0,0,0,0,1,No,0,2,0,2,0,0,Large Provincial Cities,Large Provincial Cities,BALLARAT,WESTERN REGION,C,C,Arterial Other,Arterial Other,Undivided,Undivided,Country,-4180764.82432454,16009812.416913617
618,-37.2051593,145.0454099,1619,T20100033255,ABS to receive accident,Finished,18-08-2010,12.54.00,No,Struck Pedestrian,Wednesday,ANY MANOEUVRE INVOLVING PED NOT INCLUDED IN DCAs 100-108.,Yes,Day,Yes,Not at intersection,Serious injury accident,60,No,235955,145.04541,-37.20516,Non-Intersection,MITCHELL,NORTHERN REGION,2504030.535,2477233.955,4,1,0,1,0,3,2,2,0,2,1,1,0,0,0,0,0,0,0,1,No,0,1,0,1,0,0,Other Towns,Other Towns,MITCHELL,NORTHERN REGION,,,Arterial Other,Arterial Other,Undivided,Undivided,Country,-4141659.3881586264,16146381.171969641
619,-37.71689598,145.0090496,1620,T20100033258,ABS to receive accident,Finished,18-08-2010,09.10.00,No,Collision with vehicle,Wednesday,RIGHT TURN SIDESWIPE,No,Day,No,Not at intersection,Other injury accident,60,No,239704,145.00905,-37.7169,Non-Intersection,DAREBIN,METROPOLITAN NORTH WEST REGION,2500797.836,2420445.723,2,1,0,0,1,1,1,1,0,0,2,0,0,0,0,0,0,0,0,1,No,0,2,0,2,0,0,Metropolitan Excluding CBD,Metropolitan Excluding CBD,DAREBIN,METROPOLITAN NORTH WEST REGION,,,Arterial Other,Arterial Other,Undivided,Undivided,Metro,-4198625.654796466,16142333.561888551
620,-37.76894235,144.7685279,1621,T20100033261,ABS to receive accident,Finished,17-08-2010,10.45.00,No,Struck Pedestrian,Tuesday,ANY MANOEUVRE INVOLVING PED NOT INCLUDED IN DCAs 100-108.,Yes,Day,No,Not at intersection,Other injury accident,50,No,236433,144.76853,-37.76894,Non-Intersection,BRIMBANK,METROPOLITAN NORTH WEST REGION,2479606.898,2414644.651,2,1,0,0,1,1,1,0,0,0,1,1,0,0,0,0,0,1,0,0,No,0,2,0,2,0,0,Metropolitan Excluding CBD,Metropolitan Excluding CBD,BRIMBANK,METROPOLITAN NORTH WEST REGION,,,Arterial Other,Arterial Other,Undivided,Undivided,Metro,-4204419.430202506,16115558.80871982
621,-37.58614439,144.7474655,1622,T20100033272,ABS to receive accident,Finished,19-08-2010,08.00.00,No,Collision with vehicle,Thursday,HEAD ON (NOT OVERTAKING),No,Day,Yes,Not at intersection,Serious injury accident,50,No,238461,144.74747,-37.58614,Non-Intersection,HUME,METROPOLITAN NORTH WEST REGION,2477697.457,2434927.017,2,2,0,2,0,0,1,1,0,0,2,0,0,0,0,0,0,0,0,0,No,0,2,0,2,0,0,Small Provincial Cities,Small Provincial Cities,HUME,METROPOLITAN NORTH WEST REGION,C,C,Arterial Other,Arterial Other,Undivided,Undivided,Metro,-4184070.454377256,16113214.153076934
622,-37.56295074,143.86068830000002,1623,T20100033280,ABS to receive accident,Finished,18-08-2010,11.00.00,No,Collision with vehicle,Wednesday,REAR END(VEHICLES IN SAME LANE),Yes,Day,No,Not at intersection,Other injury accident,50,No,236136,143.86068999999998,-37.56295,Non-Intersection,BALLARAT,WESTERN REGION,2399353.353,2436928.309,2,1,0,0,1,1,0,1,0,0,2,0,0,0,0,0,0,0,0,0,No,0,2,0,2,0,0,Large Provincial Cities,Large Provincial Cities,BALLARAT,WESTERN REGION,,,Local Road,Local Road,Undivided,Undivided,Country,-4181488.5490696183,16014498.566725852
623,-37.91093998,145.0974886,1624,T20100033290,ABS to receive accident,Finished,19-08-2010,09.21.00,No,Collision with a fixed object,Thursday,LEFT OFF CARRIAGEWAY INTO OBJECT/PARKED VEHICLE,No,Day,Yes,Not at intersection,Serious injury accident,70,Yes,235956,145.09749,-37.910940000000004,Non-Intersection,MONASH,METROPOLITAN SOUTH EAST REGION,2508572.785,2398904.949,1,1,0,1,0,0,1,0,0,0,1,0,0,0,0,0,0,0,0,0,No,0,1,0,1,0,0,Metropolitan Excluding CBD,Metropolitan Excluding CBD,MONASH,METROPOLITAN SOUTH EAST REGION,,,Arterial Highway,Arterial Highway,Undivided,Undivided,Metro,-4220226.534067957,16152178.546334814
624,-36.39006225,145.36129419999997,1625,T20100033300,ABS to receive accident,Finished,18-08-2010,18.50.00,Yes,Collision with vehicle,Wednesday,CROSS TRAFFIC(INTERSECTIONS ONLY),No,Dark Street lights on,Yes,Cross intersection,Serious injury accident,50,No,59141,145.36129,-36.39006,Intersection,SHEPPARTON,NORTH EASTERN REGION,2532411.287,2567615.492,6,2,0,2,0,4,5,1,0,4,2,0,0,0,0,0,0,0,0,1,No,0,2,0,2,0,0,Small Provincial Cities,Small Provincial Cities,SHEPPARTON,NORTH EASTERN REGION,,,Local Road,Local Road,Undivided,Undivided,Country,-4050923.199605527,16181545.25139523
625,-37.69884255,144.7876159,1626,T20100033306,ABS to receive accident,Finished,19-08-2010,12.10.00,No,Collision with vehicle,Thursday,RIGHT FAR (INTERSECTIONS ONLY),No,Day,Yes,T intersection,Other injury accident,80,No,37081,144.78762,-37.698840000000004,Intersection,BRIMBANK,METROPOLITAN NORTH WEST REGION,2481271.232,2422428.484,3,1,0,0,1,2,1,2,0,1,2,0,0,0,0,0,0,0,0,0,No,0,2,0,2,0,0,Metropolitan Excluding CBD,Metropolitan Excluding CBD,BRIMBANK,METROPOLITAN NORTH WEST REGION,C,C,Arterial Other,"Arterial Other,Local Road",Undivided,Undivided,Metro,-4196615.956161795,16117683.675160078
626,-37.85594856,144.98251330000002,1627,T20100033310,ABS to receive accident,Finished,10-08-2010,15.05.00,No,Collision with a fixed object,Tuesday,LEFT OFF CARRIAGEWAY INTO OBJECT/PARKED VEHICLE,No,Day,No,Not at intersection,Other injury accident,60,Yes,235957,144.98251000000002,-37.85595,Non-Intersection,PORT PHILLIP,METROPOLITAN NORTH WEST REGION,2498461.1659999997,2405012.726,1,1,0,0,1,0,0,1,0,0,1,0,0,0,0,0,0,0,0,0,No,0,1,0,1,0,0,Metropolitan Excluding CBD,Metropolitan Excluding CBD,PORT PHILLIP,METROPOLITAN NORTH WEST REGION,,,Arterial Other,Arterial Other,Undivided,Undivided,Metro,-4214104.917195559,16139379.554485016
627,-37.79405305,144.98821230000001,1628,T20100033313,ABS to receive accident,Finished,18-08-2010,18.00.00,Yes,Collision with vehicle,Wednesday,RIGHT THROUGH,No,Dark Street lights on,Yes,Cross intersection,Other injury accident,60,No,65003,144.98821,-37.79405,Intersection,YARRA,METROPOLITAN NORTH WEST REGION,2498961.8230000003,2411882.449,2,1,0,0,1,1,2,0,1,0,1,0,0,0,0,0,0,0,0,0,No,0,2,0,1,0,0,Metropolitan Excluding CBD,Metropolitan Excluding CBD,YARRA,METROPOLITAN NORTH WEST REGION,,,Arterial Highway,"Arterial Highway,Local Road",Undivided,Undivided,Metro,-4207214.740539968,16140013.964263044
628,-37.94443665,145.0596553,1629,T20100033318,ABS to receive accident,Finished,19-08-2010,13.20.00,No,Collision with vehicle,Thursday,RIGHT REAR.,No,Day,Yes,T intersection,Other injury accident,60,No,69957,145.05966,-37.94444,Intersection,KINGSTON,METROPOLITAN SOUTH EAST REGION,2505243.54,2395189.808,3,2,0,0,2,1,2,1,0,1,2,0,0,0,0,0,0,0,0,0,No,0,2,0,2,0,0,Metropolitan Excluding CBD,Metropolitan Excluding CBD,KINGSTON,METROPOLITAN SOUTH EAST REGION,,,Arterial Other,"Arterial Other,Local Road",Undivided,Undivided,Metro,-4223955.3663156275,16147966.96264379
629,-37.75702275,144.9778419,1630,T20100033320,ABS to receive accident,Finished,19-08-2010,13.25.00,No,Collision with vehicle,Thursday,RIGHT NEAR (INTERSECTIONS ONLY),No,Day,Yes,T intersection,Serious injury accident,60,No,37804,144.97784,-37.757020000000004,Intersection,MORELAND,METROPOLITAN NORTH WEST REGION,2498047.523,2415992.1119999997,2,1,0,1,0,1,0,2,0,0,2,0,0,0,0,0,0,0,0,0,No,0,2,0,2,0,0,Metropolitan Excluding CBD,Metropolitan Excluding CBD,MORELAND,METROPOLITAN NORTH WEST REGION,,,Arterial Other,"Arterial Other,Local Road",Undivided,Undivided,Metro,-4203092.546400046,16138859.53661572
630,-36.1296107,144.7499686,1631,T20100033322,ABS to receive accident,Finished,19-08-2010,13.15.00,No,Collision with vehicle,Thursday,LEAVING PARKING,No,Day,Yes,Not at intersection,Other injury accident,40,No,235958,144.74997,-36.12961,Non-Intersection,CAMPASPE,NORTHERN REGION,2477494.045,2596546.188,4,2,0,0,2,2,2,2,0,2,2,0,0,0,0,0,0,0,0,0,No,0,2,0,2,0,0,Small Provincial Cities,Small Provincial Cities,CAMPASPE,NORTHERN REGION,,,Local Road,Local Road,Undivided,Undivided,Country,-4021929.865683208,16113492.796894338
631,-37.97884448,145.04490969999998,1632,T20100033326,ABS to receive accident,Finished,19-08-2010,08.12.00,No,Collision with vehicle,Thursday,VEHICLE OFF FOOTPATH STRIKES VEH ON CARRIAGEWAY,No,Day,Yes,Not at intersection,Other injury accident,60,No,42725,145.04491000000002,-37.978840000000005,Intersection,BAYSIDE,METROPOLITAN SOUTH EAST REGION,2503945.633,2391371.442,2,1,0,0,1,1,2,0,1,0,1,0,0,0,0,0,1,0,0,0,No,0,2,0,1,0,0,Metropolitan Excluding CBD,Metropolitan Excluding CBD,BAYSIDE,METROPOLITAN SOUTH EAST REGION,,,Arterial Other,"Arterial Other,Local Road",Undivided,Undivided,Metro,-4227785.628430529,16146325.489960343
632,-38.0106315,145.30159469999998,1633,T20100033333,ABS to receive accident,Finished,20-07-2010,07.05.00,No,Collision with vehicle,Tuesday,REAR END(VEHICLES IN SAME LANE),No,Dark No street lights,No,Not at intersection,Other injury accident,100,No,237820,145.30159,-38.01063,Non-Intersection,CASEY,METROPOLITAN SOUTH EAST REGION,2526486.023,2387802.18,3,1,0,0,1,2,2,1,0,1,2,0,0,0,0,0,0,0,0,0,No,0,2,0,2,0,0,Metropolitan Excluding CBD,Metropolitan Excluding CBD,CASEY,METROPOLITAN SOUTH EAST REGION,M,M,Freeway,Freeway,Undivided,Undivided,Metro,-4231324.143310765,16174899.533454614
633,-38.36140926,144.88453969999998,1634,T20100033337,ABS to receive accident,Finished,19-08-2010,13.28.00,No,Struck Pedestrian,Thursday,PED ON FOOTHPATH STRUCK BY VEHENTERING/LEAVING DRIVEWAY.,No,Day,Yes,Not at intersection,Serious injury accident,60,No,236818,144.88454,-38.36141,Non-Intersection,MORNINGTON PENINSULA,METROPOLITAN SOUTH EAST REGION,2489907.496,2348899.206,2,1,0,1,0,1,1,1,0,0,1,1,0,0,0,0,0,1,0,0,No,0,1,0,1,0,0,Metropolitan Excluding CBD,Metropolitan Excluding CBD,MORNINGTON PENINSULA,METROPOLITAN SOUTH EAST REGION,B,B,Arterial Highway,Arterial Highway,Undivided,Undivided,Metro,-4270372.544935569,16128473.183221828
634,-36.12944003,144.7598279,1635,T20100033345,ABS to receive accident,Finished,19-08-2010,14.55.00,No,Collision with vehicle,Thursday,CROSS TRAFFIC(INTERSECTIONS ONLY),No,Day,Yes,Cross intersection,Other injury accident,50,No,51398,144.75983,-36.12944,Intersection,CAMPASPE,NORTHERN REGION,2478381.457,2596567.41,3,2,0,0,2,1,1,2,0,1,2,0,0,0,0,0,0,0,0,0,No,0,2,0,2,0,0,Small Provincial Cities,Small Provincial Cities,CAMPASPE,NORTHERN REGION,,,Local Road,Local Road,Undivided,Undivided,Country,-4021910.8667857144,16114590.329149917
635,-38.15718784,145.12595119999997,1636,T20100033350,ABS to receive accident,Finished,19-08-2010,14.40.00,No,Struck Pedestrian,Thursday,PED NEAR SIDE. PED HIT BY VEHICLE FROM THE RIGHT.,No,Day,Yes,Not at intersection,Serious injury accident,50,No,236137,145.12595,-38.15719,Non-Intersection,FRANKSTON,METROPOLITAN SOUTH EAST REGION,2511039.515,2371568.923,2,1,0,1,0,1,2,0,0,0,1,1,0,0,0,0,1,0,1,0,No,0,1,0,1,0,0,Metropolitan Excluding CBD,Metropolitan Excluding CBD,FRANKSTON,METROPOLITAN SOUTH EAST REGION,,,Local Road,Local Road,Undivided,Undivided,Metro,-4247638.720452091,16155346.988473466
636,-37.84791186,145.22874869999998,1637,T20100033355,ABS to receive accident,Finished,18-08-2010,22.40.00,Yes,Collision with vehicle,Wednesday,RIGHT NEAR (INTERSECTIONS ONLY),No,Dark Street lights on,Yes,Cross intersection,Other injury accident,80,No,40894,145.22875,-37.84791,Intersection,KNOX,METROPOLITAN SOUTH EAST REGION,2520132.1040000003,2405880.6659999997,6,2,0,0,2,4,4,1,0,3,3,0,0,0,0,0,0,0,0,0,No,0,3,1,2,0,0,Metropolitan Excluding CBD,Metropolitan Excluding CBD,KNOX,METROPOLITAN SOUTH EAST REGION,,,Arterial Other,Arterial Other,Undivided,Undivided,Metro,-4213210.2758439,16166790.35382829
637,-38.02407451,145.126564,1638,T20100033357,ABS to receive accident,Finished,19-08-2010,15.40.00,No,Collision with a fixed object,Thursday,LEFT OFF CARRIAGEWAY INTO OBJECT/PARKED VEHICLE,No,Day,Yes,Not at intersection,Serious injury accident,70,Yes,235961,145.12656,-38.02407,Non-Intersection,KINGSTON,METROPOLITAN SOUTH EAST REGION,2511112.87,2386344.607,2,2,0,1,1,0,1,1,0,1,1,0,0,0,0,0,0,0,0,0,No,0,1,0,1,0,0,Metropolitan Excluding CBD,Metropolitan Excluding CBD,KINGSTON,METROPOLITAN SOUTH EAST REGION,,,Arterial Other,Arterial Other,Undivided,Undivided,Metro,-4232820.612338693,16155415.205057427
638,-37.9433753,145.0715562,1639,T20100033364,ABS to receive accident,Finished,19-08-2010,13.14.00,No,Struck Pedestrian,Thursday,ANY MANOEUVRE INVOLVING PED NOT INCLUDED IN DCAs 100-108.,No,Day,Yes,T intersection,Other injury accident,60,No,235962,145.07156,-37.94338,Intersection,KINGSTON,METROPOLITAN SOUTH EAST REGION,2506289.682,2395306.89,3,1,0,0,1,2,2,1,0,0,2,1,0,0,0,0,0,0,0,0,No,0,2,1,1,0,0,Metropolitan Excluding CBD,Metropolitan Excluding CBD,KINGSTON,METROPOLITAN SOUTH EAST REGION,,,Local Road,Local Road,Undivided,Undivided,Metro,-4223837.217374073,16149291.764771769
639,-37.49123818,145.22024380000002,1640,T20100033368,ABS to receive accident,Finished,08-08-2010,15.30.00,No,Vehicle overturned (no collision),Sunday,OUT OF CONTROL ON CARRIAGEWAY (ON BEND),No,Day,No,Not at intersection,Other injury accident,80,No,238503,145.22024,-37.491240000000005,Non-Intersection,WHITTLESEA,METROPOLITAN NORTH WEST REGION,2519475.168,2445466.363,1,1,0,0,1,0,1,0,0,0,0,0,0,1,0,0,0,0,0,0,No,0,1,0,0,1,0,Country,Country,WHITTLESEA,METROPOLITAN NORTH WEST REGION,,,Local Road,Local Road,Undivided,Undivided,Metro,-4173505.5434069373,16165843.592691045