,Latitude,Longitude,OBJECTID,ACCIDENT_NO,ABS_CODE,ACCIDENT_STATUS,ACCIDENT_DATE,ACCIDENT_TIME,ALCOHOLTIME,ACCIDENT_TYPE,DAY_OF_WEEK,DCA_CODE,HIT_RUN_FLAG,LIGHT_CONDITION,POLICE_ATTEND,ROAD_GEOMETRY,SEVERITY,SPEED_ZONE,RUN_OFFROAD,NODE_ID,LONGITUDE,LATITUDE,NODE_TYPE,LGA_NAME,REGION_NAME,VICGRID_X,VICGRID_Y,TOTAL_PERSONS,INJ_OR_FATAL,FATALITY,SERIOUSINJURY,OTHERINJURY,NONINJURED,MALES,FEMALES,BICYCLIST,PASSENGER,DRIVER,PEDESTRIAN,PILLION,MOTORIST,UNKNOWN,PED_CYCLIST_5_12,PED_CYCLIST_13_18,OLD_PEDESTRIAN,OLD_DRIVER,YOUNG_DRIVER,ALCOHOL_RELATED,UNLICENCSED,NO_OF_VEHICLES,HEAVYVEHICLE,PASSENGERVEHICLE,MOTORCYCLE,PUBLICVEHICLE,DEG_URBAN_NAME,DEG_URBAN_ALL,LGA_NAME_ALL,REGION_NAME_ALL,SRNS,SRNS_ALL,RMA,RMA_ALL,DIVIDED,DIVIDED_ALL,STAT_DIV_NAME,x_mercator,y_mercator
640,-36.98248096,143.6910178,1641,T20100033375,ABS to receive accident,Finished,19-08-2010,16.35.00,No,Collision with a fixed object,Thursday,LEFT OFF CARRIAGEWAY INTO OBJECT/PARKED VEHICLE,No,Day,Yes,Not at intersection,Serious injury accident,100,Yes,236584,143.69102,-36.982479999999995,Non-Intersection,CENTRAL GOLDFIELDS,WESTERN REGION,2383479.92,2501142.847,1,1,0,1,0,0,1,0,0,0,1,0,0,0,0,0,0,0,0,0,Yes,0,1,0,1,0,0,Country,Country,CENTRAL GOLDFIELDS,WESTERN REGION,,,Local Road,Local Road,Undivided,Undivided,Country,-4116870.948739135,15995610.933063209
641,-37.81064201,144.7509449,1642,T20100033376,ABS to receive accident,Finished,19-08-2010,16.30.00,No,Collision with vehicle,Thursday,REAR END(VEHICLES IN SAME LANE),No,Day,Yes,Not at intersection,Serious injury accident,60,No,235963,144.75093999999999,-37.81064,Non-Intersection,WYNDHAM,METROPOLITAN NORTH WEST REGION,2478069.917,2410012.673,5,3,0,3,0,2,3,2,0,2,3,0,0,0,0,0,0,0,0,0,No,0,3,0,3,0,0,Metropolitan Excluding CBD,"Metropolitan Excluding CBD,Country",WYNDHAM,METROPOLITAN NORTH WEST REGION,,,Arterial Other,Arterial Other,Undivided,Undivided,Metro,-4209061.415119958,16113601.4781132
642,-37.9663545,145.20551730000003,1643,T20100033381,ABS to receive accident,Finished,19-08-2010,18.30.00,Yes,Collision with vehicle,Thursday,HEAD ON (NOT OVERTAKING),No,Dark Street lights on,Yes,Not at intersection,Serious injury accident,60,No,236434,145.20552,-37.96635,Non-Intersection,DANDENONG,METROPOLITAN SOUTH EAST REGION,2518059.1380000003,2392739.205,2,1,0,1,0,1,2,0,0,0,2,0,0,0,0,0,0,0,0,0,No,0,2,0,2,0,0,Metropolitan Excluding CBD,Metropolitan Excluding CBD,DANDENONG,METROPOLITAN SOUTH EAST REGION,,,Local Road,Local Road,Undivided,Undivided,Metro,-4226395.250216911,16164204.246209878
643,-37.84570388,145.0539778,1644,T20100033384,ABS to receive accident,Finished,19-08-2010,12.30.00,No,Collision with vehicle,Thursday,CROSS TRAFFIC(INTERSECTIONS ONLY),No,Day,No,Cross intersection,Other injury accident,50,No,29610,145.05398,-37.8457,Intersection,BOROONDARA,METROPOLITAN SOUTH EAST REGION,2504750.711,2406148.568,2,1,0,0,1,1,1,1,0,0,2,0,0,0,0,0,0,0,0,1,No,0,2,0,2,0,0,Metropolitan Excluding CBD,Metropolitan Excluding CBD,BOROONDARA,METROPOLITAN SOUTH EAST REGION,,,Arterial Highway,"Arterial Highway,Arterial Other",Undivided,Undivided,Metro,-4212964.484634618,16147334.946234811
644,-37.92502584,145.2854358,1645,T20100033385,ABS to receive accident,Finished,19-08-2010,16.30.00,No,Collision with vehicle,Wednesday,RIGHT THROUGH,No,Day,Yes,T intersection,Other injury accident,80,No,277083,145.28544,-37.92503,Intersection,KNOX,METROPOLITAN SOUTH EAST REGION,2525095.445,2397308.296,5,1,0,0,1,4,3,2,0,3,2,0,0,0,0,0,0,0,0,0,No,0,2,0,2,0,0,Country,Country,KNOX,METROPOLITAN SOUTH EAST REGION,C,C,Arterial Other,Arterial Other,Undivided,Undivided,Metro,-4221794.564830543,16173100.732934838
645,-37.46915547,144.5945697,1646,T20100033386,ABS to receive accident,Finished,19-08-2010,17.55.00,No,Collision with vehicle,Thursday,RIGHT THROUGH,No,Dark No street lights,Yes,T intersection,Other injury accident,70,No,49486,144.59457,-37.469159999999995,Intersection,MACEDON RANGES,NORTHERN REGION,2464139.261,2447863.13,2,2,0,0,2,0,1,1,0,0,2,0,0,0,0,0,0,0,0,2,No,0,2,0,2,0,0,Other Towns,Other Towns,MACEDON RANGES,NORTHERN REGION,C,C,Arterial Other,"Arterial Other,Local Road",Undivided,Undivided,Country,-4171047.3073744006,16096193.870476503
646,-37.781181,144.9153129,1647,T20100033392,ABS to receive accident,Finished,19-08-2010,18.00.00,Yes,No collision and no object struck,Thursday,OUT OF CONTROL ON CARRIAGEWAY (ON STRAIGHT),No,Dusk/Dawn,No,Not at intersection,Other injury accident,60,No,235964,144.91531,-37.78118,Non-Intersection,MELBOURNE,METROPOLITAN NORTH WEST REGION,2492540.121,2413307.813,1,1,0,0,1,0,1,0,0,0,0,0,0,1,0,0,0,0,0,0,No,0,1,0,0,1,0,Metropolitan Excluding CBD,Metropolitan Excluding CBD,"MOONEE VALLEY,MELBOURNE",METROPOLITAN NORTH WEST REGION,,,Arterial Other,Arterial Other,Undivided,Undivided,Metro,-4205781.830488502,16131898.84017591
647,-37.60276581,143.8530157,1648,T20100033393,ABS to receive accident,Finished,19-08-2010,16.30.00,No,Collision with vehicle,Thursday,HEAD ON (NOT OVERTAKING),No,Day,No,Not at intersection,Other injury accident,60,No,236690,143.85302,-37.60277,Non-Intersection,BALLARAT,WESTERN REGION,2398728.821,2432501.915,2,1,0,0,1,1,1,0,1,0,0,0,0,1,0,0,1,0,0,0,No,0,2,0,0,1,0,Large Provincial Cities,Large Provincial Cities,BALLARAT,WESTERN REGION,C,C,Arterial Other,Arterial Other,Undivided,Undivided,Country,-4185920.7423879174,16013644.456800787
648,-37.90051623,145.10498080000002,1649,T20100033399,ABS to receive accident,Finished,19-08-2010,20.30.00,Yes,Collision with a fixed object,Thursday,RIGHT OFF CARRIAGEWAY INTO OBJECT/PARKED VEHICLE,No,Dark Street lights on,Yes,Not at intersection,Serious injury accident,80,Yes,236021,145.10498,-37.90052,Non-Intersection,MONASH,METROPOLITAN SOUTH EAST REGION,2509232.895,2400061.1969999997,2,2,0,2,0,0,1,1,0,1,1,0,0,0,0,0,0,0,0,1,No,0,1,0,1,0,0,Metropolitan Excluding CBD,Metropolitan Excluding CBD,MONASH,METROPOLITAN SOUTH EAST REGION,,,Arterial Highway,Arterial Highway,Undivided,Undivided,Metro,-4219066.167525801,16153012.57422374
649,-36.75228041,145.56868889999998,1650,T20100033406,ABS to receive accident,Finished,19-08-2010,17.00.00,No,Collision with vehicle,Thursday,CROSS TRAFFIC(INTERSECTIONS ONLY),No,Day,Yes,Cross intersection,Other injury accident,50,No,51210,145.56869,-36.75228,Intersection,STRATHBOGIE,NORTH EASTERN REGION,2550776.165,2527335.0209999997,3,1,0,0,1,2,2,1,0,1,2,0,0,0,0,0,0,0,0,0,No,0,2,0,2,0,0,Other Towns,Other Towns,STRATHBOGIE,NORTH EASTERN REGION,C,C,Arterial Other,"Arterial Other,Local Road",Undivided,Undivided,Country,-4091245.1407328034,16204632.323792452
650,-37.82563289,147.6321139,1651,T20100033407,ABS to receive accident,Finished,19-08-2010,17.40.00,No,No collision and no object struck,Thursday,OUT OF CONTROL ON CARRIAGEWAY (ON STRAIGHT),No,Day,Yes,Not at intersection,Serious injury accident,50,No,235965,147.63211,-37.82563,Non-Intersection,EAST GIPPSLAND,EASTERN REGION,2731690.605,2405174.4359999998,1,1,0,1,0,0,1,0,0,0,0,0,0,1,0,0,0,0,0,0,No,0,1,0,0,1,0,Small Provincial Cities,Small Provincial Cities,EAST GIPPSLAND,"EASTERN REGION,EASTERN REGION",A,A,Arterial Highway,Arterial Highway,Undivided,Undivided,Country,-4210730.192248101,16434331.744082566
651,-38.45651566,143.19971999999999,1652,T20100033421,ABS to receive accident,Finished,19-08-2010,16.05.00,No,Vehicle overturned (no collision),Thursday,OFF CARRIAGEWAY ON RIGHT BEND,No,Day,Yes,Not at intersection,Other injury accident,100,Yes,235967,143.19971999999999,-38.456520000000005,Non-Intersection,CORANGAMITE,SOUTH WESTERN REGION,2342844.682,2336860.538,4,4,0,0,4,0,2,2,0,3,1,0,0,0,0,0,0,0,0,0,No,0,1,0,1,0,0,Country,Country,CORANGAMITE,SOUTH WESTERN REGION,,,Local Road,Local Road,Undivided,Undivided,Country,-4280959.740954751,15940919.91213935
652,-36.77299339,144.2266698,1653,T20100033422,ABS to receive accident,Finished,19-08-2010,22.15.00,Yes,Collision with a fixed object,Thursday,OFF LEFT BEND INTO OBJECT/PARKED VEHICLE,No,Dark No street lights,Yes,Not at intersection,Other injury accident,60,Yes,235968,144.22666999999998,-36.77299,Non-Intersection,BENDIGO,NORTHERN REGION,2430971.173,2524908.0530000003,1,1,0,0,1,0,1,0,0,0,1,0,0,0,0,0,0,0,0,1,No,0,1,0,1,0,0,Country,Country,BENDIGO,NORTHERN REGION,,,Local Road,Local Road,Undivided,Undivided,Country,-4093550.899119215,16055239.440945607
653,-37.81037343,145.0606898,1654,T20100033425,ABS to receive accident,Finished,19-08-2010,21.17.00,Yes,Collision with vehicle,Thursday,RIGHT THROUGH,No,Dark Street lights on,Yes,Cross intersection,Serious injury accident,60,No,39063,145.06069,-37.81037,Intersection,BOROONDARA,METROPOLITAN SOUTH EAST REGION,2505343.953,2410069.464,5,1,0,1,0,4,1,4,0,3,2,0,0,0,0,0,0,0,0,1,No,0,2,0,2,0,0,Metropolitan Excluding CBD,Metropolitan Excluding CBD,BOROONDARA,METROPOLITAN SOUTH EAST REGION,,,Arterial Other,Arterial Other,Undivided,Undivided,Metro,-4209031.51693112,16148082.122657016
654,-38.59957361,142.86015,1655,T20100033426,ABS to receive accident,Finished,19-08-2010,18.00.00,Yes,Collision with vehicle,Thursday,HEAD ON (NOT OVERTAKING),No,Dark No street lights,Yes,Not at intersection,Serious injury accident,100,No,235969,142.86015,-38.59957,Non-Intersection,MOYNE,SOUTH WESTERN REGION,2313563.529,2320367.529,5,2,0,1,1,3,3,2,0,3,2,0,0,0,0,0,0,0,0,0,No,0,2,0,2,0,0,Country,Country,MOYNE,SOUTH WESTERN REGION,B,B,Arterial Highway,Arterial Highway,Undivided,Undivided,Country,-4296884.879102681,15903119.15265068
655,-37.86772877,144.8122968,1656,T20100033429,ABS to receive accident,Finished,19-08-2010,22.30.00,Yes,Collision with vehicle,Thursday,PULLING OUT (OVERTAKING),No,Dark Street lights on,Yes,Cross intersection,Other injury accident,60,No,49027,144.8123,-37.86773,Intersection,HOBSONS BAY,METROPOLITAN NORTH WEST REGION,2483484.6319999998,2403689.107,3,1,0,0,1,2,0,1,0,1,2,0,0,0,0,0,0,0,0,0,No,0,2,0,2,0,0,Metropolitan Excluding CBD,Metropolitan Excluding CBD,HOBSONS BAY,METROPOLITAN NORTH WEST REGION,,,Arterial Other,"Arterial Other,Local Road",Undivided,Undivided,Metro,-4215416.2841741955,16120431.1403804
656,-38.11133449,145.277448,1657,T20100033431,ABS to receive accident,Finished,19-08-2010,23.25.00,Yes,Collision with a fixed object,Thursday,LEFT OFF CARRIAGEWAY INTO OBJECT/PARKED VEHICLE,No,Dark Street lights on,Yes,Not at intersection,Other injury accident,50,Yes,237344,145.27745,-38.11133,Non-Intersection,CASEY,METROPOLITAN SOUTH EAST REGION,2524332.89,2376630.667,1,1,0,0,1,0,1,0,0,0,1,0,0,0,0,0,0,0,0,0,No,1,1,0,1,0,0,Metropolitan Excluding CBD,Metropolitan Excluding CBD,CASEY,METROPOLITAN SOUTH EAST REGION,,,Local Road,Local Road,Undivided,Undivided,Metro,-4242534.348878924,16172211.53510628
657,-38.02796629,145.3279967,1658,T20100033432,ABS to receive accident,Finished,20-08-2010,02.30.00,Yes,Collision with a fixed object,Friday,LEFT OFF CARRIAGEWAY INTO OBJECT/PARKED VEHICLE,No,Dark Street lights on,Yes,Not at intersection,Other injury accident,60,Yes,235998,145.328,-38.02797,Non-Intersection,CASEY,METROPOLITAN SOUTH EAST REGION,2528798.002,2385870.406,1,1,0,0,1,0,1,0,0,0,1,0,0,0,0,0,0,0,0,0,No,0,1,0,1,0,0,Metropolitan Excluding CBD,Metropolitan Excluding CBD,CASEY,METROPOLITAN SOUTH EAST REGION,,,Local Road,Local Road,Undivided,Undivided,Metro,-4233253.843306573,16177838.590650542
658,-37.8123416,145.07717119999998,1659,T20100033433,ABS to receive accident,Finished,20-08-2010,01.30.00,Yes,Collision with vehicle,Friday,VEHICLE COLLIDES WITH VEHICLE PARKED ON LEFT OF ROAD,No,Dark Street lights off,Yes,T intersection,Other injury accident,60,No,47443,145.07717,-37.81234,Intersection,BOROONDARA,METROPOLITAN SOUTH EAST REGION,2506795.019,2409849.972,1,1,0,0,1,0,1,0,0,0,1,0,0,0,0,0,0,0,0,1,No,0,2,0,1,0,0,Metropolitan Excluding CBD,Metropolitan Excluding CBD,BOROONDARA,METROPOLITAN SOUTH EAST REGION,,,Arterial Other,"Arterial Other,Local Road",Undivided,Undivided,Metro,-4209250.612613316,16149916.823712572
659,-37.81728581,145.150056,1660,T20100033440,ABS to receive accident,Finished,20-08-2010,04.30.00,Yes,Collision with a fixed object,Friday,RIGHT OFF CARRIAGEWAY INTO OBJECT/PARKED VEHICLE,No,Dark Street lights on,Yes,Not at intersection,Serious injury accident,60,Yes,235970,145.15006,-37.81729,Non-Intersection,WHITEHORSE,METROPOLITAN SOUTH EAST REGION,2513211.751,2409293.569,3,1,0,1,0,2,0,3,0,2,1,0,0,0,0,0,0,0,0,1,No,0,1,0,1,0,0,Metropolitan Excluding CBD,Metropolitan Excluding CBD,WHITEHORSE,METROPOLITAN SOUTH EAST REGION,,,Local Road,Local Road,Undivided,Undivided,Metro,-4209800.999552891,16158030.322535142
660,-37.73638327,144.9994836,1661,T20100033442,ABS to receive accident,Finished,08-08-2010,19.43.00,Yes,Struck Pedestrian,Sunday,FAR SIDE. PED HIT BY VEHICLE FROM THE LEFT,No,Dark Street lights on,Yes,T intersection,Other injury accident,60,No,43955,144.99948,-37.73638,Intersection,DAREBIN,METROPOLITAN NORTH WEST REGION,2499954.482,2418282.996,2,2,0,0,2,0,1,1,0,0,1,1,0,0,0,0,0,0,0,1,No,0,1,0,1,0,0,Metropolitan Excluding CBD,Metropolitan Excluding CBD,DAREBIN,METROPOLITAN NORTH WEST REGION,,,Arterial Other,"Arterial Other,Local Road",Undivided,Undivided,Metro,-4200794.969996207,16141268.67963962
661,-38.02924656,145.2439709,1662,T20100033448,ABS to receive accident,Finished,20-08-2010,05.35.00,Yes,Struck Pedestrian,Friday,FAR SIDE. PED HIT BY VEHICLE FROM THE LEFT,No,Dark Street lights on,Yes,Cross intersection,Serious injury accident,60,No,29725,145.24397,-38.02925,Intersection,DANDENONG,METROPOLITAN SOUTH EAST REGION,2521420.224,2385750.461,2,1,0,1,0,1,2,0,0,0,1,1,0,0,0,0,0,0,0,0,No,0,1,0,1,0,0,Metropolitan Excluding CBD,Metropolitan Excluding CBD,DANDENONG,METROPOLITAN SOUTH EAST REGION,,,Arterial Highway,"Arterial Highway,Local Road",Undivided,Undivided,Metro,-4233396.36231105,16168484.881381044
662,-37.72681641,145.0251426,1663,T20100033453,ABS to receive accident,Finished,20-08-2010,07.40.00,No,Collision with vehicle,Friday,REAR END(VEHICLES IN SAME LANE),No,Day,Yes,Not at intersection,Other injury accident,60,No,235971,145.02514,-37.726820000000004,Non-Intersection,DAREBIN,METROPOLITAN NORTH WEST REGION,2502216.3419999997,2419344.4669999997,5,1,0,0,1,4,2,3,0,2,3,0,0,0,0,0,0,0,0,2,No,0,3,0,3,0,0,Metropolitan Excluding CBD,Metropolitan Excluding CBD,DAREBIN,METROPOLITAN NORTH WEST REGION,,,Arterial Highway,Arterial Highway,Undivided,Undivided,Metro,-4199729.992012517,16144125.026453886
663,-37.74115755,144.9018731,1664,T20100033458,ABS to receive accident,Finished,20-08-2010,10.01.00,No,Collision with vehicle,Friday,U TURN,No,Day,Yes,Not at intersection,Serious injury accident,60,No,205149,144.90187,-37.74116,Non-Intersection,MOONEE VALLEY,METROPOLITAN NORTH WEST REGION,2491351.66,2417748.671,3,1,0,1,0,2,1,2,0,1,2,0,0,0,0,0,0,0,0,0,No,0,2,0,2,0,0,Metropolitan Excluding CBD,Metropolitan Excluding CBD,MOONEE VALLEY,METROPOLITAN NORTH WEST REGION,,,Arterial Other,Arterial Other,Undivided,Undivided,Metro,-4201326.440414712,16130402.728483545
664,-37.85021929,144.9806426,1665,T20100033460,ABS to receive accident,Finished,20-08-2010,09.10.00,No,Collision with vehicle,Friday,RIGHT THROUGH,No,Day,Yes,Cross intersection,Other injury accident,60,No,35408,144.98064,-37.85022,Intersection,MELBOURNE,METROPOLITAN NORTH WEST REGION,2498296.415,2405648.581,2,1,0,0,1,1,0,2,0,0,2,0,0,0,0,0,0,0,0,1,No,1,2,0,2,0,0,Metropolitan Excluding CBD,Metropolitan Excluding CBD,"PORT PHILLIP,MELBOURNE",METROPOLITAN NORTH WEST REGION,,,Arterial Other,"Arterial Other,Local Road",Undivided,Undivided,Metro,-4213467.137776541,16139171.309113588
665,-37.88887888,145.03766069999998,1666,T20100033473,ABS to receive accident,Finished,20-08-2010,12.00.00,No,Collision with vehicle,Friday,CROSS TRAFFIC(INTERSECTIONS ONLY),No,Day,Yes,Cross intersection,Other injury accident,60,No,685,145.03766000000002,-37.88888,Intersection,GLEN EIRA,METROPOLITAN SOUTH EAST REGION,2503312.713,2401357.275,3,2,0,0,2,1,2,1,0,1,2,0,0,0,0,0,0,0,0,0,No,0,2,0,2,0,0,Metropolitan Excluding CBD,Metropolitan Excluding CBD,GLEN EIRA,METROPOLITAN SOUTH EAST REGION,,,Local Road,Local Road,Undivided,Undivided,Metro,-4217770.703649617,16145518.534971584
666,-37.81021072,144.9971697,1667,T20100033481,ABS to receive accident,Finished,20-08-2010,12.15.00,No,Collision with vehicle,Friday,VEHICLE COLLIDES WITH VEHICLE PARKED ON LEFT OF ROAD,Yes,Day,Yes,T intersection,Other injury accident,60,No,37152,144.99716999999998,-37.81021,Intersection,YARRA,METROPOLITAN NORTH WEST REGION,2499750.7830000003,2410089.222,3,1,0,0,1,2,2,1,0,0,3,0,0,0,0,0,0,0,0,1,No,0,3,0,2,0,0,Metropolitan Excluding CBD,Metropolitan Excluding CBD,YARRA,METROPOLITAN NORTH WEST REGION,,,Arterial Other,"Arterial Other,Local Road",Undivided,Undivided,Metro,-4209013.404136773,16141011.097469876
667,-38.26796671,145.0122257,1668,T20100033486,ABS to receive accident,Finished,02-08-2010,17.45.00,No,Vehicle overturned (no collision),Monday,OUT OF CONTROL ON CARRIAGEWAY (ON STRAIGHT),No,Day,No,Not at intersection,Other injury accident,60,No,235889,145.01223000000002,-38.26797,Non-Intersection,MORNINGTON PENINSULA,METROPOLITAN SOUTH EAST REGION,2501069.994,2359278.762,1,1,0,0,1,0,1,0,0,0,0,0,0,1,0,0,0,0,0,0,No,0,1,0,0,1,0,Metropolitan Excluding CBD,Metropolitan Excluding CBD,MORNINGTON PENINSULA,METROPOLITAN SOUTH EAST REGION,C,C,Arterial Other,Arterial Other,Undivided,Undivided,Metro,-4259970.567851145,16142687.123723257
668,-38.21319949,145.44852519999998,1669,T20100033501,ABS to receive accident,Finished,20-08-2010,12.55.00,No,Collision with a fixed object,Friday,LEFT OFF CARRIAGEWAY INTO OBJECT/PARKED VEHICLE,Yes,Day,Yes,Not at intersection,Other injury accident,100,Yes,242701,145.44853,-38.2132,Non-Intersection,CARDINIA,METROPOLITAN SOUTH EAST REGION,2539283.426,2365266.009,2,1,0,0,1,1,1,0,0,1,1,0,0,0,0,0,0,0,0,0,No,0,1,0,1,0,0,Country,Country,CARDINIA,METROPOLITAN SOUTH EAST REGION,M,M,Arterial Highway,Arterial Highway,Undivided,Undivided,Metro,-4253873.9088085815,16191255.761896616
669,-37.99017669,145.3518013,1670,T20100033503,ABS to receive accident,Finished,20-08-2010,12.50.00,No,Collision with a fixed object,Friday,LEFT OFF CARRIAGEWAY INTO OBJECT/PARKED VEHICLE,No,Day,Yes,Not at intersection,Serious injury accident,80,Yes,235894,145.3518,-37.99018,Non-Intersection,CASEY,METROPOLITAN SOUTH EAST REGION,2530903.5319999997,2390057.446,1,1,0,1,0,0,0,1,0,0,1,0,0,0,0,0,0,0,1,0,No,1,1,0,1,0,0,Country,Country,CASEY,METROPOLITAN SOUTH EAST REGION,,,Local Road,Local Road,Undivided,Undivided,Metro,-4229047.124277291,16180488.50660108
670,-37.84369302,144.9947731,1671,T20100033510,ABS to receive accident,Finished,20-08-2010,08.15.00,No,Collision with vehicle,Friday,VEHICLE STRIKES DOOR OF PARKED/STATIONARY VEHICLE,No,Day,No,T intersection,Other injury accident,40,No,56495,144.99477,-37.84369,Intersection,STONNINGTON,METROPOLITAN SOUTH EAST REGION,2499539.952,2406373.085,2,1,0,0,1,1,1,1,1,0,1,0,0,0,0,0,0,0,0,0,No,0,2,0,1,0,0,Metropolitan Excluding CBD,Metropolitan Excluding CBD,STONNINGTON,METROPOLITAN SOUTH EAST REGION,,,Local Road,Local Road,Undivided,Undivided,Metro,-4212740.636723362,16140744.30917824
671,-38.36620519,145.008147,1672,T20100033513,ABS to receive accident,Finished,04-08-2010,18.15.00,Yes,collision with some other object,Wednesday,STRUCK OBJECT ON CARRIAGEWAY,No,Dusk/Dawn,No,Not at intersection,Other injury accident,90,No,235895,145.00815,-38.366209999999995,Non-Intersection,MORNINGTON PENINSULA,METROPOLITAN SOUTH EAST REGION,2500712.091,2348372.861,1,1,0,0,1,0,0,1,0,0,1,0,0,0,0,0,0,0,0,1,No,0,1,0,1,0,0,Country,Country,MORNINGTON PENINSULA,METROPOLITAN SOUTH EAST REGION,C,C,Arterial Other,Arterial Other,Undivided,Undivided,Metro,-4270906.42542105,16142233.084916161
672,-37.86175017,145.212802,1673,T20100033514,ABS to receive accident,Finished,20-08-2010,15.25.00,No,Collision with vehicle,Friday,RIGHT THROUGH,No,Day,Yes,Multiple intersection,Other injury accident,80,No,235847,145.2128,-37.86175,Non-Intersection,KNOX,METROPOLITAN SOUTH EAST REGION,2518725.206,2404348.022,2,1,0,0,1,1,0,2,0,0,2,0,0,0,0,0,0,0,1,0,No,0,2,0,2,0,0,Metropolitan Excluding CBD,Metropolitan Excluding CBD,KNOX,METROPOLITAN SOUTH EAST REGION,,,Arterial Highway,Arterial Highway,Undivided,Undivided,Metro,-4214750.749466539,16165015.17530446
673,-37.83346895,144.9327687,1674,T20100033517,ABS to receive accident,Finished,29-07-2010,16.50.00,No,Collision with vehicle,Thursday,LEFT REAR,No,Day,No,Cross intersection,Other injury accident,60,No,37375,144.93277,-37.83347,Intersection,PORT PHILLIP,METROPOLITAN NORTH WEST REGION,2494081.8540000003,2407505.761,2,1,0,0,1,1,2,0,0,0,2,0,0,0,0,0,0,0,0,0,No,0,2,1,1,0,0,Metropolitan Excluding CBD,Metropolitan Excluding CBD,PORT PHILLIP,METROPOLITAN NORTH WEST REGION,,,Arterial Other,Arterial Other,Undivided,Undivided,Metro,-4211602.498457126,16133842.0109433
674,-37.8230085,144.9759335,1675,T20100033518,ABS to receive accident,Finished,20-08-2010,08.30.00,No,Collision with vehicle,Friday,VEHICLE STRIKES DOOR OF PARKED/STATIONARY VEHICLE,No,Day,No,Not at intersection,Other injury accident,60,No,134873,144.97593,-37.82301,Non-Intersection,MELBOURNE,METROPOLITAN NORTH WEST REGION,2497881.214,2408668.566,3,1,0,0,1,2,3,0,0,0,2,0,0,1,0,0,0,0,1,0,No,0,3,0,2,1,0,Metropolitan Excluding CBD,Metropolitan Excluding CBD,MELBOURNE,METROPOLITAN NORTH WEST REGION,,,Arterial Highway,Arterial Highway,Undivided,Undivided,Metro,-4210438.046489658,16138647.094499491
675,-38.11600002,144.3303675,1676,T20100033527,ABS to receive accident,Finished,20-08-2010,19.15.00,Yes,Collision with vehicle,Friday,REAR END(VEHICLES IN SAME LANE),No,Day,No,Cross intersection,Other injury accident,60,No,29799,144.33037,-38.116,Intersection,GEELONG,SOUTH WESTERN REGION,2441275.579,2375941.705,2,1,0,0,1,1,2,0,0,0,2,0,0,0,0,0,0,0,0,1,No,0,2,0,2,0,0,Large Provincial Cities,Large Provincial Cities,GEELONG,SOUTH WESTERN REGION,A,"A,C",Arterial Highway,"Arterial Highway,Arterial Other",Undivided,Undivided,Country,-4243053.713302805,16066783.01610604
676,-37.81736977,144.9561775,1677,T20100033528,ABS to receive accident,Finished,20-08-2010,17.25.00,Yes,Struck Pedestrian,Friday,FAR SIDE. PED HIT BY VEHICLE FROM THE LEFT,No,Dark Street lights on,Yes,Cross intersection,Serious injury accident,60,No,36852,144.95618000000002,-37.817370000000004,Intersection,MELBOURNE,METROPOLITAN NORTH WEST REGION,2496141.629,2409293.775,3,2,0,2,0,1,2,1,0,0,1,2,0,0,0,0,0,0,0,0,No,0,1,0,1,0,0,Metropolitan CBD Only,Metropolitan CBD Only,MELBOURNE,METROPOLITAN NORTH WEST REGION,,,Arterial Other,"Arterial Other,Local Road",Undivided,Undivided,Metro,-4209810.345937337,16136447.86663938
677,-37.82097995,144.99875569999998,1678,T20100033534,ABS to receive accident,Finished,20-08-2010,18.30.00,Yes,Collision with vehicle,Friday,VEHICLE OFF FOOTPATH STRIKES VEH ON CARRIAGEWAY,No,Dark Street lights on,Yes,T intersection,Other injury accident,60,No,37204,144.99876,-37.82098,Intersection,YARRA,METROPOLITAN NORTH WEST REGION,2499890.453,2408893.977,2,1,0,0,1,1,1,1,1,0,1,0,0,0,0,0,0,0,0,0,No,0,2,0,1,0,0,Metropolitan Excluding CBD,Metropolitan Excluding CBD,YARRA,METROPOLITAN NORTH WEST REGION,,,Arterial Other,"Arterial Other,Local Road",Undivided,Undivided,Metro,-4210212.22933661,16141187.650182271
678,-38.09768552,145.279897,1679,T20100033536,ABS to receive accident,Finished,20-08-2010,18.20.00,Yes,Struck Pedestrian,Friday,PED EMERGES FROM IN FRONT OF PARKED OR STATIONARY VEHICLE,No,Dark Street lights on,Yes,T intersection,Serious injury accident,60,No,239436,145.2799,-38.09769,Intersection,CASEY,METROPOLITAN SOUTH EAST REGION,2524552.131,2378145.097,2,1,0,1,0,1,2,0,0,0,1,1,0,0,0,0,0,0,0,0,No,0,1,0,1,0,0,Metropolitan Excluding CBD,Metropolitan Excluding CBD,CASEY,METROPOLITAN SOUTH EAST REGION,,,Local Road,Local Road,Undivided,Undivided,Metro,-4241014.952488672,16172484.156539232
679,-36.96266167,144.3302428,1680,T20100033539,ABS to receive accident,Finished,20-08-2010,18.20.00,Yes,Collision with a fixed object,Friday,RIGHT OFF CARRIAGEWAY INTO OBJECT/PARKED VEHICLE,No,Dark No street lights,Yes,Not at intersection,Other injury accident,100,Yes,236819,144.33024,-36.96266,Non-Intersection,MOUNT ALEXANDER,NORTHERN REGION,2440364.1780000003,2503933.301,2,2,0,0,2,0,2,0,0,1,1,0,0,0,0,0,0,0,0,0,No,0,1,0,1,0,0,Country,Country,MOUNT ALEXANDER,NORTHERN REGION,,,Local Road,Local Road,Undivided,Undivided,Country,-4114664.6754684513,16066769.13456554