,Latitude,Longitude,OBJECTID,ACCIDENT_NO,ABS_CODE,ACCIDENT_STATUS,ACCIDENT_DATE,ACCIDENT_TIME,ALCOHOLTIME,ACCIDENT_TYPE,DAY_OF_WEEK,DCA_CODE,HIT_RUN_FLAG,LIGHT_CONDITION,POLICE_ATTEND,ROAD_GEOMETRY,SEVERITY,SPEED_ZONE,RUN_OFFROAD,NODE_ID,LONGITUDE,LATITUDE,NODE_TYPE,LGA_NAME,REGION_NAME,VICGRID_X,VICGRID_Y,TOTAL_PERSONS,INJ_OR_FATAL,FATALITY,SERIOUSINJURY,OTHERINJURY,NONINJURED,MALES,FEMALES,BICYCLIST,PASSENGER,DRIVER,PEDESTRIAN,PILLION,MOTORIST,UNKNOWN,PED_CYCLIST_5_12,PED_CYCLIST_13_18,OLD_PEDESTRIAN,OLD_DRIVER,YOUNG_DRIVER,ALCOHOL_RELATED,UNLICENCSED,NO_OF_VEHICLES,HEAVYVEHICLE,PASSENGERVEHICLE,MOTORCYCLE,PUBLICVEHICLE,DEG_URBAN_NAME,DEG_URBAN_ALL,LGA_NAME_ALL,REGION_NAME_ALL,SRNS,SRNS_ALL,RMA,RMA_ALL,DIVIDED,DIVIDED_ALL,STAT_DIV_NAME,x_mercator,y_mercator
680,-37.68334717,144.918583,1681,T20100033540,ABS to receive accident,Finished,20-08-2010,19.20.00,Yes,Struck Pedestrian,Friday,PED NEAR SIDE. PED HIT BY VEHICLE FROM THE RIGHT.,No,Dark Street lights on,Yes,Not at intersection,Serious injury accident,60,No,235899,144.91858,-37.68335,Non-Intersection,HUME,METROPOLITAN NORTH WEST REGION,2492818.886,2424166.011,2,1,0,1,0,1,0,2,0,0,1,1,0,0,0,0,0,0,0,0,No,0,1,0,1,0,0,Metropolitan Excluding CBD,Metropolitan Excluding CBD,HUME,METROPOLITAN NORTH WEST REGION,,,Arterial Other,Arterial Other,Undivided,Undivided,Metro,-4194891.018350546,16132262.866042754
681,-37.80499107,144.9921299,1682,T20100033541,ABS to receive accident,Finished,20-08-2010,14.09.00,No,Collision with vehicle,Friday,VEHICLE OFF FOOTPATH STRIKES VEH ON CARRIAGEWAY,No,Day,Yes,Cross intersection,Serious injury accident,60,No,169,144.99213,-37.804990000000004,Intersection,YARRA,METROPOLITAN NORTH WEST REGION,2499306.962,2410668.511,2,1,0,1,0,1,2,0,1,0,1,0,0,0,0,0,0,0,0,0,Yes,0,2,1,0,0,0,Metropolitan Excluding CBD,Metropolitan Excluding CBD,YARRA,METROPOLITAN NORTH WEST REGION,,,Arterial Highway,"Arterial Highway,Local Road",Undivided,Undivided,Metro,-4208432.355356654,16140450.069500176
682,-37.78465728,144.97268799999998,1683,T20100033554,ABS to receive accident,Finished,20-08-2010,18.10.00,Yes,Collision with vehicle,Friday,RIGHT REAR.,No,Day,Yes,Cross intersection,Other injury accident,50,No,36046,144.97269,-37.784659999999995,Intersection,YARRA,METROPOLITAN NORTH WEST REGION,2497594.264,2412924.9680000003,2,1,0,0,1,1,2,0,1,0,1,0,0,0,0,0,0,0,0,0,No,0,2,0,1,0,0,Metropolitan Excluding CBD,Metropolitan Excluding CBD,YARRA,METROPOLITAN NORTH WEST REGION,,,Local Road,Local Road,Undivided,Undivided,Metro,-4206168.808207957,16138285.807092119
683,-37.93486949,145.1930986,1684,T20100033556,ABS to receive accident,Finished,19-08-2010,20.00.00,Yes,Collision with vehicle,Thursday,RIGHT NEAR (INTERSECTIONS ONLY),No,Dark Street lights on,No,Multiple intersection,Serious injury accident,50,No,29864,145.1931,-37.934870000000004,Non-Intersection,MONASH,METROPOLITAN SOUTH EAST REGION,2516974.978,2396236.127,3,1,0,1,0,2,1,2,0,0,3,0,0,0,0,0,0,0,0,1,No,0,3,0,3,0,0,Metropolitan Excluding CBD,Metropolitan Excluding CBD,MONASH,METROPOLITAN SOUTH EAST REGION,,,Arterial Other,Arterial Other,Undivided,Undivided,Metro,-4222890.354936089,16162821.802849565
684,-37.80575168,144.977207,1685,T20100033557,ABS to receive accident,Finished,20-08-2010,20.34.00,Yes,Collision with vehicle,Friday,OTHER SAME DIRECTION-MANOUEVRES NOT INCLUDED IN DCAs 130-137,No,Dark Street lights on,Yes,Cross intersection,Other injury accident,40,No,36469,144.97721,-37.80575,Intersection,YARRA,METROPOLITAN NORTH WEST REGION,2497992.87,2410583.881,2,1,0,0,1,1,2,0,1,0,1,0,0,0,0,0,0,0,0,0,No,0,2,0,1,0,0,Metropolitan Excluding CBD,Metropolitan Excluding CBD,YARRA,METROPOLITAN NORTH WEST REGION,,,Local Road,Local Road,Undivided,Undivided,Metro,-4208517.026074547,16138788.859871015
685,-38.14743713,144.3527539,1686,T20100033564,ABS to receive accident,Finished,20-08-2010,22.20.00,Yes,Collision with vehicle,Friday,RIGHT REAR.,Yes,Dark Street lights on,Yes,Cross intersection,Other injury accident,50,No,49935,144.35275,-38.14744,Intersection,GEELONG,SOUTH WESTERN REGION,2443262.488,2372465.728,3,1,0,0,1,2,3,0,0,1,2,0,0,0,0,0,0,0,0,1,No,0,2,0,2,0,0,Large Provincial Cities,Large Provincial Cities,GEELONG,SOUTH WESTERN REGION,A,"A,B,C",Arterial Highway,"Arterial Highway,Arterial Other",Undivided,Undivided,Country,-4246553.276380017,16069275.058754737
686,-37.85510528,144.9720812,1687,T20100033568,ABS to receive accident,Finished,21-08-2010,00.20.00,Yes,Collision with vehicle,Saturday,VEHICLE COLLIDES WITH VEHICLE PARKED ON LEFT OF ROAD,No,Dark Street lights on,Yes,Not at intersection,Other injury accident,60,No,235907,144.97208,-37.855109999999996,Non-Intersection,PORT PHILLIP,METROPOLITAN NORTH WEST REGION,2497543.109,2405106.102,1,1,0,0,1,0,0,1,1,0,0,0,0,0,0,0,0,0,0,0,No,0,2,0,1,0,0,Metropolitan Excluding CBD,Metropolitan Excluding CBD,PORT PHILLIP,METROPOLITAN NORTH WEST REGION,,,Arterial Other,Arterial Other,Undivided,Undivided,Metro,-4214011.043695361,16138218.258425107
687,-38.00964669,145.3010217,1688,T20100033574,ABS to receive accident,Finished,20-08-2010,08.15.00,No,Collision with vehicle,Friday,REAR END(VEHICLES IN SAME LANE),No,Day,Yes,Not at intersection,Other injury accident,100,No,235909,145.30102,-38.00965,Non-Intersection,CASEY,METROPOLITAN SOUTH EAST REGION,2526436.051,2387911.649,2,1,0,0,1,1,1,1,0,0,2,0,0,0,0,0,0,0,0,1,No,0,2,0,2,0,0,Metropolitan Excluding CBD,Metropolitan Excluding CBD,CASEY,METROPOLITAN SOUTH EAST REGION,M,M,Freeway,Freeway,Undivided,Undivided,Metro,-4231214.514763036,16174835.747386396
688,-37.75725659,144.9638074,1689,T20100033577,ABS to receive accident,Finished,21-08-2010,01.30.00,Yes,Collision with vehicle,Saturday,VEHICLE COLLIDES WITH VEHICLE PARKED ON LEFT OF ROAD,No,Dark Street lights on,Yes,Not at intersection,Other injury accident,60,No,235911,144.96381,-37.757259999999995,Non-Intersection,MORELAND,METROPOLITAN NORTH WEST REGION,2496810.8680000002,2415965.78,2,1,0,0,1,1,1,0,1,0,1,0,0,0,0,0,0,0,0,0,No,0,2,0,1,0,0,Metropolitan Excluding CBD,Metropolitan Excluding CBD,MORELAND,METROPOLITAN NORTH WEST REGION,,,Arterial Other,Arterial Other,Undivided,Undivided,Metro,-4203118.577349773,16137297.223222185
689,-37.66346191,145.0056677,1690,T20100033584,ABS to receive accident,Finished,21-08-2010,04.10.00,Yes,Collision with a fixed object,Saturday,RIGHT OFF CARRIAGEWAY INTO OBJECT/PARKED VEHICLE,No,Dark Street lights on,Yes,Not at intersection,Serious injury accident,70,Yes,245819,145.00567,-37.66346,Non-Intersection,WHITTLESEA,METROPOLITAN NORTH WEST REGION,2500500.034,2426375.954,1,1,0,1,0,0,1,0,0,0,1,0,0,0,0,0,0,0,0,0,No,0,5,0,5,0,0,Metropolitan Excluding CBD,Metropolitan Excluding CBD,WHITTLESEA,METROPOLITAN NORTH WEST REGION,,,Arterial Other,Arterial Other,Undivided,Undivided,Metro,-4192677.401333055,16141957.090502638
690,-37.85980928,144.9773136,1691,T20100033586,ABS to receive accident,Finished,20-08-2010,20.55.00,Yes,No collision and no object struck,Friday,OUT OF CONTROL ON CARRIAGEWAY (ON STRAIGHT),No,Dark Street lights on,Yes,Not at intersection,Serious injury accident,60,No,29588,144.97731000000002,-37.859809999999996,Intersection,PORT PHILLIP,METROPOLITAN NORTH WEST REGION,2498003.687,2404584.131,1,1,0,1,0,0,1,0,0,0,0,0,0,1,0,0,0,0,0,0,No,0,1,0,0,1,0,Metropolitan Excluding CBD,Metropolitan Excluding CBD,PORT PHILLIP,METROPOLITAN NORTH WEST REGION,,,Arterial Other,"Arterial Other,Local Road",Undivided,Undivided,Metro,-4214534.690580053,16138800.726528736
691,-38.11234038,145.15467769999998,1692,T20100033588,ABS to receive accident,Finished,20-08-2010,15.55.00,No,Struck Pedestrian,Friday,PED EMERGES FROM IN FRONT OF PARKED OR STATIONARY VEHICLE,No,Day,Yes,Not at intersection,Serious injury accident,60,No,235913,145.15468,-38.11234,Non-Intersection,FRANKSTON,METROPOLITAN SOUTH EAST REGION,2513565.457,2376543.4480000003,2,1,0,1,0,1,2,0,0,0,1,1,0,0,0,1,0,0,0,0,No,0,1,0,1,0,0,Metropolitan Excluding CBD,Metropolitan Excluding CBD,FRANKSTON,METROPOLITAN SOUTH EAST REGION,,,Arterial Other,Arterial Other,Undivided,Undivided,Metro,-4242646.324041518,16158544.80782574
692,-37.98117849,145.2049106,1693,T20100033598,ABS to receive accident,Finished,21-08-2010,08.25.00,No,Collision with vehicle,Saturday,CROSS TRAFFIC(INTERSECTIONS ONLY),No,Day,Yes,Cross intersection,Serious injury accident,50,No,43013,145.20491,-37.98118,Intersection,DANDENONG,METROPOLITAN SOUTH EAST REGION,2518002.287,2391093.933,2,1,0,1,0,1,1,1,0,0,2,0,0,0,0,0,0,0,0,0,No,0,2,0,2,0,0,Metropolitan Excluding CBD,Metropolitan Excluding CBD,DANDENONG,METROPOLITAN SOUTH EAST REGION,,,Local Road,Local Road,Undivided,Undivided,Metro,-4228045.449235235,16164136.708674813
693,-38.04906691,145.114377,1694,T20100033602,ABS to receive accident,Finished,12-08-2010,15.40.00,No,Collision with vehicle,Thursday,OTHER SAME DIRECTION-MANOUEVRES NOT INCLUDED IN DCAs 130-137,No,Day,No,Not at intersection,Other injury accident,50,No,235915,145.11438,-38.04907,Non-Intersection,KINGSTON,METROPOLITAN SOUTH EAST REGION,2510039.464,2383571.847,2,1,0,0,1,1,2,0,0,0,2,0,0,0,0,0,0,0,0,1,No,0,2,0,2,0,0,Metropolitan Excluding CBD,Metropolitan Excluding CBD,KINGSTON,METROPOLITAN SOUTH EAST REGION,,,Arterial Highway,Arterial Highway,Undivided,Undivided,Metro,-4235602.753580395,16154058.554423127
694,-35.9252112,145.65985419999998,1695,T20100033606,ABS to receive accident,Finished,20-08-2010,22.40.00,Yes,Collision with vehicle,Friday,VEHICLE COLLIDES WITH VEHICLE PARKED ON LEFT OF ROAD,No,Dark Street lights off,Yes,Not at intersection,Serious injury accident,60,No,239865,145.65985,-35.92521,Non-Intersection,MOIRA,NORTH EASTERN REGION,2559551.932,2619049.253,3,2,0,1,1,1,2,1,0,2,1,0,0,0,0,0,0,0,0,1,No,0,3,0,3,0,0,Other Towns,Other Towns,MOIRA,NORTH EASTERN REGION,,,Local Road,Local Road,Undivided,Undivided,Country,-3999176.2174248085,16214780.798566468
695,-37.62736055,144.68807040000002,1696,T20100033608,ABS to receive accident,Finished,21-08-2010,08.50.00,No,Collision with vehicle,Friday,HEAD ON (NOT OVERTAKING),No,Day,Yes,Not at intersection,Other injury accident,100,No,285918,144.68806999999998,-37.627359999999996,Non-Intersection,MELTON,METROPOLITAN NORTH WEST REGION,2472466.9930000002,2430337.3880000003,3,1,0,0,1,2,3,0,0,1,2,0,0,0,0,0,0,0,0,0,No,0,2,0,2,0,0,Country,Country,MELTON,METROPOLITAN NORTH WEST REGION,C,C,Arterial Other,Arterial Other,Undivided,Undivided,Metro,-4188658.6163209104,16106602.32078932
696,-37.79118294,144.8895003,1697,T20100033611,ABS to receive accident,Finished,17-07-2010,14.30.00,Yes,Collision with vehicle,Saturday,REAR END(VEHICLES IN SAME LANE),No,Day,No,Cross intersection,Other injury accident,60,No,38709,144.8895,-37.79118,Intersection,MARIBYRNONG,METROPOLITAN NORTH WEST REGION,2490267.64,2412195.4069999997,5,1,0,0,1,4,0,5,0,2,3,0,0,0,0,0,0,0,0,1,No,0,3,0,3,0,0,Metropolitan Excluding CBD,Metropolitan Excluding CBD,MARIBYRNONG,METROPOLITAN NORTH WEST REGION,,,Arterial Other,Arterial Other,Undivided,Undivided,Metro,-4206895.241356247,16129025.394687861
697,-37.85339329999999,145.1565625,1698,T20100033624,ABS to receive accident,Finished,21-08-2010,13.35.00,No,Collision with vehicle,Saturday,OTHER OVERTAKING MANOEUVRES NOT INCLUDED IN DCAs 150-154,No,Day,Yes,Not at intersection,Serious injury accident,70,No,235916,145.15656,-37.853390000000005,Non-Intersection,WHITEHORSE,METROPOLITAN SOUTH EAST REGION,2513778.024,2405285.145,3,2,0,1,1,1,2,1,2,0,1,0,0,0,0,0,0,0,0,0,No,0,3,0,1,0,0,Metropolitan Excluding CBD,Metropolitan Excluding CBD,WHITEHORSE,METROPOLITAN SOUTH EAST REGION,,,Arterial Highway,Arterial Highway,Undivided,Undivided,Metro,-4213820.466953512,16158754.622801991
698,-38.200674,144.45272690000002,1699,T20100033625,ABS to receive accident,Finished,21-08-2010,06.00.00,Yes,Collision with a fixed object,Saturday,LEFT OFF CARRIAGEWAY INTO OBJECT/PARKED VEHICLE,No,Dark No street lights,Yes,Not at intersection,Fatal accident,70,Yes,236711,144.45273,-38.20067,Non-Intersection,GEELONG,SOUTH WESTERN REGION,2452059.975,2366611.184,2,2,2,0,0,0,2,0,0,1,1,0,0,0,0,0,0,0,0,1,No,0,1,0,1,0,0,Other Towns,Other Towns,GEELONG,SOUTH WESTERN REGION,,,Local Road,Local Road,Undivided,Undivided,Country,-4252479.577639845,16080404.002207814
699,-37.89011262,144.6626788,1700,T20100033626,ABS to receive accident,Finished,21-08-2010,12.48.00,No,Struck Pedestrian,Saturday,FAR SIDE. PED HIT BY VEHICLE FROM THE LEFT,No,Day,Yes,Not at intersection,Other injury accident,60,No,235917,144.66268,-37.89011,Non-Intersection,WYNDHAM,METROPOLITAN NORTH WEST REGION,2470329.094,2401168.431,2,1,0,0,1,1,0,2,0,0,1,1,0,0,0,1,0,0,0,0,No,0,1,0,1,0,0,Metropolitan Excluding CBD,Metropolitan Excluding CBD,WYNDHAM,METROPOLITAN NORTH WEST REGION,,,Local Road,Local Road,Undivided,Undivided,Metro,-4217908.042958188,16103775.740806894
700,-37.102258299999995,145.2083655,1701,T20100033629,ABS to receive accident,Finished,21-08-2010,13.15.00,No,collision with some other object,Saturday,STRUCK OBJECT ON CARRIAGEWAY,No,Day,Yes,Not at intersection,Serious injury accident,100,No,235918,145.20837,-37.10226,Non-Intersection,MITCHELL,NORTHERN REGION,2518519.297,2488632.966,5,1,0,1,0,4,1,4,0,4,1,0,0,0,0,0,0,0,0,0,No,0,1,0,1,0,0,Country,Country,MITCHELL,NORTHERN REGION,B,B,Arterial Highway,Arterial Highway,Undivided,Undivided,Country,-4130204.5012365077,16164521.306383554
701,-37.68320185,144.58313969999998,1702,T20100033636,ABS to receive accident,Finished,21-08-2010,14.25.00,Yes,Struck Pedestrian,Saturday,PED NEAR SIDE. PED HIT BY VEHICLE FROM THE RIGHT.,No,Day,Yes,Cross intersection,Other injury accident,50,No,43741,144.58314,-37.6832,Intersection,MELTON,METROPOLITAN NORTH WEST REGION,2463232.292,2424104.71,2,2,0,0,2,0,1,1,0,0,1,1,0,0,0,0,0,0,0,0,No,0,1,0,1,0,0,Small Provincial Cities,Small Provincial Cities,MELTON,METROPOLITAN NORTH WEST REGION,C,C,Arterial Other,"Arterial Other,Local Road",Undivided,Undivided,Metro,-4194874.841402145,16094921.488696733
702,-37.70497909,144.9158418,1703,T20100033643,ABS to receive accident,Finished,21-08-2010,14.26.00,Yes,Struck Pedestrian,Saturday,PED NEAR SIDE. PED HIT BY VEHICLE FROM THE RIGHT.,No,Day,Yes,T intersection,Serious injury accident,40,No,40986,144.91584,-37.70498,Intersection,MORELAND,METROPOLITAN NORTH WEST REGION,2492579.23,2421765.048,2,1,0,1,0,1,1,1,0,0,1,1,0,0,0,0,0,0,0,0,No,0,1,1,0,0,0,Metropolitan Excluding CBD,Metropolitan Excluding CBD,MORELAND,METROPOLITAN NORTH WEST REGION,,,Arterial Other,"Arterial Other,Local Road",Undivided,Undivided,Metro,-4197299.072669828,16131957.71705459
703,-37.81334872,144.86148669999997,1704,T20100033644,ABS to receive accident,Finished,21-08-2010,14.35.00,Yes,Collision with vehicle,Saturday,REAR END(VEHICLES IN SAME LANE),Yes,Day,Yes,T intersection,Serious injury accident,80,No,38607,144.86149,-37.81335,Intersection,MARIBYRNONG,METROPOLITAN NORTH WEST REGION,2487803.9,2409732.076,6,1,0,1,0,5,2,3,0,3,3,0,0,0,0,0,0,0,0,0,No,0,3,0,3,0,0,Metropolitan Excluding CBD,Metropolitan Excluding CBD,MARIBYRNONG,METROPOLITAN NORTH WEST REGION,,,Arterial Highway,"Arterial Highway,Local Road",Undivided,Undivided,Metro,-4209362.7246988835,16125906.935000569
704,-38.06507646,146.3276614,1705,T20100033649,ABS to receive accident,Finished,21-08-2010,10.29.00,No,Collision with vehicle,Saturday,LANE SIDE SWIPE (VEHICLES IN PARALLEL LANES),No,Day,Yes,Not at intersection,Fatal accident,100,No,235473,146.32766,-38.06508,Non-Intersection,BAW BAW,EASTERN REGION,2616507.254,2380988.406,2,1,1,0,0,1,2,0,0,0,0,0,0,2,0,0,0,0,0,0,No,0,2,0,0,2,0,Country,Country,BAW BAW,"EASTERN REGION,EASTERN REGION",,,Local Road,Local Road,Undivided,Undivided,Country,-4237384.928534225,16289120.756018553
705,-36.693848100000004,144.3232167,1706,T20100033652,ABS to receive accident,Finished,21-08-2010,13.10.00,No,Collision with vehicle,Saturday,U TURN,No,Day,Yes,Not at intersection,Serious injury accident,60,No,236438,144.32322,-36.69385,Non-Intersection,BENDIGO,NORTHERN REGION,2439526.5330000003,2533755.194,2,1,0,1,0,1,2,0,0,0,1,0,0,1,0,0,0,0,0,0,No,0,2,0,1,1,0,Large Provincial Cities,Large Provincial Cities,BENDIGO,NORTHERN REGION,,,Local Road,Local Road,Undivided,Undivided,Country,-4084740.4857377294,16065986.992691275
706,-37.77168381,145.1989293,1707,T20100033661,ABS to receive accident,Finished,21-08-2010,15.00.00,Yes,Collision with vehicle,Saturday,RIGHT NEAR (INTERSECTIONS ONLY),No,Day,Yes,T intersection,Serious injury accident,60,No,29509,145.19893000000002,-37.771679999999996,Intersection,MANNINGHAM,METROPOLITAN SOUTH EAST REGION,2517525.392,2414346.871,3,1,0,1,0,2,1,2,0,1,1,0,0,1,0,0,0,0,0,1,No,0,2,0,1,1,0,Metropolitan Excluding CBD,Metropolitan Excluding CBD,MANNINGHAM,METROPOLITAN SOUTH EAST REGION,,,Local Road,Local Road,Undivided,Undivided,Metro,-4204724.608133735,16163470.87340453
707,-37.71706532,145.01043810000002,1708,T20100033664,ABS to receive accident,Finished,21-08-2010,16.10.00,Yes,Collision with vehicle,Saturday,CROSS TRAFFIC(INTERSECTIONS ONLY),No,Day,Yes,Cross intersection,Other injury accident,60,No,228525,145.01044,-37.71707,Intersection,DAREBIN,METROPOLITAN NORTH WEST REGION,2500920.2430000002,2420426.9159999997,4,1,0,0,1,3,3,1,0,2,2,0,0,0,0,0,0,0,0,0,No,0,2,0,2,0,0,Metropolitan Excluding CBD,Metropolitan Excluding CBD,DAREBIN,METROPOLITAN NORTH WEST REGION,,,Arterial Other,"Arterial Other,Local Road",Undivided,Undivided,Metro,-4198644.505639039,16142488.129001519
708,-37.79285882,144.9739609,1709,T20100033666,ABS to receive accident,Finished,21-08-2010,15.45.00,Yes,Collision with vehicle,Saturday,LANE CHANGE RIGHT (NOT OVERTAKING),Yes,Day,No,Not at intersection,Other injury accident,Not known,No,241779,144.97396,-37.79286,Non-Intersection,MELBOURNE,METROPOLITAN NORTH WEST REGION,2497706.633,2412014.742,2,1,0,0,1,1,2,0,0,0,2,0,0,0,0,0,0,0,0,0,No,0,2,0,2,0,0,Metropolitan Excluding CBD,Metropolitan Excluding CBD,"YARRA,MELBOURNE",METROPOLITAN NORTH WEST REGION,,,Arterial Other,Arterial Other,Undivided,Undivided,Metro,-4207081.799464477,16138427.505671954
709,-38.06782471,145.26734109999998,1710,T20100033668,ABS to receive accident,Finished,21-08-2010,14.40.00,Yes,Collision with a fixed object,Saturday,RIGHT OFF CARRIAGEWAY INTO OBJECT/PARKED VEHICLE,Yes,Day,Yes,Not at intersection,Serious injury accident,80,Yes,238106,145.26734,-38.067820000000005,Non-Intersection,CASEY,METROPOLITAN SOUTH EAST REGION,2523460.055,2381462.828,5,2,0,2,0,3,3,2,0,1,4,0,0,0,0,0,0,0,0,0,No,0,4,0,4,0,0,Metropolitan Excluding CBD,Metropolitan Excluding CBD,CASEY,METROPOLITAN SOUTH EAST REGION,M,M,Arterial Highway,Arterial Highway,Undivided,Undivided,Metro,-4237690.862324797,16171086.44014478
710,-38.16052552,144.3502997,1711,T20100033676,ABS to receive accident,Finished,21-08-2010,17.45.00,Yes,Collision with vehicle,Saturday,RIGHT THROUGH,No,Dusk/Dawn,Yes,Cross intersection,Other injury accident,70,No,33419,144.3503,-38.16053,Intersection,GEELONG,SOUTH WESTERN REGION,2443057.266,2371011.419,5,1,0,0,1,4,2,3,0,3,2,0,0,0,0,0,0,0,0,1,No,0,2,0,2,0,0,Large Provincial Cities,Large Provincial Cities,GEELONG,SOUTH WESTERN REGION,A,"A,C",Arterial Highway,"Arterial Highway,Arterial Other",Undivided,Undivided,Country,-4248010.269290121,16069001.85846043
711,-38.15313404,145.17197019999998,1712,T20100033682,ABS to receive accident,Finished,21-08-2010,17.05.00,Yes,Collision with vehicle,Saturday,RIGHT REAR.,No,Day,Yes,T intersection,Other injury accident,60,No,43545,145.17197,-38.15313,Intersection,FRANKSTON,METROPOLITAN SOUTH EAST REGION,2515073.849,2372012.603,2,2,0,0,2,0,0,2,0,0,2,0,0,0,0,0,0,0,0,1,No,0,2,0,2,0,0,Metropolitan Excluding CBD,Metropolitan Excluding CBD,FRANKSTON,METROPOLITAN SOUTH EAST REGION,,,Local Road,Local Road,Undivided,Undivided,Metro,-4247187.453500312,16160469.800120283
712,-37.78128979,145.6085524,1713,T20100033685,ABS to receive accident,Finished,21-08-2010,16.40.00,Yes,Collision with vehicle,Saturday,HEAD ON (NOT OVERTAKING),No,Day,Yes,Not at intersection,Serious injury accident,60,No,242504,145.60855,-37.781290000000006,Non-Intersection,YARRA RANGES,METROPOLITAN SOUTH EAST REGION,2553605.466,2413127.724,13,1,0,1,0,12,6,5,0,11,2,0,0,0,0,0,0,0,0,1,No,0,2,0,1,0,1,Other Towns,Other Towns,YARRA RANGES,METROPOLITAN SOUTH EAST REGION,B,B,Arterial Highway,Arterial Highway,Undivided,Undivided,Metro,-4205793.940935906,16209069.908313693
713,-38.00844052,145.3104243,1714,T20100033686,ABS to receive accident,Finished,21-08-2010,18.00.00,Yes,No collision and no object struck,Saturday,OUT OF CONTROL ON CARRIAGEWAY (ON STRAIGHT),No,Dusk/Dawn,Yes,Not at intersection,Other injury accident,80,No,235926,145.31042,-38.00844,Non-Intersection,CASEY,METROPOLITAN SOUTH EAST REGION,2527262.231,2388042.878,2,1,0,0,1,1,2,0,0,0,1,0,0,1,0,0,0,0,0,1,No,0,2,0,1,1,0,Metropolitan Excluding CBD,Metropolitan Excluding CBD,CASEY,METROPOLITAN SOUTH EAST REGION,C,C,Arterial Other,Arterial Other,Undivided,Undivided,Metro,-4231080.244532826,16175882.440030525
714,-38.10886052,147.08909599999998,1715,T20100033690,ABS to receive accident,Finished,21-08-2010,15.00.00,Yes,Vehicle overturned (no collision),Saturday,OUT OF CONTROL ON CARRIAGEWAY (ON STRAIGHT),No,Day,No,Cross intersection,Other injury accident,50,No,52067,147.0891,-38.10886,Intersection,WELLINGTON,EASTERN REGION,2683210.574,2374930.449,2,1,0,0,1,1,0,1,0,0,1,0,0,1,0,0,0,0,0,0,No,0,2,0,1,1,0,Small Provincial Cities,Small Provincial Cities,WELLINGTON,"EASTERN REGION,EASTERN REGION",,,Local Road,Local Road,Undivided,Undivided,Country,-4242258.947798287,16373883.267962933
715,-37.81447553,145.0949126,1716,T20100033694,ABS to receive accident,Finished,21-08-2010,16.30.00,Yes,Collision with vehicle,Saturday,RIGHT NEAR (INTERSECTIONS ONLY),No,Day,No,Cross intersection,Other injury accident,60,No,39198,145.09491,-37.814479999999996,Intersection,BOROONDARA,METROPOLITAN SOUTH EAST REGION,2508356.9390000002,2409611.721,2,1,0,0,1,1,0,2,0,0,2,0,0,0,0,0,0,0,0,1,No,0,2,0,2,0,0,Metropolitan Excluding CBD,Metropolitan Excluding CBD,BOROONDARA,METROPOLITAN SOUTH EAST REGION,,,Arterial Other,"Arterial Other,Local Road",Undivided,Undivided,Metro,-4209488.160614304,16151891.787326531
716,-36.83057868,144.44599409999998,1717,T20100033695,ABS to receive accident,Finished,21-08-2010,18.32.00,Yes,Collision with vehicle,Saturday,RIGHT THROUGH,No,Dark No street lights,Yes,T intersection,Other injury accident,100,No,56084,144.44599,-36.83058,Intersection,BENDIGO,NORTHERN REGION,2450585.366,2518655.105,2,1,0,0,1,1,1,1,0,0,2,0,0,0,0,0,0,0,0,1,No,0,2,0,2,0,0,Country,Country,BENDIGO,NORTHERN REGION,C,C,Arterial Other,"Arterial Other,Local Road",Undivided,Undivided,Country,-4099961.264279198,16079654.510340197
717,-36.30612065,146.3626183,1718,T20100033703,ABS to receive accident,Finished,21-08-2010,14.50.00,Yes,Collision with a fixed object,Saturday,LEFT OFF CARRIAGEWAY INTO OBJECT/PARKED VEHICLE,No,Day,Yes,Not at intersection,Serious injury accident,100,Yes,235930,146.36262,-36.30612,Non-Intersection,WANGARATTA,NORTH EASTERN REGION,2622368.3419999997,2576115.046,1,1,0,1,0,0,0,1,0,0,1,0,0,0,0,0,0,0,0,0,No,0,1,0,1,0,0,Country,Country,WANGARATTA,NORTH EASTERN REGION,C,C,Arterial Other,Arterial Other,Undivided,Undivided,Country,-4041578.8634371543,16293012.140326265
718,-37.76376556,144.96596499999998,1719,T20100033705,ABS to receive accident,Finished,21-08-2010,16.30.00,Yes,Struck Pedestrian,Saturday,PED EMERGES FROM IN FRONT OF PARKED OR STATIONARY VEHICLE,No,Dusk/Dawn,Yes,Not at intersection,Serious injury accident,50,No,235931,144.96597,-37.76377,Non-Intersection,MORELAND,METROPOLITAN NORTH WEST REGION,2497001.249,2415243.454,2,1,0,1,0,1,2,0,0,0,1,1,0,0,0,0,0,1,0,0,No,0,1,0,1,0,0,Metropolitan Excluding CBD,Metropolitan Excluding CBD,MORELAND,METROPOLITAN NORTH WEST REGION,,,Local Road,Local Road,Undivided,Undivided,Metro,-4203843.152575762,16137537.406155517