,Latitude,Longitude,OBJECTID,ACCIDENT_NO,ABS_CODE,ACCIDENT_STATUS,ACCIDENT_DATE,ACCIDENT_TIME,ALCOHOLTIME,ACCIDENT_TYPE,DAY_OF_WEEK,DCA_CODE,HIT_RUN_FLAG,LIGHT_CONDITION,POLICE_ATTEND,ROAD_GEOMETRY,SEVERITY,SPEED_ZONE,RUN_OFFROAD,NODE_ID,LONGITUDE,LATITUDE,NODE_TYPE,LGA_NAME,REGION_NAME,VICGRID_X,VICGRID_Y,TOTAL_PERSONS,INJ_OR_FATAL,FATALITY,SERIOUSINJURY,OTHERINJURY,NONINJURED,MALES,FEMALES,BICYCLIST,PASSENGER,DRIVER,PEDESTRIAN,PILLION,MOTORIST,UNKNOWN,PED_CYCLIST_5_12,PED_CYCLIST_13_18,OLD_PEDESTRIAN,OLD_DRIVER,YOUNG_DRIVER,ALCOHOL_RELATED,UNLICENCSED,NO_OF_VEHICLES,HEAVYVEHICLE,PASSENGERVEHICLE,MOTORCYCLE,PUBLICVEHICLE,DEG_URBAN_NAME,DEG_URBAN_ALL,LGA_NAME_ALL,REGION_NAME_ALL,SRNS,SRNS_ALL,RMA,RMA_ALL,DIVIDED,DIVIDED_ALL,STAT_DIV_NAME,x_mercator,y_mercator
719,-36.74205557,144.1994,1720,T20100033707,ABS to receive accident,Finished,21-08-2010,17.10.00,Yes,Collision with vehicle,Saturday,CROSS TRAFFIC(INTERSECTIONS ONLY),No,Day,Yes,Cross intersection,Serious injury accident,80,No,59575,144.1994,-36.742059999999995,Intersection,BENDIGO,NORTHERN REGION,2428508.207,2528320.587,15,15,0,6,9,0,1,14,0,13,2,0,0,0,0,0,0,0,0,1,No,0,2,0,1,0,1,Country,Country,BENDIGO,NORTHERN REGION,A,A,Arterial Highway,"Arterial Highway,Local Road",Undivided,Undivided,Country,-4090106.9167505605,16052203.780695572
720,-37.22355879,145.0619841,1721,T20100033712,ABS to receive accident,Finished,21-08-2010,00.30.00,Yes,Collision with a fixed object,Saturday,RIGHT OFF CARRIAGEWAY INTO OBJECT/PARKED VEHICLE,No,Dark No street lights,Yes,Not at intersection,Other injury accident,110,Yes,235932,145.06198,-37.22356,Non-Intersection,MITCHELL,NORTHERN REGION,2505500.318,2475191.415,1,1,0,0,1,0,1,0,0,0,1,0,0,0,0,0,0,0,0,0,No,0,1,0,1,0,0,Other Towns,"Other Towns,Country",MITCHELL,NORTHERN REGION,M,M,Freeway,Freeway,Undivided,Undivided,Country,-4143707.610016282,16148226.203473946
721,-37.16620312,141.5973436,1722,T20100033713,ABS to receive accident,Finished,21-08-2010,21.00.00,Yes,Collision with a fixed object,Saturday,RIGHT OFF CARRIAGEWAY INTO OBJECT/PARKED VEHICLE,No,Dark No street lights,Yes,Not at intersection,Other injury accident,100,Yes,235933,141.59734,-37.1662,Non-Intersection,SOUTHERN GRAMPIANS,SOUTH WESTERN REGION,2197893.3,2476158.134,2,2,0,0,2,0,0,2,0,1,1,0,0,0,0,0,0,0,0,1,No,1,1,0,1,0,0,Country,Country,SOUTHERN GRAMPIANS,SOUTH WESTERN REGION,C,C,Arterial Other,Arterial Other,Undivided,Undivided,Country,-4137322.8060377757,15762544.187232193
722,-37.81745307,144.967438,1723,T20100033722,ABS to receive accident,Finished,22-08-2010,01.48.00,Yes,Struck Pedestrian,Sunday,ANY MANOEUVRE INVOLVING PED NOT INCLUDED IN DCAs 100-108.,No,Dark Street lights on,Yes,Cross intersection,Serious injury accident,50,No,238,144.96743999999998,-37.81745,Intersection,MELBOURNE,METROPOLITAN NORTH WEST REGION,2497133.066,2409284.9269999997,2,1,0,1,0,1,2,0,0,0,1,1,0,0,0,0,0,0,0,0,No,0,1,0,1,0,0,Metropolitan CBD Only,"Metropolitan Excluding CBD,Metropolitan CBD Only",MELBOURNE,METROPOLITAN NORTH WEST REGION,,,Local Road,Local Road,Undivided,Undivided,Metro,-4209819.61885092,16137701.379765455
723,-37.91159601,145.10339390000001,1724,T20100033723,ABS to receive accident,Finished,22-08-2010,00.54.00,Yes,Collision with a fixed object,Sunday,OFF RIGHT BEND INTO OBJECT/PARKED VEHICLE,Yes,Dark Street lights on,Yes,Multiple intersection,Other injury accident,50,Yes,55660,145.10339,-37.9116,Non-Intersection,MONASH,METROPOLITAN SOUTH EAST REGION,2509091.997,2398831.588,3,1,0,0,1,2,1,0,0,1,1,0,0,1,0,0,0,0,0,0,No,0,2,0,1,1,0,Metropolitan Excluding CBD,Metropolitan Excluding CBD,MONASH,METROPOLITAN SOUTH EAST REGION,,,Arterial Highway,"Arterial Highway,Arterial Other",Undivided,Undivided,Metro,-4220299.562993501,16152835.9213238
724,-37.68469823,144.5808035,1725,T20100033725,ABS to receive accident,Finished,22-08-2010,02.50.00,Yes,Struck Pedestrian,Sunday,FAR SIDE. PED HIT BY VEHICLE FROM THE LEFT,Yes,Dark Street lights unknown,No,Not at intersection,Other injury accident,50,No,235934,144.5808,-37.6847,Non-Intersection,MELTON,METROPOLITAN NORTH WEST REGION,2463026.965,2423937.736,2,1,0,0,1,1,2,0,0,0,1,1,0,0,0,0,1,0,0,0,No,0,1,0,1,0,0,Small Provincial Cities,Small Provincial Cities,MELTON,METROPOLITAN NORTH WEST REGION,,,Local Road,Local Road,Undivided,Undivided,Metro,-4195041.417661779,16094661.424102345
725,-37.81588347,145.0596398,1726,T20100033729,ABS to receive accident,Finished,22-08-2010,01.58.00,Yes,Vehicle overturned (no collision),Sunday,OUT OF CONTROL ON CARRIAGEWAY (ON STRAIGHT),No,Dark Street lights on,Yes,T intersection,Serious injury accident,60,No,39038,145.05964,-37.81588,Intersection,BOROONDARA,METROPOLITAN SOUTH EAST REGION,2505251.115,2409457.9790000003,1,1,0,1,0,0,1,0,0,0,1,0,0,0,0,0,0,0,0,1,Yes,0,1,0,1,0,0,Metropolitan Excluding CBD,Metropolitan Excluding CBD,BOROONDARA,METROPOLITAN SOUTH EAST REGION,,,Arterial Other,"Arterial Other,Local Road",Undivided,Undivided,Metro,-4209644.891778172,16147965.237191683
726,-37.763831599999996,144.8221447,1727,T20100033732,ABS to receive accident,Finished,21-08-2010,23.10.00,Yes,Collision with vehicle,Saturday,VEHICLE COLLIDES WITH VEHICLE PARKED ON LEFT OF ROAD,No,Dark No street lights,Yes,Not at intersection,Other injury accident,50,No,237896,144.82214,-37.76383,Non-Intersection,BRIMBANK,METROPOLITAN NORTH WEST REGION,2484329.57,2415222.022,1,1,0,0,1,0,1,0,0,0,1,0,0,0,0,0,0,0,0,0,No,0,2,0,2,0,0,Metropolitan Excluding CBD,Metropolitan Excluding CBD,BRIMBANK,METROPOLITAN NORTH WEST REGION,,,Local Road,Local Road,Undivided,Undivided,Metro,-4203850.504114932,16121527.40359378
727,-37.69972785,145.11306919999998,1728,T20100033739,ABS to receive accident,Finished,22-08-2010,05.25.00,Yes,Collision with a fixed object,Sunday,RIGHT OFF CARRIAGEWAY INTO OBJECT/PARKED VEHICLE,No,Dark Street lights on,Yes,Not at intersection,Other injury accident,60,Yes,235935,145.11307,-37.699729999999995,Non-Intersection,BANYULE,METROPOLITAN NORTH WEST REGION,2509970.725,2422345.202,1,1,0,0,1,0,1,0,0,0,1,0,0,0,0,0,0,0,0,1,No,0,1,0,1,0,0,Metropolitan Excluding CBD,Metropolitan Excluding CBD,BANYULE,METROPOLITAN NORTH WEST REGION,,,Arterial Other,Arterial Other,Undivided,Undivided,Metro,-4196714.507306995,16153912.970793067
728,-37.82980012,144.9643983,1729,T20100033741,ABS to receive accident,Finished,22-08-2010,05.50.00,Yes,Collision with vehicle,Sunday,REAR END(VEHICLES IN SAME LANE),No,Dark Street lights on,Yes,Not at intersection,Serious injury accident,60,No,140647,144.9644,-37.8298,Non-Intersection,MELBOURNE,METROPOLITAN NORTH WEST REGION,2496865.949,2407914.461,8,1,0,1,0,7,2,6,0,4,4,0,0,0,0,0,0,0,0,4,No,0,4,0,4,0,0,Metropolitan Excluding CBD,Metropolitan Excluding CBD,MELBOURNE,METROPOLITAN NORTH WEST REGION,,,Arterial Highway,Arterial Highway,Undivided,Undivided,Metro,-4211194.08616972,16137363.001909291
729,-37.744538,144.8630456,1730,T20100033742,ABS to receive accident,Finished,22-08-2010,02.20.00,Yes,Collision with a fixed object,Sunday,RIGHT OFF CARRIAGEWAY INTO OBJECT/PARKED VEHICLE,No,Dark Street lights on,Yes,Not at intersection,Fatal accident,60,Yes,235474,144.86305,-37.74454,Non-Intersection,MOONEE VALLEY,METROPOLITAN NORTH WEST REGION,2487930.174,2417369.27,2,2,1,1,0,0,1,1,0,1,1,0,0,0,0,0,0,0,0,1,Yes,0,1,0,1,0,0,Metropolitan Excluding CBD,Metropolitan Excluding CBD,MOONEE VALLEY,METROPOLITAN NORTH WEST REGION,,,Arterial Other,Arterial Other,Undivided,Undivided,Metro,-4201702.750387364,16126080.470954768
730,-36.65485659,144.5494776,1731,T20100033743,ABS to receive accident,Finished,22-08-2010,08.30.00,Yes,Collision with a fixed object,Sunday,OFF LEFT BEND INTO OBJECT/PARKED VEHICLE,No,Day,Yes,Not at intersection,Other injury accident,100,Yes,235936,144.54948000000002,-36.65486,Non-Intersection,CAMPASPE,NORTHERN REGION,2459723.248,2538201.21,1,1,0,0,1,0,1,0,0,0,1,0,0,0,0,0,0,0,0,0,Yes,0,1,0,1,0,0,Country,Country,CAMPASPE,NORTHERN REGION,,,Local Road,Local Road,Undivided,Undivided,Country,-4080399.970699268,16091174.240865704
731,-37.87597515,145.0481743,1732,T20100033750,ABS to receive accident,Finished,22-08-2010,08.13.00,Yes,Struck Pedestrian,Sunday,PED NEAR SIDE. PED HIT BY VEHICLE FROM THE RIGHT.,No,Day,Yes,Cross intersection,Serious injury accident,60,No,29648,145.04817,-37.87598,Intersection,STONNINGTON,METROPOLITAN SOUTH EAST REGION,2504238.236,2402789.05,2,1,0,1,0,1,1,1,0,0,1,1,0,0,0,0,0,1,0,0,No,0,1,0,1,0,0,Metropolitan Excluding CBD,Metropolitan Excluding CBD,STONNINGTON,METROPOLITAN SOUTH EAST REGION,,,Arterial Other,Arterial Other,Undivided,Undivided,Metro,-4216334.266996684,16146688.90356999
732,-37.895294899999996,145.07662230000003,1733,T20100033751,ABS to receive accident,Finished,22-08-2010,08.25.00,Yes,Collision with vehicle,Sunday,U TURN,No,Day,Yes,Not at intersection,Serious injury accident,60,No,236440,145.07662,-37.89529,Non-Intersection,GLEN EIRA,METROPOLITAN SOUTH EAST REGION,2506739.278,2400643.098,2,1,0,1,0,1,1,1,0,0,1,0,0,1,0,0,0,0,0,0,No,0,2,0,1,1,0,Metropolitan Excluding CBD,Metropolitan Excluding CBD,"MONASH,GLEN EIRA",METROPOLITAN SOUTH EAST REGION,,,Local Road,Local Road,Undivided,Undivided,Metro,-4218484.931728936,16149855.72044408
733,-37.684414000000004,144.883036,1734,T20100033754,ABS to receive accident,Finished,22-08-2010,09.20.00,Yes,Struck Pedestrian,Sunday,PED NEAR SIDE. PED HIT BY VEHICLE FROM THE RIGHT.,No,Day,Yes,Cross intersection,Serious injury accident,70,No,36189,144.88304,-37.68441,Intersection,HUME,METROPOLITAN NORTH WEST REGION,2489683.731,2424044.345,2,1,0,1,0,1,1,1,0,0,1,1,0,0,0,0,0,1,0,0,No,0,1,0,1,0,0,Metropolitan Excluding CBD,Metropolitan Excluding CBD,HUME,METROPOLITAN NORTH WEST REGION,,,Arterial Other,"Arterial Other,Local Road",Undivided,Undivided,Metro,-4195009.77732291,16128305.792103525
734,-38.1633057,145.12059430000002,1735,T20100033756,ABS to receive accident,Finished,22-08-2010,07.10.00,Yes,Collision with vehicle,Sunday,LEFT OFF CARRIAGEWAY INTO OBJECT/PARKED VEHICLE,No,Day,Yes,Not at intersection,Serious injury accident,50,Yes,239438,145.12059,-38.163309999999996,Non-Intersection,FRANKSTON,METROPOLITAN SOUTH EAST REGION,2510569.129,2370890.4159999997,1,1,0,1,0,0,1,0,0,0,1,0,0,0,0,0,0,0,0,1,Yes,0,2,0,2,0,0,Metropolitan Excluding CBD,Metropolitan Excluding CBD,FRANKSTON,METROPOLITAN SOUTH EAST REGION,,,Local Road,Local Road,Undivided,Undivided,Metro,-4248319.757512035,16154750.661093242
735,-37.9246119,145.69942759999998,1736,T20100033757,ABS to receive accident,Finished,21-08-2010,13.50.00,No,Vehicle overturned (no collision),Saturday,OUT OF CONTROL ON CARRIAGEWAY (ON BEND),No,Day,Yes,Not at intersection,Serious injury accident,80,No,235999,145.69943,-37.924609999999994,Non-Intersection,CARDINIA,METROPOLITAN SOUTH EAST REGION,2561493.371,2397165.9669999997,1,1,0,1,0,0,1,0,0,0,0,0,0,1,0,0,0,0,0,0,No,0,1,0,0,1,0,Country,Country,CARDINIA,METROPOLITAN SOUTH EAST REGION,,,Local Road,Local Road,Undivided,Undivided,Metro,-4221748.485240524,16219186.089303426
736,-37.95437126,142.5197232,1737,T20100033761,ABS to receive accident,Finished,19-08-2010,06.00.00,Yes,Vehicle overturned (no collision),Thursday,OFF CARRIAGEWAY TO LEFT,No,Dark No street lights,Yes,Not at intersection,Other injury accident,100,Yes,236000,142.51972,-37.954370000000004,Non-Intersection,MOYNE,SOUTH WESTERN REGION,2282043.895,2391249.371,1,1,0,0,1,0,1,0,0,0,1,0,0,0,0,0,0,0,0,0,No,0,1,1,0,0,0,Country,Country,MOYNE,SOUTH WESTERN REGION,B,B,Arterial Highway,Arterial Highway,Undivided,Undivided,Country,-4225061.282042057,15865223.014622295
737,-37.83557857,145.0946983,1738,T20100033764,ABS to receive accident,Finished,22-08-2010,11.05.00,No,Collision with a fixed object,Sunday,LEFT OFF CARRIAGEWAY INTO OBJECT/PARKED VEHICLE,No,Day,Yes,Not at intersection,Serious injury accident,60,Yes,236616,145.0947,-37.83558,Non-Intersection,BOROONDARA,METROPOLITAN SOUTH EAST REGION,2508335.738,2407269.562,1,1,0,1,0,0,1,0,0,0,1,0,0,0,0,0,0,0,0,0,No,0,1,0,1,0,0,Metropolitan Excluding CBD,Metropolitan Excluding CBD,BOROONDARA,METROPOLITAN SOUTH EAST REGION,,,Arterial Other,Arterial Other,Undivided,Undivided,Metro,-4211837.340281295,16151867.931559656
738,-37.77052238,145.09911169999998,1739,T20100033766,ABS to receive accident,Finished,22-08-2010,11.00.00,No,Collision with vehicle,Sunday,LANE SIDE SWIPE (VEHICLES IN PARALLEL LANES),Yes,Day,Yes,Cross intersection,Other injury accident,70,No,29504,145.09911,-37.77052,Intersection,MANNINGHAM,METROPOLITAN SOUTH EAST REGION,2508731.735,2414489.538,2,1,0,0,1,1,1,0,1,0,1,0,0,0,0,0,0,0,0,0,No,0,2,0,1,0,0,Metropolitan Excluding CBD,Metropolitan Excluding CBD,MANNINGHAM,METROPOLITAN SOUTH EAST REGION,,,Arterial Other,Arterial Other,Undivided,Undivided,Metro,-4204595.318337544,16152359.229000323
739,-38.34990717,146.71454359999998,1740,T20100033767,ABS to receive accident,Finished,22-08-2010,05.30.00,Yes,Collision with a fixed object,Sunday,LEFT OFF CARRIAGEWAY INTO OBJECT/PARKED VEHICLE,No,Dark No street lights,Yes,Not at intersection,Other injury accident,100,Yes,235837,146.71454,-38.349909999999994,Non-Intersection,WELLINGTON,EASTERN REGION,2649884.945,2348832.515,1,1,0,0,1,0,1,0,0,0,1,0,0,0,0,0,0,0,0,0,No,0,1,0,1,0,0,Country,Country,WELLINGTON,"EASTERN REGION,EASTERN REGION",C,C,Arterial Other,Arterial Other,Undivided,Undivided,Country,-4269092.138133711,16332188.285519533
740,-37.91941738,146.92771330000002,1741,T20100033769,ABS to receive accident,Finished,22-08-2010,10.20.00,No,Collision with vehicle,Sunday,REAR END(VEHICLES IN SAME LANE),No,Day,Yes,Not at intersection,Serious injury accident,100,No,238086,146.92771000000002,-37.91942,Non-Intersection,WELLINGTON,EASTERN REGION,2669485.333,2396252.395,5,4,0,2,2,1,3,2,4,0,1,0,0,0,0,0,0,0,1,0,No,0,5,0,1,0,0,Country,Country,WELLINGTON,"EASTERN REGION,EASTERN REGION",,,Local Road,Local Road,Undivided,Undivided,Country,-4221170.233919208,16355918.227976091
741,-37.79341054,144.8968649,1742,T20100033773,ABS to receive accident,Finished,19-08-2010,19.30.00,Yes,Struck Pedestrian,Thursday,FAR SIDE. PED HIT BY VEHICLE FROM THE LEFT,No,Dark Street lights on,No,Cross intersection,Other injury accident,50,No,38763,144.89686,-37.793409999999994,Intersection,MARIBYRNONG,METROPOLITAN NORTH WEST REGION,2490916.5519999997,2411948.902,2,1,0,0,1,1,1,1,0,0,1,1,0,0,0,0,0,0,0,0,No,0,1,0,0,0,0,Metropolitan Excluding CBD,Metropolitan Excluding CBD,MARIBYRNONG,METROPOLITAN NORTH WEST REGION,,,Arterial Other,"Arterial Other,Local Road",Undivided,Undivided,Metro,-4207143.216653939,16129845.218209753
742,-37.84992001,145.11509809999998,1743,T20100033782,ABS to receive accident,Finished,22-08-2010,13.18.00,No,Collision with vehicle,Sunday,REAR END(VEHICLES IN SAME LANE),No,Day,Yes,Not at intersection,Other injury accident,70,No,235838,145.1151,-37.849920000000004,Non-Intersection,WHITEHORSE,METROPOLITAN SOUTH EAST REGION,2510129.486,2405675.848,4,1,0,0,1,3,2,2,0,2,2,0,0,0,0,0,0,0,0,1,No,0,2,0,2,0,0,Metropolitan Excluding CBD,Metropolitan Excluding CBD,WHITEHORSE,METROPOLITAN SOUTH EAST REGION,,,Arterial Highway,Arterial Highway,Undivided,Undivided,Metro,-4213433.822079335,16154138.826907938
743,-37.79875188,144.94887319999998,1744,T20100033783,ABS to receive accident,Finished,22-08-2010,13.32.00,No,Collision with vehicle,Sunday,CROSS TRAFFIC(INTERSECTIONS ONLY),No,Day,Yes,Cross intersection,Serious injury accident,60,No,35299,144.94887,-37.79875,Intersection,MELBOURNE,METROPOLITAN NORTH WEST REGION,2495497.409,2411359.797,3,1,0,1,0,2,1,1,0,1,1,0,0,1,0,0,0,0,0,0,No,0,2,0,1,1,0,Metropolitan Excluding CBD,Metropolitan Excluding CBD,MELBOURNE,METROPOLITAN NORTH WEST REGION,,,Arterial Other,"Arterial Other,Local Road",Undivided,Undivided,Metro,-4207737.811902892,16135634.755682776
744,-38.00518789,141.5686919,1745,T20100033792,ABS to receive accident,Finished,21-08-2010,23.25.00,Yes,Collision with a fixed object,Saturday,LEFT OFF CARRIAGEWAY INTO OBJECT/PARKED VEHICLE,No,Dark No street lights,Yes,Not at intersection,Serious injury accident,100,Yes,235841,141.56869,-38.00519,Non-Intersection,GLENELG,SOUTH WESTERN REGION,2198705.7630000003,2383017.975,1,1,0,1,0,0,0,1,0,0,1,0,0,0,0,0,0,0,0,0,No,0,1,0,1,0,0,Country,Country,GLENELG,SOUTH WESTERN REGION,C,C,Arterial Other,Arterial Other,Undivided,Undivided,Country,-4230718.163417487,15759354.694577834
745,-37.81104648,145.00547350000002,1746,T20100033793,ABS to receive accident,Finished,22-08-2010,03.00.00,Yes,Struck Pedestrian,Sunday,PED PLAYING/LYING/WORKING/STANDING ON CARRIAGEWAY.,No,Dark Street lights on,Yes,T intersection,Other injury accident,50,No,37279,145.00547,-37.81105,Intersection,YARRA,METROPOLITAN NORTH WEST REGION,2500481.958,2409996.454,2,1,0,0,1,1,2,0,0,0,1,1,0,0,0,0,0,0,0,0,No,0,1,0,1,0,0,Metropolitan Excluding CBD,Metropolitan Excluding CBD,YARRA,METROPOLITAN NORTH WEST REGION,,,Arterial Other,"Arterial Other,Local Road",Undivided,Undivided,Metro,-4209106.4405144,16141935.472257527
746,-37.73522288,145.0784051,1747,T20100033794,ABS to receive accident,Finished,21-08-2010,20.25.00,Yes,Collision with vehicle,Saturday,REAR END(VEHICLES IN SAME LANE),No,Dark Street lights on,Yes,T intersection,Other injury accident,60,No,44689,145.07841000000002,-37.73522,Non-Intersection,BANYULE,METROPOLITAN NORTH WEST REGION,2506910.713,2418408.934,6,1,0,0,1,5,0,4,0,3,3,0,0,0,0,0,0,0,0,1,No,0,3,0,3,0,0,Metropolitan Excluding CBD,Metropolitan Excluding CBD,BANYULE,METROPOLITAN NORTH WEST REGION,,,Arterial Highway,Arterial Highway,Undivided,Undivided,Metro,-4200665.795972287,16150054.180832265
747,-37.75749137,142.05060500000002,1748,T20100033795,ABS to receive accident,Finished,22-08-2010,15.25.00,No,No collision and no object struck,,OFF CARRIAGEWAY ON LEFT BEND,No,Day,Yes,Not at intersection,Serious injury accident,100,Yes,277079,142.05061,-37.757490000000004,Non-Intersection,SOUTHERN GRAMPIANS,SOUTH WESTERN REGION,2240155.0640000002,2411914.877,2,1,0,1,0,1,1,1,0,1,1,0,0,0,0,0,0,0,0,1,No,0,1,0,1,0,0,Country,Country,SOUTHERN GRAMPIANS,SOUTH WESTERN REGION,B,B,Arterial Highway,Arterial Highway,Undivided,Undivided,Country,-4203144.712939821,15813001.015476443
748,-36.05850458,145.213409,1749,T20100033799,ABS to receive accident,Finished,21-08-2010,22.50.00,Yes,Collision with a fixed object,Saturday,OFF LEFT BEND INTO OBJECT/PARKED VEHICLE,No,Dark No street lights,Yes,T intersection,Serious injury accident,50,Yes,237786,145.21341,-36.0585,Intersection,MOIRA,NORTH EASTERN REGION,2519227.171,2604443.9669999997,2,1,0,1,0,1,2,0,0,1,1,0,0,0,0,0,0,0,0,1,Yes,0,1,0,1,0,0,Other Towns,Other Towns,MOIRA,NORTH EASTERN REGION,,,Local Road,Local Road,Undivided,Undivided,Country,-4014014.3686125227,16165082.74623537
749,-37.8121004,145.3370201,1750,T20100033802,ABS to receive accident,Finished,21-08-2010,13.30.00,No,Collision with vehicle,Saturday,LEFT REAR,No,Day,No,Cross intersection,Other injury accident,60,No,39844,145.33702,-37.8121,Intersection,YARRA RANGES,METROPOLITAN SOUTH EAST REGION,2529675.076,2409826.969,2,1,0,0,1,1,0,2,0,0,2,0,0,0,0,0,0,0,0,0,No,0,2,0,2,0,0,Metropolitan Excluding CBD,Metropolitan Excluding CBD,YARRA RANGES,METROPOLITAN SOUTH EAST REGION,C,C,Arterial Other,"Arterial Other,Local Road",Undivided,Undivided,Metro,-4209223.762352136,16178843.070943763
750,-37.92416557,144.9874712,1751,T20100033804,ABS to receive accident,Finished,22-08-2010,12.45.00,No,Collision with vehicle,Sunday,REAR END(VEHICLES IN SAME LANE),No,Day,Yes,T intersection,Other injury accident,60,No,757,144.98747,-37.924170000000004,Intersection,BAYSIDE,METROPOLITAN SOUTH EAST REGION,2498898.455,2397441.328,4,1,0,0,1,3,1,3,0,1,3,0,0,0,0,0,0,0,0,2,No,0,3,0,3,0,0,Metropolitan Excluding CBD,Metropolitan Excluding CBD,BAYSIDE,METROPOLITAN SOUTH EAST REGION,,,Arterial Other,"Arterial Other,Local Road",Undivided,Undivided,Metro,-4221698.800012197,16139931.465388415
751,-37.842890600000004,144.9949356,1752,T20100033805,ABS to receive accident,Finished,22-08-2010,16.17.00,Yes,Collision with vehicle,Sunday,VEHICLE COLLIDES WITH VEHICLE PARKED ON LEFT OF ROAD,No,Day,Yes,Not at intersection,Other injury accident,60,No,235845,144.99493999999999,-37.842890000000004,Non-Intersection,STONNINGTON,METROPOLITAN SOUTH EAST REGION,2499554.255,2406462.145,2,1,0,0,1,1,1,1,0,0,1,0,0,1,0,0,0,0,0,0,No,0,2,0,1,1,0,Metropolitan Excluding CBD,Metropolitan Excluding CBD,STONNINGTON,METROPOLITAN SOUTH EAST REGION,,,Local Road,Local Road,Undivided,Undivided,Metro,-4212651.311737559,16140762.398595493
752,-37.86175017,145.212802,1753,T20100033809,ABS to receive accident,Finished,22-08-2010,14.20.00,No,Collision with vehicle,Sunday,U TURN,No,Day,Yes,Multiple intersection,Serious injury accident,80,No,235847,145.2128,-37.86175,Non-Intersection,KNOX,METROPOLITAN SOUTH EAST REGION,2518725.206,2404348.022,4,1,0,1,0,3,2,2,0,2,2,0,0,0,0,0,0,0,0,0,No,0,2,0,2,0,0,Metropolitan Excluding CBD,Metropolitan Excluding CBD,KNOX,METROPOLITAN SOUTH EAST REGION,,,Arterial Highway,Arterial Highway,Undivided,Undivided,Metro,-4214750.749466539,16165015.17530446
753,-37.80904033,145.0495407,1754,T20100033810,ABS to receive accident,Finished,09-07-2010,08.30.00,No,Collision with vehicle,Friday,RIGHT THROUGH,No,Day,No,T intersection,Serious injury accident,60,No,38999,145.04953999999998,-37.80904,Intersection,BOROONDARA,METROPOLITAN SOUTH EAST REGION,2504362.3109999998,2410217.989,2,1,0,1,0,1,2,0,1,0,1,0,0,0,0,0,0,0,0,1,No,0,2,0,1,0,0,Metropolitan Excluding CBD,Metropolitan Excluding CBD,BOROONDARA,METROPOLITAN SOUTH EAST REGION,,,Arterial Other,"Arterial Other,Local Road",Undivided,Undivided,Metro,-4208883.1169179445,16146841.010522211
754,-37.98745170000001,145.0445219,1755,T20100033811,ABS to receive accident,Finished,22-08-2010,12.10.00,No,collision with some other object,Sunday,STRUCK OBJECT ON CARRIAGEWAY,No,Day,No,Not at intersection,Other injury accident,50,No,235849,145.04452,-37.98745,Non-Intersection,BAYSIDE,METROPOLITAN SOUTH EAST REGION,2503911.12,2390416.094,1,1,0,0,1,0,1,0,0,0,1,0,0,0,0,0,0,0,0,0,No,0,1,0,1,0,0,Metropolitan Excluding CBD,Metropolitan Excluding CBD,BAYSIDE,METROPOLITAN SOUTH EAST REGION,,,Local Road,Local Road,Undivided,Undivided,Metro,-4228743.779778075,16146282.320261817
755,-37.69834993,146.49128269999997,1756,T20100033814,ABS to receive accident,Finished,22-08-2010,11.00.00,No,Vehicle overturned (no collision),Sunday,OUT OF CONTROL ON CARRIAGEWAY (ON STRAIGHT),No,Day,Yes,Not at intersection,Serious injury accident,100,No,237787,146.49128000000002,-37.69835,Non-Intersection,BAW BAW,EASTERN REGION,2631502.108,2421474.054,1,1,0,1,0,0,1,0,0,0,0,0,0,1,0,0,0,0,0,0,No,0,1,0,0,1,0,Country,Country,BAW BAW,"EASTERN REGION,EASTERN REGION",,,Local Road,Local Road,Undivided,Undivided,Country,-4196561.11795424,16307334.99581748
756,-38.06880463,144.3770781,1757,T20100033816,ABS to receive accident,Finished,22-08-2010,16.40.00,Yes,Collision with vehicle,Sunday,RIGHT THROUGH,No,Day,Yes,Cross intersection,Serious injury accident,60,No,49649,144.37708,-38.0688,Intersection,GEELONG,SOUTH WESTERN REGION,2445337.596,2381208.161,5,3,0,2,1,2,2,3,0,3,2,0,0,0,0,0,0,0,0,1,No,0,2,0,2,0,0,Large Provincial Cities,Large Provincial Cities,GEELONG,SOUTH WESTERN REGION,A,A,Arterial Highway,"Arterial Highway,Local Road",Undivided,Undivided,Country,-4237799.946520216,16071982.81631269
757,-37.7173852,144.9244973,1758,T20100033820,ABS to receive accident,Finished,22-08-2010,15.00.00,No,Collision with a fixed object,Sunday,OFF END OF ROAD/T-INTERSECTION.,No,Day,Yes,T intersection,Serious injury accident,50,No,223297,144.9245,-37.71739,Intersection,MORELAND,METROPOLITAN NORTH WEST REGION,2493343.538,2420388.826,1,1,0,1,0,0,1,0,0,0,1,0,0,0,0,0,0,0,1,0,No,0,1,0,1,0,0,Metropolitan Excluding CBD,Metropolitan Excluding CBD,MORELAND,METROPOLITAN NORTH WEST REGION,,,Local Road,Local Road,Undivided,Undivided,Metro,-4198680.114517753,16132921.242907152
758,-37.73765017,144.93280969999998,1759,T20100033831,ABS to receive accident,Finished,22-08-2010,16.45.00,Yes,Struck animal,Sunday,STRUCK ANIMAL,No,Day,Yes,Not at intersection,Other injury accident,60,No,235850,144.93281000000002,-37.73765,Non-Intersection,MORELAND,METROPOLITAN NORTH WEST REGION,2494077.96,2418140.301,1,1,0,0,1,0,0,1,0,0,0,0,0,1,0,0,0,0,0,0,No,0,1,0,0,1,0,Metropolitan Excluding CBD,Metropolitan Excluding CBD,MORELAND,METROPOLITAN NORTH WEST REGION,,,Arterial Highway,Arterial Highway,Undivided,Undivided,Metro,-4200936.000659094,16133846.57504242