,Latitude,Longitude,OBJECTID,ACCIDENT_NO,ABS_CODE,ACCIDENT_STATUS,ACCIDENT_DATE,ACCIDENT_TIME,ALCOHOLTIME,ACCIDENT_TYPE,DAY_OF_WEEK,DCA_CODE,HIT_RUN_FLAG,LIGHT_CONDITION,POLICE_ATTEND,ROAD_GEOMETRY,SEVERITY,SPEED_ZONE,RUN_OFFROAD,NODE_ID,LONGITUDE,LATITUDE,NODE_TYPE,LGA_NAME,REGION_NAME,VICGRID_X,VICGRID_Y,TOTAL_PERSONS,INJ_OR_FATAL,FATALITY,SERIOUSINJURY,OTHERINJURY,NONINJURED,MALES,FEMALES,BICYCLIST,PASSENGER,DRIVER,PEDESTRIAN,PILLION,MOTORIST,UNKNOWN,PED_CYCLIST_5_12,PED_CYCLIST_13_18,OLD_PEDESTRIAN,OLD_DRIVER,YOUNG_DRIVER,ALCOHOL_RELATED,UNLICENCSED,NO_OF_VEHICLES,HEAVYVEHICLE,PASSENGERVEHICLE,MOTORCYCLE,PUBLICVEHICLE,DEG_URBAN_NAME,DEG_URBAN_ALL,LGA_NAME_ALL,REGION_NAME_ALL,SRNS,SRNS_ALL,RMA,RMA_ALL,DIVIDED,DIVIDED_ALL,STAT_DIV_NAME,x_mercator,y_mercator
919,-37.568475,149.1406561,1920,T20100034469,ABS to receive accident,Finished,27-08-2010,10.00.00,No,Collision with a fixed object,Friday,LEFT OFF CARRIAGEWAY INTO OBJECT/PARKED VEHICLE,No,Day,Yes,Not at intersection,Other injury accident,100,Yes,236144,149.14066,-37.56847,Non-Intersection,EAST GIPPSLAND,EASTERN REGION,2865651.788,2428964.367,1,1,0,0,1,0,1,0,0,0,1,0,0,0,0,0,0,0,0,0,No,0,1,0,1,0,0,Country,Country,EAST GIPPSLAND,"EASTERN REGION,EASTERN REGION",A,A,Arterial Highway,Arterial Highway,Undivided,Undivided,Country,-4182103.506879828,16602261.89362673
920,-37.89235915,145.1273439,1921,T20100034470,ABS to receive accident,Finished,27-08-2010,10.35.00,No,Collision with vehicle,Friday,LANE CHANGE LEFT (NOT OVERTAKING),No,Day,Yes,Not at intersection,Other injury accident,100,No,236820,145.12734,-37.89236,Non-Intersection,MONASH,METROPOLITAN SOUTH EAST REGION,2511200.905,2400964.161,2,1,0,0,1,1,2,0,0,0,2,0,0,0,0,0,0,0,0,1,No,0,2,1,1,0,0,Metropolitan Excluding CBD,Metropolitan Excluding CBD,MONASH,METROPOLITAN SOUTH EAST REGION,M,M,Freeway,Freeway,Undivided,Undivided,Metro,-4218158.12553384,16155502.023128299
921,-37.85751096,145.1901695,1922,T20100034471,ABS to receive accident,Finished,27-08-2010,08.55.00,No,Collision with vehicle,Friday,RIGHT THROUGH,No,Day,Yes,T intersection,Serious injury accident,80,No,32247,145.19017,-37.85751,Intersection,WHITEHORSE,METROPOLITAN SOUTH EAST REGION,2516734.634,2404822.744,2,2,0,1,1,0,1,1,0,0,2,0,0,0,0,0,0,0,0,0,No,0,2,0,2,0,0,Metropolitan Excluding CBD,Metropolitan Excluding CBD,WHITEHORSE,METROPOLITAN SOUTH EAST REGION,,,Arterial Highway,"Arterial Highway,Local Road",Undivided,Undivided,Metro,-4214278.842767973,16162495.73692908
922,-38.04399703,145.34146619999999,1923,T20100034473,ABS to receive accident,Finished,27-08-2010,10.35.00,No,Collision with vehicle,Friday,RIGHT THROUGH,No,Day,Yes,Multiple intersection,Other injury accident,50,No,12900,145.34147,-38.044000000000004,Intersection,CASEY,METROPOLITAN SOUTH EAST REGION,2529974.239,2384086.873,2,1,0,0,1,1,1,1,0,0,2,0,0,0,0,0,0,0,0,0,No,0,2,1,1,0,0,Metropolitan Excluding CBD,Metropolitan Excluding CBD,CASEY,METROPOLITAN SOUTH EAST REGION,M,"M,C",Freeway,"Freeway,Arterial Other",Undivided,Undivided,Metro,-4235038.377120412,16179338.008531779
923,-38.02906555,145.30089080000002,1924,T20100034474,ABS to receive accident,Finished,27-08-2010,11.35.00,No,Collision with vehicle,Friday,RIGHT NEAR (INTERSECTIONS ONLY),No,Day,Yes,Cross intersection,Other injury accident,60,No,43626,145.30088999999998,-38.029070000000004,Intersection,CASEY,METROPOLITAN SOUTH EAST REGION,2526417.736,2385756.251,2,2,0,0,2,0,0,2,0,0,2,0,0,0,0,0,0,0,0,0,No,0,2,0,2,0,0,Metropolitan Excluding CBD,Metropolitan Excluding CBD,CASEY,METROPOLITAN SOUTH EAST REGION,,,Arterial Other,"Arterial Other,Local Road",Undivided,Undivided,Metro,-4233376.212370022,16174821.175665049
924,-34.20960931,142.2021564,1925,T20100034476,ABS to receive accident,Finished,27-08-2010,08.35.00,No,Collision with vehicle,Friday,CROSS TRAFFIC(INTERSECTIONS ONLY),No,Day,Yes,Cross intersection,Other injury accident,60,No,55521,142.20216000000002,-34.20961,Intersection,MILDURA,WESTERN REGION,2241933.179,2805880.4460000005,5,2,0,0,2,3,2,3,0,3,2,0,0,0,0,0,0,0,0,0,No,0,2,0,2,0,0,Country,Country,MILDURA,WESTERN REGION,,,Local Road,Local Road,Undivided,Undivided,Country,-3808196.2886260306,15829871.640153449
925,-37.80976005,144.9928514,1926,T20100034479,ABS to receive accident,Finished,27-08-2010,11.45.00,No,Struck Pedestrian,Friday,FAR SIDE. PED HIT BY VEHICLE FROM THE LEFT,Yes,Day,Yes,T intersection,Other injury accident,50,No,37080,144.99285,-37.80976,Intersection,YARRA,METROPOLITAN NORTH WEST REGION,2499370.535,2410139.221,3,1,0,0,1,2,1,0,0,1,1,1,0,0,0,0,0,0,0,0,No,0,1,0,1,0,0,Metropolitan Excluding CBD,Metropolitan Excluding CBD,YARRA,METROPOLITAN NORTH WEST REGION,,,Arterial Other,"Arterial Other,Local Road",Undivided,Undivided,Metro,-4208963.235781858,16140530.386512784
926,-36.74823677,144.28859730000002,1927,T20100034489,ABS to receive accident,Finished,27-08-2010,11.20.00,No,Collision with a fixed object,Friday,PERMANENT OBSTRUCTION ON CARRIAGEWAY,No,Day,Yes,Not at intersection,Other injury accident,60,No,236145,144.2886,-36.74824,Non-Intersection,BENDIGO,NORTHERN REGION,2436478.301,2527698.01,1,1,0,0,1,0,1,0,0,0,1,0,0,0,0,0,0,0,0,0,No,0,1,0,1,0,0,Large Provincial Cities,Large Provincial Cities,BENDIGO,NORTHERN REGION,,,Local Road,Local Road,Undivided,Undivided,Country,-4090795.004787052,16062133.17871171
927,-37.66564458,144.93847409999998,1928,T20100034492,ABS to receive accident,Finished,27-08-2010,09.50.00,No,Collision with vehicle,Friday,RIGHT REAR.,No,Day,Yes,Not at intersection,Other injury accident,60,No,236146,144.93847,-37.66564,Non-Intersection,HUME,METROPOLITAN NORTH WEST REGION,2494572.046,2426131.981,2,1,0,0,1,1,2,0,0,0,2,0,0,0,0,0,0,0,0,0,No,0,2,1,1,0,0,Metropolitan Excluding CBD,Metropolitan Excluding CBD,HUME,METROPOLITAN NORTH WEST REGION,,,Arterial Other,Arterial Other,Undivided,Undivided,Metro,-4192920.375046024,16134477.133166067
928,-38.15500489,144.3336643,1929,T20100034494,ABS to receive accident,Finished,23-08-2010,15.20.00,No,Collision with vehicle,Monday,RIGHT THROUGH,No,Day,No,T intersection,Other injury accident,60,No,49997,144.33366,-38.155,Intersection,GEELONG,SOUTH WESTERN REGION,2441595.002,2371614.1459999997,2,1,0,0,1,1,1,1,1,0,1,0,0,0,0,0,0,0,1,0,No,0,2,0,1,0,0,Large Provincial Cities,Large Provincial Cities,GEELONG,SOUTH WESTERN REGION,C,C,Arterial Other,"Arterial Other,Local Road",Undivided,Undivided,Country,-4247395.715569663,16067150.01420329
929,-37.88116874,147.4216226,1930,T20100034500,ABS to receive accident,Finished,27-08-2010,09.15.00,No,collision with some other object,Friday,LOAD OR MISSILE STRUCK VEHICLE,No,Day,Yes,Not at intersection,Other injury accident,100,No,236147,147.42162,-37.881170000000004,Non-Intersection,EAST GIPPSLAND,EASTERN REGION,2713009.604,2399504.3540000003,3,2,0,0,2,1,2,1,0,1,2,0,0,0,0,0,0,0,0,0,No,0,2,1,1,0,0,Country,Country,EAST GIPPSLAND,"EASTERN REGION,EASTERN REGION",A,A,Arterial Highway,Arterial Highway,Undivided,Undivided,Country,-4216912.4147908725,16410899.959750151
930,-37.82707319,144.848928,1931,T20100034501,ABS to receive accident,Finished,27-08-2010,13.54.00,No,Struck Pedestrian,Friday,PED NEAR SIDE. PED HIT BY VEHICLE FROM THE RIGHT.,No,Day,Yes,Cross intersection,Other injury accident,60,No,38578,144.84893,-37.82707,Intersection,HOBSONS BAY,METROPOLITAN NORTH WEST REGION,2486700.523,2408207.151,2,1,0,0,1,1,1,1,0,0,1,1,0,0,0,0,0,1,0,0,No,0,1,0,1,0,0,Metropolitan Excluding CBD,Metropolitan Excluding CBD,HOBSONS BAY,METROPOLITAN NORTH WEST REGION,,,Arterial Other,"Arterial Other,Local Road",Undivided,Undivided,Metro,-4210890.525710691,16124508.906911546
931,-37.8090129,144.99146919999998,1932,T20100034502,ABS to receive accident,Finished,27-08-2010,13.33.00,No,Struck Pedestrian,Friday,PED NEAR SIDE. PED HIT BY VEHICLE FROM THE RIGHT.,No,Day,Yes,Not at intersection,Other injury accident,80,No,236148,144.99147,-37.80901,Non-Intersection,YARRA,METROPOLITAN NORTH WEST REGION,2499248.821,2410222.135,2,1,0,0,1,1,1,1,0,0,1,1,0,0,0,0,0,0,0,0,No,0,1,0,1,0,0,Metropolitan Excluding CBD,Metropolitan Excluding CBD,YARRA,METROPOLITAN NORTH WEST REGION,,,Arterial Highway,Arterial Highway,Undivided,Undivided,Metro,-4208880.063424312,16140376.520712607
932,-37.95071719,145.2272584,1933,T20100034506,ABS to receive accident,Finished,27-08-2010,09.55.00,No,Collision with a fixed object,Friday,LEFT OFF CARRIAGEWAY INTO OBJECT/PARKED VEHICLE,No,Day,Yes,Not at intersection,Serious injury accident,80,Yes,240359,145.22726,-37.950720000000004,Non-Intersection,KNOX,METROPOLITAN SOUTH EAST REGION,2519973.701,2394470.51,1,1,0,1,0,0,1,0,0,0,1,0,0,0,0,0,0,0,0,0,No,0,1,1,0,0,0,Metropolitan Excluding CBD,Metropolitan Excluding CBD,KNOX,METROPOLITAN SOUTH EAST REGION,,,Arterial Highway,Arterial Highway,Undivided,Undivided,Metro,-4224654.512830334,16166624.454391163
933,-38.020188899999994,145.34595190000002,1934,T20100034507,ABS to receive accident,Finished,25-08-2010,11.45.00,No,Collision with vehicle,Wednesday,RIGHT THROUGH,No,Day,No,T intersection,Serious injury accident,70,No,47555,145.34595,-38.02019,Intersection,CASEY,METROPOLITAN SOUTH EAST REGION,2530377.598,2386728.0930000003,2,1,0,1,0,1,1,1,0,0,2,0,0,0,0,0,0,0,1,0,No,0,2,0,2,0,0,Metropolitan Excluding CBD,Metropolitan Excluding CBD,CASEY,METROPOLITAN SOUTH EAST REGION,,,Local Road,Local Road,Undivided,Undivided,Metro,-4232388.068212071,16179837.354371635
934,-38.14522593,144.3616924,1935,T20100034512,ABS to receive accident,Finished,27-08-2010,15.00.00,No,Struck Pedestrian,Friday,PED NEAR SIDE. PED HIT BY VEHICLE FROM THE RIGHT.,No,Day,Yes,Cross intersection,Other injury accident,50,No,49913,144.36168999999998,-38.14523,Intersection,GEELONG,SOUTH WESTERN REGION,2444044.373,2372716.466,2,1,0,0,1,1,0,2,0,0,1,1,0,0,0,0,0,0,0,1,No,0,1,0,1,0,0,Large Provincial Cities,Large Provincial Cities,GEELONG,SOUTH WESTERN REGION,,,Local Road,Local Road,Undivided,Undivided,Country,-4246307.126721975,16070270.088023193
935,-37.79800946,144.9829872,1936,T20100034523,ABS to receive accident,Finished,27-08-2010,15.20.00,No,Collision with vehicle,Friday,RIGHT TURN SIDESWIPE,No,Day,Yes,Not at intersection,Other injury accident,50,No,236149,144.98299,-37.79801,Non-Intersection,YARRA,METROPOLITAN NORTH WEST REGION,2498501.7180000003,2411443.2709999997,2,1,0,0,1,1,1,1,0,0,1,0,0,1,0,0,0,0,0,1,No,0,2,0,1,1,0,Metropolitan Excluding CBD,Metropolitan Excluding CBD,YARRA,METROPOLITAN NORTH WEST REGION,,,Local Road,Local Road,Undivided,Undivided,Metro,-4207655.166086538,16139432.308791699
936,-37.82088712,144.8153049,1937,T20100034525,ABS to receive accident,Finished,27-08-2010,07.30.00,No,Collision with vehicle,Friday,HEAD ON(OVERTAKING),No,Dusk/Dawn,Yes,Not at intersection,Other injury accident,70,No,236150,144.8153,-37.820890000000006,Non-Intersection,WYNDHAM,METROPOLITAN NORTH WEST REGION,2483739.216,2408888.508,3,1,0,0,1,2,3,0,0,0,3,0,0,0,0,0,0,0,0,0,No,0,3,1,2,0,0,Metropolitan Excluding CBD,Metropolitan Excluding CBD,WYNDHAM,METROPOLITAN NORTH WEST REGION,,,Local Road,Local Road,Undivided,Undivided,Metro,-4210201.895548279,16120766.000540657
937,-37.85422363,144.7370034,1938,T20100034532,ABS to receive accident,Finished,27-08-2010,17.10.00,Yes,Collision with vehicle,Friday,VEHICLE COLLIDES WITH VEHICLE PARKED ON LEFT OF ROAD,No,Day,Yes,T intersection,Serious injury accident,50,No,236587,144.737,-37.85422,Intersection,WYNDHAM,METROPOLITAN NORTH WEST REGION,2476855.69,2405172.347,1,1,0,1,0,0,1,0,0,0,0,0,0,1,0,0,0,0,0,0,No,1,2,0,1,1,0,Metropolitan Excluding CBD,Metropolitan Excluding CBD,WYNDHAM,METROPOLITAN NORTH WEST REGION,,,Local Road,Local Road,Undivided,Undivided,Metro,-4213912.898866304,16112049.517432306
938,-37.8050188,144.6959414,1939,T20100034533,ABS to receive accident,Finished,27-08-2010,17.35.00,Yes,Collision with vehicle,Friday,RIGHT THROUGH,No,Day,Yes,Cross intersection,Serious injury accident,100,No,45524,144.69593999999998,-37.80502,Intersection,MELTON,METROPOLITAN NORTH WEST REGION,2473224.712,2410622.703,2,1,0,1,0,1,2,0,0,0,2,0,0,0,0,0,0,0,0,0,No,0,2,1,1,0,0,Country,Country,"WYNDHAM,MELTON",METROPOLITAN NORTH WEST REGION,C,C,Arterial Other,"Arterial Other,Local Road",Undivided,Undivided,Metro,-4208435.442246134,16107478.516501352
939,-37.72785824,145.146435,1940,T20100034537,ABS to receive accident,Finished,24-08-2010,15.08.00,No,Collision with vehicle,Tuesday,RIGHT NEAR (INTERSECTIONS ONLY),No,Day,Yes,T intersection,Other injury accident,60,No,62664,145.14643,-37.72786,Intersection,NILLUMBIK,METROPOLITAN NORTH WEST REGION,2512908.2,2419219.207,2,1,0,0,1,1,0,2,0,0,2,0,0,0,0,0,0,0,0,0,No,0,2,0,2,0,0,Metropolitan Excluding CBD,Metropolitan Excluding CBD,NILLUMBIK,METROPOLITAN NORTH WEST REGION,,,Arterial Other,"Arterial Other,Local Road",Undivided,Undivided,Metro,-4199845.967997611,16157627.23465898
940,-37.89391195,145.13932509999998,1941,T20100034543,ABS to receive accident,Finished,27-08-2010,17.02.00,Yes,Collision with vehicle,Friday,LANE CHANGE RIGHT (NOT OVERTAKING),No,Day,Yes,Not at intersection,Other injury accident,100,No,236644,145.13933,-37.89391,Intersection,MONASH,METROPOLITAN SOUTH EAST REGION,2512254.4930000002,2400790.338,4,1,0,0,1,3,3,0,0,2,1,0,0,0,1,0,0,0,0,1,No,0,2,0,1,0,0,Metropolitan Excluding CBD,Metropolitan Excluding CBD,MONASH,METROPOLITAN SOUTH EAST REGION,M,M,Freeway,Freeway,Undivided,Undivided,Metro,-4218330.9824391445,16156835.764211386
941,-37.90138168,145.01940190000002,1942,T20100034552,ABS to receive accident,Finished,15-08-2010,17.00.00,Yes,Collision with vehicle,Sunday,REAR END(VEHICLES IN SAME LANE),No,Day,No,Not at intersection,Other injury accident,70,No,236151,145.0194,-37.901379999999996,Non-Intersection,BAYSIDE,METROPOLITAN SOUTH EAST REGION,2501706.347,2399970.057,4,2,0,0,2,2,2,1,0,2,2,0,0,0,0,0,0,0,0,0,No,0,2,0,2,0,0,Metropolitan Excluding CBD,Metropolitan Excluding CBD,"GLEN EIRA,BAYSIDE",METROPOLITAN SOUTH EAST REGION,,,Arterial Highway,Arterial Highway,Undivided,Undivided,Metro,-4219162.508979107,16143485.974653091
942,-37.7990091,144.98738980000002,1943,T20100034556,ABS to receive accident,Finished,27-08-2010,20.44.00,Yes,Collision with vehicle,Friday,VEHICLE STRIKES DOOR OF PARKED/STATIONARY VEHICLE,No,Dark Street lights on,Yes,Not at intersection,Serious injury accident,60,No,218167,144.98739,-37.799009999999996,Non-Intersection,YARRA,METROPOLITAN NORTH WEST REGION,2498889.462,2411332.385,2,1,0,1,0,1,0,2,1,0,1,0,0,0,0,0,0,0,0,0,No,0,2,0,1,0,0,Metropolitan Excluding CBD,Metropolitan Excluding CBD,YARRA,METROPOLITAN NORTH WEST REGION,,,Local Road,Local Road,Undivided,Undivided,Metro,-4207766.445502314,16139922.40398187
943,-37.9145968,147.7205678,1944,T20100034570,ABS to receive accident,Finished,27-08-2010,18.15.00,Yes,Struck Pedestrian,Friday,PED WALKING WITH TRAFFIC,No,Dark Street lights on,Yes,Not at intersection,Serious injury accident,50,No,236154,147.72057,-37.9146,Non-Intersection,EAST GIPPSLAND,EASTERN REGION,2739192.495,2395085.482,2,1,0,1,0,1,2,0,0,0,1,1,0,0,0,0,0,1,0,0,No,0,1,0,1,0,0,Other Towns,Other Towns,EAST GIPPSLAND,"EASTERN REGION,EASTERN REGION",,,Local Road,Local Road,Undivided,Undivided,Country,-4220633.609408279,16444178.387189245
944,-37.81858438,144.9991699,1945,T20100034571,ABS to receive accident,Finished,27-08-2010,22.50.00,Yes,Struck Pedestrian,Friday,PED NEAR SIDE. PED HIT BY VEHICLE FROM THE RIGHT.,No,Dark Street lights on,Yes,Cross intersection,Other injury accident,60,No,37196,144.99917,-37.81858,Intersection,YARRA,METROPOLITAN NORTH WEST REGION,2499926.911,2409159.856,4,1,0,0,1,3,2,2,0,2,1,1,0,0,0,0,0,1,0,0,No,0,1,0,1,0,0,Metropolitan Excluding CBD,Metropolitan Excluding CBD,YARRA,METROPOLITAN NORTH WEST REGION,,,Arterial Other,Arterial Other,Undivided,Undivided,Metro,-4209945.555704049,16141233.75871536
945,-38.0730726,145.8800211,1946,T20100034576,ABS to receive accident,Finished,27-08-2010,23.00.00,Yes,collision with some other object,Friday,STRUCK OBJECT ON CARRIAGEWAY,No,Dark No street lights,Yes,Not at intersection,Other injury accident,100,No,236155,145.88002,-38.07307,Non-Intersection,BAW BAW,EASTERN REGION,2577218.3430000003,2380556.349,2,1,0,0,1,1,1,1,0,1,1,0,0,0,0,0,0,0,0,0,No,0,1,0,1,0,0,Country,Country,BAW BAW,"EASTERN REGION,EASTERN REGION",,,Local Road,Local Road,Undivided,Undivided,Country,-4238275.054767337,16239289.665764002
946,-38.39233797,146.1414649,1947,T20100034579,ABS to receive accident,Finished,27-08-2010,19.45.00,Yes,Struck animal,Friday,STRUCK ANIMAL,No,Dark No street lights,Yes,T intersection,Other injury accident,100,No,236156,146.14146000000002,-38.392340000000004,Intersection,SOUTH GIPPSLAND,EASTERN REGION,2599733.077,2344873.742,1,1,0,0,1,0,0,1,0,0,1,0,0,0,0,0,0,0,0,1,No,0,1,0,1,0,0,Country,Country,SOUTH GIPPSLAND,"EASTERN REGION,EASTERN REGION",B,B,Arterial Highway,"Arterial Highway,Local Road",Undivided,Undivided,Country,-4273815.513183663,16268393.45645106
947,-37.811091499999996,144.96731640000002,1948,T20100034589,ABS to receive accident,Finished,28-08-2010,04.05.00,Yes,Struck Pedestrian,Saturday,FAR SIDE. PED HIT BY VEHICLE FROM THE LEFT,No,Dark Street lights on,Yes,Not at intersection,Other injury accident,40,No,206247,144.96732,-37.81109,Non-Intersection,MELBOURNE,METROPOLITAN NORTH WEST REGION,2497122.121,2409990.977,2,1,0,0,1,1,1,1,0,0,1,1,0,0,0,0,0,0,0,1,No,0,1,0,1,0,0,Metropolitan CBD Only,Metropolitan CBD Only,MELBOURNE,METROPOLITAN NORTH WEST REGION,,,Local Road,Local Road,Undivided,Undivided,Metro,-4209111.452117874,16137687.84331538
948,-38.36827936,143.58763100000002,1949,T20100034590,ABS to receive accident,Finished,28-08-2010,05.15.00,Yes,Collision with a fixed object,Saturday,OFF END OF ROAD/T-INTERSECTION.,No,Dark Street lights on,Yes,T intersection,Other injury accident,60,No,236824,143.58763000000002,-38.36828,Intersection,COLAC OTWAY,SOUTH WESTERN REGION,2376559.19,2347226.933,1,1,0,0,1,0,1,0,0,0,1,0,0,0,0,0,0,0,0,0,Yes,0,1,0,1,0,0,Small Provincial Cities,Small Provincial Cities,COLAC OTWAY,SOUTH WESTERN REGION,,,Local Road,Local Road,Undivided,Undivided,Country,-4271137.320969269,15984101.967132464
949,-36.86998408,144.6299903,1950,T20100034602,ABS to receive accident,Finished,28-08-2010,08.25.00,No,Collision with vehicle,Saturday,U TURN,No,Day,Yes,Not at intersection,Other injury accident,100,No,236490,144.62999,-36.86998,Non-Intersection,BENDIGO,NORTHERN REGION,2467013.8219999997,2514362.424,5,2,0,0,2,3,2,3,0,3,2,0,0,0,0,0,0,0,0,0,No,0,2,0,2,0,0,Country,Country,BENDIGO,NORTHERN REGION,B,B,Arterial Highway,Arterial Highway,Undivided,Undivided,Country,-4104347.853341704,16100136.873632098
950,-38.61855569,145.7227852,1951,T20100034603,ABS to receive accident,Finished,28-08-2010,09.30.00,No,collision with some other object,Saturday,OTHER ACCIDENTS NOT CLASSIFIABLE ELSEWHERE,No,Day,Yes,Not at intersection,Serious injury accident,100,No,236157,145.72279,-38.618559999999995,Non-Intersection,BASS COAST,EASTERN REGION,2562962.046,2320116.232,2,1,0,1,0,1,2,0,1,0,1,0,0,0,0,0,0,0,0,0,No,0,2,0,1,0,0,Country,Country,BASS COAST,"EASTERN REGION,EASTERN REGION",C,C,Arterial Other,Arterial Other,Undivided,Undivided,Country,-4298997.954582478,16221786.245441582
951,-37.87696507,145.23292859999998,1952,T20100034604,ABS to receive accident,Finished,28-08-2010,10.00.00,No,Collision with vehicle,Saturday,REAR END(VEHICLES IN SAME LANE),No,Day,Yes,Cross intersection,Other injury accident,80,No,726,145.23293,-37.87697,Intersection,KNOX,METROPOLITAN SOUTH EAST REGION,2520492.082,2402655.182,3,1,0,0,1,2,1,2,0,1,2,0,0,0,0,0,0,0,0,1,No,0,2,0,2,0,0,Metropolitan Excluding CBD,Metropolitan Excluding CBD,KNOX,METROPOLITAN SOUTH EAST REGION,,,Arterial Highway,"Arterial Highway,Arterial Other",Undivided,Undivided,Metro,-4216444.464387009,16167255.658167856
952,-36.7556632,145.10354660000002,1953,T20100034607,ABS to receive accident,Finished,28-08-2010,09.45.00,No,Vehicle overturned (no collision),Saturday,OFF CARRIAGEWAY TO LEFT,No,Day,Yes,Not at intersection,Other injury accident,100,Yes,236158,145.10355,-36.75566,Non-Intersection,STRATHBOGIE,NORTH EASTERN REGION,2509244.946,2527106.307,1,1,0,0,1,0,1,0,0,0,1,0,0,0,0,0,0,0,0,1,No,0,1,0,1,0,0,Country,Country,STRATHBOGIE,NORTH EASTERN REGION,,,Local Road,Local Road,Undivided,Undivided,Country,-4091621.711193064,16152852.919810044
953,-37.87551742,144.9838992,1954,T20100034613,ABS to receive accident,Finished,26-08-2010,18.30.00,Yes,Collision with vehicle,Thursday,CROSS TRAFFIC(INTERSECTIONS ONLY),No,Dark Street lights unknown,No,Cross intersection,Other injury accident,50,No,236492,144.9839,-37.87552,Non-Intersection,PORT PHILLIP,METROPOLITAN NORTH WEST REGION,2498583.49,2402840.806,2,1,0,0,1,1,1,1,1,0,1,0,0,0,0,0,0,0,0,0,No,0,2,0,1,0,0,Metropolitan Excluding CBD,Metropolitan Excluding CBD,PORT PHILLIP,METROPOLITAN NORTH WEST REGION,,,Local Road,Local Road,Undivided,Undivided,Metro,-4216283.312726162,16139533.832167303
954,-37.8757914,144.9769385,1955,T20100034622,ABS to receive accident,Finished,28-08-2010,14.10.00,Yes,Collision with vehicle,Saturday,REAR END(VEHICLES IN SAME LANE),No,Day,Yes,Not at intersection,Serious injury accident,60,No,94537,144.97693999999998,-37.87579,Non-Intersection,PORT PHILLIP,METROPOLITAN NORTH WEST REGION,2497971.109,2402810.2709999997,2,2,0,1,1,0,1,1,1,0,1,0,0,0,0,0,0,0,0,0,No,0,2,0,1,0,0,Metropolitan Excluding CBD,Metropolitan Excluding CBD,PORT PHILLIP,METROPOLITAN NORTH WEST REGION,,,Arterial Other,Arterial Other,Undivided,Undivided,Metro,-4216313.81204025,16138758.970587736
955,-37.89965609,145.39570859999998,1956,T20100034629,ABS to receive accident,Finished,28-08-2010,12.25.00,No,Collision with a fixed object,Saturday,OFF RIGHT BEND INTO OBJECT/PARKED VEHICLE,No,Day,Yes,Not at intersection,Other injury accident,60,Yes,236493,145.39571,-37.89966,Non-Intersection,YARRA RANGES,METROPOLITAN SOUTH EAST REGION,2534802.255,2400089.4269999997,1,1,0,0,1,0,0,1,0,0,1,0,0,0,0,0,0,0,0,0,No,0,1,0,1,0,0,Metropolitan Excluding CBD,Metropolitan Excluding CBD,YARRA RANGES,METROPOLITAN SOUTH EAST REGION,,,Local Road,Local Road,Undivided,Undivided,Metro,-4218970.417178989,16185376.244879184
956,-38.36470542,145.86087519999998,1957,T20100034632,ABS to receive accident,Finished,28-08-2010,05.40.00,Yes,Vehicle overturned (no collision),Saturday,OFF CARRIAGEWAY ON RIGHT BEND,No,Dark No street lights,Yes,Not at intersection,Other injury accident,100,Yes,236159,145.86088,-38.364709999999995,Non-Intersection,SOUTH GIPPSLAND,EASTERN REGION,2575245.67,2348199.175,1,1,0,0,1,0,1,0,0,0,1,0,0,0,0,0,0,0,0,1,No,0,1,0,0,0,0,Country,Country,SOUTH GIPPSLAND,"EASTERN REGION,EASTERN REGION",C,C,Arterial Other,Arterial Other,Undivided,Undivided,Country,-4270739.471788343,16237158.353925223
957,-37.8853636,145.2843185,1958,T20100034633,ABS to receive accident,Finished,28-08-2010,14.45.00,Yes,Collision with vehicle,Saturday,REAR END(VEHICLES IN SAME LANE),No,Day,Yes,Not at intersection,Other injury accident,60,No,236494,145.28432,-37.88536,Non-Intersection,KNOX,METROPOLITAN SOUTH EAST REGION,2525010.358,2401710.747,8,2,0,0,2,6,4,4,0,4,4,0,0,0,0,0,0,0,0,2,No,0,4,0,4,0,0,Metropolitan Excluding CBD,Metropolitan Excluding CBD,KNOX,METROPOLITAN SOUTH EAST REGION,,,Arterial Other,Arterial Other,Undivided,Undivided,Metro,-4217379.384470021,16172976.355667775
958,-37.81354989,144.9628378,1959,T20100034634,ABS to receive accident,Finished,27-08-2010,20.00.00,Yes,Collision with vehicle,Friday,VEHICLE STRIKES DOOR OF PARKED/STATIONARY VEHICLE,No,Dark Street lights on,No,Not at intersection,Other injury accident,50,No,236160,144.96284,-37.81355,Non-Intersection,MELBOURNE,METROPOLITAN NORTH WEST REGION,2496727.874,2409717.982,2,1,0,0,1,1,1,1,1,0,1,0,0,0,0,0,0,0,0,1,No,0,2,0,1,0,0,Metropolitan CBD Only,Metropolitan CBD Only,MELBOURNE,METROPOLITAN NORTH WEST REGION,,,Local Road,Local Road,Undivided,Undivided,Metro,-4209385.118840846,16137189.28784391