,Latitude,Longitude,OBJECTID,ACCIDENT_NO,ABS_CODE,ACCIDENT_STATUS,ACCIDENT_DATE,ACCIDENT_TIME,ALCOHOLTIME,ACCIDENT_TYPE,DAY_OF_WEEK,DCA_CODE,HIT_RUN_FLAG,LIGHT_CONDITION,POLICE_ATTEND,ROAD_GEOMETRY,SEVERITY,SPEED_ZONE,RUN_OFFROAD,NODE_ID,LONGITUDE,LATITUDE,NODE_TYPE,LGA_NAME,REGION_NAME,VICGRID_X,VICGRID_Y,TOTAL_PERSONS,INJ_OR_FATAL,FATALITY,SERIOUSINJURY,OTHERINJURY,NONINJURED,MALES,FEMALES,BICYCLIST,PASSENGER,DRIVER,PEDESTRIAN,PILLION,MOTORIST,UNKNOWN,PED_CYCLIST_5_12,PED_CYCLIST_13_18,OLD_PEDESTRIAN,OLD_DRIVER,YOUNG_DRIVER,ALCOHOL_RELATED,UNLICENCSED,NO_OF_VEHICLES,HEAVYVEHICLE,PASSENGERVEHICLE,MOTORCYCLE,PUBLICVEHICLE,DEG_URBAN_NAME,DEG_URBAN_ALL,LGA_NAME_ALL,REGION_NAME_ALL,SRNS,SRNS_ALL,RMA,RMA_ALL,DIVIDED,DIVIDED_ALL,STAT_DIV_NAME,x_mercator,y_mercator
959,-37.77991705,145.0777779,1960,T20100034642,ABS to receive accident,Finished,27-08-2010,18.19.00,Yes,Collision with vehicle,Friday,REAR END(VEHICLES IN SAME LANE),No,Dark Street lights on,Yes,Not at intersection,Serious injury accident,100,No,236161,145.07778000000002,-37.779920000000004,Non-Intersection,BOROONDARA,METROPOLITAN SOUTH EAST REGION,2506851.38,2413448.6119999997,3,1,0,1,0,2,3,0,0,0,3,0,0,0,0,0,0,0,1,0,No,0,3,0,3,0,0,Metropolitan Excluding CBD,Metropolitan Excluding CBD,BOROONDARA,METROPOLITAN SOUTH EAST REGION,M,M,Freeway,Freeway,Undivided,Undivided,Metro,-4205641.128218114,16149984.361247638
960,-37.79684011,144.9646184,1961,T20100034643,ABS to receive accident,Finished,25-08-2010,14.30.00,No,Collision with a fixed object,Wednesday,RIGHT OFF CARRIAGEWAY INTO OBJECT/PARKED VEHICLE,No,Day,No,Cross intersection,Other injury accident,60,Yes,29389,144.96462,-37.79684,Intersection,MELBOURNE,METROPOLITAN NORTH WEST REGION,2496883.966,2411572.608,1,1,0,0,1,0,0,1,0,0,0,0,0,1,0,0,0,0,0,0,No,0,1,0,0,1,0,Metropolitan Excluding CBD,Metropolitan Excluding CBD,MELBOURNE,METROPOLITAN NORTH WEST REGION,,,Local Road,Local Road,Undivided,Undivided,Metro,-4207524.994639978,16137387.503329216
961,-37.95996291,145.1908857,1962,T20100034648,ABS to receive accident,Finished,28-08-2010,12.00.00,No,Collision with vehicle,Saturday,HEAD ON (NOT OVERTAKING),No,Day,Yes,Not at intersection,Serious injury accident,60,No,100365,145.19089,-37.959959999999995,Non-Intersection,DANDENONG,METROPOLITAN SOUTH EAST REGION,2516774.861,2393451.312,3,2,0,2,0,1,1,2,0,1,2,0,0,0,0,0,0,0,0,1,No,0,2,0,2,0,0,Metropolitan Excluding CBD,Metropolitan Excluding CBD,DANDENONG,METROPOLITAN SOUTH EAST REGION,,,Arterial Other,Arterial Other,Undivided,Undivided,Metro,-4225683.7416727515,16162575.463948386
962,-37.85655672,145.04674719999997,1963,T20100034655,ABS to receive accident,Finished,28-08-2010,17.17.00,Yes,Collision with vehicle,Saturday,CROSS TRAFFIC(INTERSECTIONS ONLY),No,Day,Yes,Cross intersection,Other injury accident,50,No,40393,145.04675,-37.856559999999995,Intersection,STONNINGTON,METROPOLITAN SOUTH EAST REGION,2504113.7430000002,2404944.359,4,1,0,0,1,3,1,3,0,2,2,0,0,0,0,0,0,0,0,0,No,0,2,0,2,0,0,Metropolitan Excluding CBD,Metropolitan Excluding CBD,STONNINGTON,METROPOLITAN SOUTH EAST REGION,,,Local Road,Local Road,Undivided,Undivided,Metro,-4214172.617257079,16146530.039524674
963,-37.99724348,145.0727072,1964,T20100034657,ABS to receive accident,Finished,28-08-2010,17.50.00,Yes,No collision and no object struck,Saturday,OUT OF CONTROL ON CARRIAGEWAY (ON STRAIGHT),Yes,Dusk/Dawn,No,Not at intersection,Other injury accident,60,No,236163,145.07271,-37.997240000000005,Non-Intersection,KINGSTON,METROPOLITAN SOUTH EAST REGION,2506386.287,2389327.721,2,1,0,0,1,1,2,0,0,0,1,0,0,1,0,0,0,0,0,0,No,0,2,0,1,1,0,Metropolitan Excluding CBD,Metropolitan Excluding CBD,KINGSTON,METROPOLITAN SOUTH EAST REGION,,,Arterial Other,Arterial Other,Undivided,Undivided,Metro,-4229833.795741634,16149419.893505672
964,-37.81280765,144.96810280000003,1965,T20100034664,ABS to receive accident,Finished,28-08-2010,17.15.00,Yes,Struck Pedestrian,Saturday,ANY MANOEUVRE INVOLVING PED NOT INCLUDED IN DCAs 100-108.,No,Day,Yes,Cross intersection,Serious injury accident,60,No,36952,144.9681,-37.81281,Intersection,MELBOURNE,METROPOLITAN NORTH WEST REGION,2497191.4269999997,2409800.53,3,1,0,1,0,2,3,0,1,0,1,1,0,0,0,0,0,0,0,1,No,0,2,0,1,0,0,Metropolitan CBD Only,Metropolitan CBD Only,MELBOURNE,METROPOLITAN NORTH WEST REGION,,,Local Road,Local Road,Undivided,Undivided,Metro,-4209302.493062,16137775.384962939
965,-37.80135347,145.0115035,1966,T20100034665,ABS to receive accident,Finished,28-08-2010,19.05.00,Yes,No collision and no object struck,Saturday,OFF CARRIAGEWAY ON RIGHT BEND,No,Dark No street lights,Yes,Not at intersection,Other injury accident,50,Yes,236165,145.0115,-37.80135,Non-Intersection,BOROONDARA,METROPOLITAN SOUTH EAST REGION,2501013.042,2411072.203,1,1,0,0,1,0,1,0,0,0,0,0,0,1,0,0,0,0,0,0,No,0,1,0,0,1,0,Metropolitan Excluding CBD,Metropolitan Excluding CBD,BOROONDARA,METROPOLITAN SOUTH EAST REGION,,,Arterial Other,Arterial Other,Undivided,Undivided,Metro,-4208027.419576945,16142606.72878701
966,-37.7763458,144.9975909,1967,T20100034680,ABS to receive accident,Finished,28-08-2010,21.10.00,Yes,Collision with vehicle,Saturday,VEHICLE STRIKES ANOTHER VEH WHILE EMERGING FROM DRIVEWAY,No,Dark Street lights on,Yes,Not at intersection,Other injury accident,50,No,186562,144.99759,-37.77635,Non-Intersection,DAREBIN,METROPOLITAN NORTH WEST REGION,2499787.775,2413847.766,2,1,0,0,1,1,0,2,1,0,1,0,0,0,0,0,0,0,0,1,No,0,2,0,1,0,0,Metropolitan Excluding CBD,Metropolitan Excluding CBD,DAREBIN,METROPOLITAN NORTH WEST REGION,,,Local Road,Local Road,Undivided,Undivided,Metro,-4205243.578486619,16141057.985239398
967,-38.18699999,146.2841585,1968,T20100034691,ABS to receive accident,Finished,29-08-2010,00.01.00,Yes,Collision with vehicle,Sunday,VEHICLE STRIKES ANOTHER VEH WHILE EMERGING FROM DRIVEWAY,No,Dark Street lights on,Yes,Not at intersection,Other injury accident,60,No,236167,146.28416,-38.187,Non-Intersection,LATROBE,EASTERN REGION,2612507.393,2367508.075,2,1,0,0,1,1,0,2,0,0,2,0,0,0,0,0,0,0,0,1,No,0,2,0,2,0,0,Country,Country,LATROBE,"EASTERN REGION,EASTERN REGION",C,C,Arterial Other,Arterial Other,Undivided,Undivided,Country,-4250957.393809543,16284278.035342522
968,-37.64753820000001,144.8402385,1969,T20100034695,ABS to receive accident,Finished,28-08-2010,22.20.00,Yes,Collision with vehicle,Saturday,VEHICLE STRIKES ANOTHER VEH WHILE EMERGING FROM DRIVEWAY,No,Dark No street lights,Yes,Not at intersection,Other injury accident,100,No,236168,144.84024,-37.64754,Non-Intersection,HUME,METROPOLITAN NORTH WEST REGION,2485902.111,2428131.358,3,1,0,0,1,2,2,1,0,1,2,0,0,0,0,0,0,0,0,1,No,0,2,0,2,0,0,Metropolitan Excluding CBD,Metropolitan Excluding CBD,HUME,METROPOLITAN NORTH WEST REGION,C,C,Arterial Other,Arterial Other,Undivided,Undivided,Metro,-4190904.7820443157,16123541.5961963
969,-37.597593700000004,143.84119719999998,1970,T20100034697,ABS to receive accident,Finished,29-08-2010,01.00.00,Yes,Struck Pedestrian,Sunday,FAR SIDE. PED HIT BY VEHICLE FROM THE LEFT,No,Dark Street lights on,Yes,T intersection,Other injury accident,50,No,239885,143.8412,-37.597590000000004,Non-Intersection,BALLARAT,WESTERN REGION,2397678.391,2433063.227,4,1,0,0,1,3,3,1,0,2,1,1,0,0,0,0,1,0,0,1,No,0,1,0,1,0,0,Large Provincial Cities,Large Provincial Cities,BALLARAT,WESTERN REGION,A,A,Arterial Highway,Arterial Highway,Undivided,Undivided,Country,-4185344.985736391,16012328.827398846
970,-36.51697885,146.0325789,1971,T20100034711,ABS to receive accident,Finished,28-08-2010,22.00.00,Yes,Collision with vehicle,Saturday,RIGHT THROUGH,No,Dark No street lights,Yes,Cross intersection,Serious injury accident,100,No,27310,146.03258,-36.51698,Intersection,BENALLA,NORTH EASTERN REGION,2592477.131,2553093.349,3,1,0,1,0,2,2,1,0,1,2,0,0,0,0,0,0,0,0,1,No,0,2,0,2,0,0,Country,Country,BENALLA,NORTH EASTERN REGION,C,C,Arterial Other,"Arterial Other,Local Road",Undivided,Undivided,Country,-4065051.490890741,16256272.322376546
971,-37.92416557,144.9874712,1972,T20100034719,ABS to receive accident,Finished,29-08-2010,09.40.00,Yes,Collision with vehicle,Sunday,RIGHT THROUGH,No,Day,Yes,T intersection,Serious injury accident,60,No,757,144.98747,-37.924170000000004,Intersection,BAYSIDE,METROPOLITAN SOUTH EAST REGION,2498898.455,2397441.328,2,1,0,1,0,1,0,2,1,0,1,0,0,0,0,0,0,0,0,1,No,0,2,0,1,0,0,Metropolitan Excluding CBD,Metropolitan Excluding CBD,BAYSIDE,METROPOLITAN SOUTH EAST REGION,,,Arterial Other,"Arterial Other,Local Road",Undivided,Undivided,Metro,-4221698.800012197,16139931.465388415
972,-38.184835299999996,146.507846,1973,T20100034721,ABS to receive accident,Finished,29-08-2010,07.00.00,Yes,Collision with a fixed object,Sunday,LEFT OFF CARRIAGEWAY INTO OBJECT/PARKED VEHICLE,No,Day,Yes,Not at intersection,Other injury accident,50,Yes,236169,146.50785,-38.18484,Non-Intersection,LATROBE,EASTERN REGION,2632107.336,2367460.965,1,1,0,0,1,0,1,0,0,0,1,0,0,0,0,0,0,0,0,1,No,0,1,0,1,0,0,Small Provincial Cities,Small Provincial Cities,LATROBE,"EASTERN REGION,EASTERN REGION",,,Local Road,Local Road,Undivided,Undivided,Country,-4250716.421621017,16309178.813939342
973,-37.83797233,145.1105904,1974,T20100034724,ABS to receive accident,Finished,29-08-2010,10.00.00,Yes,Collision with vehicle,Sunday,RIGHT THROUGH,No,Day,Yes,T intersection,Other injury accident,60,No,236170,145.11059,-37.83797,Intersection,WHITEHORSE,METROPOLITAN SOUTH EAST REGION,2509734.3140000002,2407002.374,2,1,0,0,1,1,1,1,0,0,2,0,0,0,0,0,0,0,0,0,No,0,2,0,2,0,0,Metropolitan Excluding CBD,Metropolitan Excluding CBD,WHITEHORSE,METROPOLITAN SOUTH EAST REGION,,,Arterial Other,Arterial Other,Undivided,Undivided,Metro,-4212103.812425575,16153637.032039294
974,-36.75245427,144.2838496,1975,T20100034726,ABS to receive accident,Finished,29-08-2010,10.05.00,No,Collision with a fixed object,Sunday,LEFT OFF CARRIAGEWAY INTO OBJECT/PARKED VEHICLE,No,Day,Yes,Not at intersection,Serious injury accident,60,Yes,236171,144.28385,-36.75245,Non-Intersection,BENDIGO,NORTHERN REGION,2436057.9,2527226.883,1,1,0,1,0,0,1,0,0,0,1,0,0,0,0,0,0,0,1,0,No,0,1,0,1,0,0,Large Provincial Cities,Large Provincial Cities,BENDIGO,NORTHERN REGION,C,C,Arterial Other,Arterial Other,Undivided,Undivided,Country,-4091264.4947394733,16061604.667165268
975,-38.3415746,141.60130080000002,1976,T20100034730,ABS to receive accident,Finished,29-08-2010,10.35.00,No,Struck Pedestrian,Sunday,PED NEAR SIDE. PED HIT BY VEHICLE FROM THE RIGHT.,No,Day,No,Not at intersection,Other injury accident,60,No,236172,141.6013,-38.341570000000004,Non-Intersection,GLENELG,SOUTH WESTERN REGION,2202900.662,2345803.437,2,2,0,0,2,0,0,2,0,0,1,1,0,0,0,0,0,0,0,0,No,0,1,0,1,0,0,Other Towns,Other Towns,GLENELG,SOUTH WESTERN REGION,,,Local Road,Local Road,Undivided,Undivided,Country,-4268164.560684312,15762984.700721165
976,-37.55499808,149.3562116,1977,T20100034731,ABS to receive accident,Finished,28-08-2010,22.45.00,Yes,Collision with a fixed object,Saturday,OFF RIGHT BEND INTO OBJECT/PARKED VEHICLE,No,Dark No street lights,Yes,Not at intersection,Serious injury accident,100,Yes,236173,149.35621,-37.555,Non-Intersection,EAST GIPPSLAND,EASTERN REGION,2884742.4510000004,2429608.966,2,2,0,1,1,0,1,1,0,1,1,0,0,0,0,0,0,0,0,0,No,0,1,0,1,0,0,Country,Country,EAST GIPPSLAND,"EASTERN REGION,EASTERN REGION",A,A,Arterial Highway,Arterial Highway,Undivided,Undivided,Country,-4180603.2630079663,16626257.422124417
977,-37.90620601,145.1232675,1978,T20100034733,ABS to receive accident,Finished,27-08-2010,11.00.00,No,Struck Pedestrian,Friday,FAR SIDE. PED HIT BY VEHICLE FROM THE LEFT,Yes,Day,No,T intersection,Serious injury accident,60,No,36960,145.12327,-37.906209999999994,Intersection,MONASH,METROPOLITAN SOUTH EAST REGION,2510840.366,2399427.753,2,1,0,1,0,1,0,1,0,0,0,1,0,0,1,0,0,0,0,0,No,0,1,0,0,0,0,Metropolitan Excluding CBD,Metropolitan Excluding CBD,MONASH,METROPOLITAN SOUTH EAST REGION,,,Arterial Other,"Arterial Other,Local Road",Undivided,Undivided,Metro,-4219699.550938127,16155048.240356026
978,-37.8198805,145.0455259,1979,T20100034740,ABS to receive accident,Finished,11-08-2010,10.05.00,No,Collision with vehicle,Wednesday,LEFT REAR,No,Day,No,Cross intersection,Other injury accident,60,No,484,145.04553,-37.81988,Intersection,BOROONDARA,METROPOLITAN SOUTH EAST REGION,2504008.211,2409015.045,2,2,0,0,2,0,1,1,0,0,2,0,0,0,0,0,0,0,0,1,No,0,2,0,2,0,0,Metropolitan Excluding CBD,Metropolitan Excluding CBD,BOROONDARA,METROPOLITAN SOUTH EAST REGION,,,Arterial Other,"Arterial Other,Local Road",Undivided,Undivided,Metro,-4210089.8391224565,16146394.085030574
979,-37.12480958,144.8997842,1980,T20100034744,ABS to receive accident,Finished,29-08-2010,13.00.00,No,Collision with a fixed object,Sunday,OFF LEFT BEND INTO OBJECT/PARKED VEHICLE,No,Day,Yes,Not at intersection,Serious injury accident,100,Yes,236175,144.89978,-37.12481,Non-Intersection,MITCHELL,NORTHERN REGION,2491095.554,2486146.184,1,1,0,1,0,0,0,1,0,0,0,0,0,1,0,0,0,0,0,0,No,0,1,0,0,1,0,Country,Country,MITCHELL,NORTHERN REGION,,,Local Road,Local Road,Undivided,Undivided,Country,-4132714.8982428443,16130170.193199227
980,-37.74979162,145.37330759999998,1981,T20100034750,ABS to receive accident,Finished,28-08-2010,09.00.00,No,Collision with vehicle,Saturday,REAR END(VEHICLES IN SAME LANE),No,Day,No,Multiple intersection,Other injury accident,80,No,46417,145.37331,-37.749790000000004,Intersection,YARRA RANGES,METROPOLITAN SOUTH EAST REGION,2532897.335,2416730.383,8,4,0,0,4,4,5,3,0,6,2,0,0,0,0,0,0,0,0,0,No,0,2,0,1,0,0,Metropolitan Excluding CBD,Metropolitan Excluding CBD,YARRA RANGES,METROPOLITAN SOUTH EAST REGION,B,B,Arterial Highway,Arterial Highway,Undivided,Undivided,Metro,-4202287.580690586,16182882.576965924
981,-37.83453156,144.94760549999998,1982,T20100034765,ABS to receive accident,Finished,19-08-2010,18.00.00,Yes,No collision and no object struck,Thursday,OUT OF CONTROL ON CARRIAGEWAY (ON STRAIGHT),No,Day,No,Cross intersection,Other injury accident,60,No,37447,144.94761,-37.83453,Intersection,PORT PHILLIP,METROPOLITAN NORTH WEST REGION,2495387.957,2407388.644,1,1,0,0,1,0,1,0,0,0,0,0,0,1,0,0,0,0,0,0,No,0,1,0,0,1,0,Metropolitan Excluding CBD,Metropolitan Excluding CBD,PORT PHILLIP,METROPOLITAN NORTH WEST REGION,,,Arterial Other,"Arterial Other,Local Road",Undivided,Undivided,Metro,-4211720.787661239,16135493.635964297
982,-36.75652059,144.2991596,1983,T20100034766,ABS to receive accident,Finished,29-08-2010,16.25.00,Yes,Collision with vehicle,Sunday,U TURN,No,Day,Yes,Not at intersection,Other injury accident,60,No,236177,144.29916,-36.75652,Non-Intersection,BENDIGO,NORTHERN REGION,2437428.162,2526785.88,2,2,0,0,2,0,0,2,0,0,2,0,0,0,0,0,0,0,0,0,No,0,2,0,2,0,0,Large Provincial Cities,Large Provincial Cities,BENDIGO,NORTHERN REGION,,,Local Road,Local Road,Undivided,Undivided,Country,-4091717.1554112756,16063308.968569314
983,-37.87696507,145.23292859999998,1984,T20100034773,ABS to receive accident,Finished,29-08-2010,05.00.00,Yes,Collision with a fixed object,Sunday,RIGHT OFF CARRIAGEWAY INTO OBJECT/PARKED VEHICLE,No,Dark Street lights on,Yes,Cross intersection,Serious injury accident,80,Yes,726,145.23293,-37.87697,Intersection,KNOX,METROPOLITAN SOUTH EAST REGION,2520492.082,2402655.182,1,1,0,1,0,0,1,0,0,0,1,0,0,0,0,0,0,0,0,1,No,0,1,0,1,0,0,Metropolitan Excluding CBD,Metropolitan Excluding CBD,KNOX,METROPOLITAN SOUTH EAST REGION,,,Arterial Highway,"Arterial Highway,Arterial Other",Undivided,Undivided,Metro,-4216444.464387009,16167255.658167856
984,-37.72358627,145.14583280000002,1985,T20100034776,ABS to receive accident,Finished,29-08-2010,15.20.00,No,Collision with vehicle,Sunday,HEAD ON (NOT OVERTAKING),No,Day,Yes,T intersection,Other injury accident,60,No,44833,145.14583000000002,-37.72359,Intersection,NILLUMBIK,METROPOLITAN NORTH WEST REGION,2512855.845,2419693.405,3,1,0,0,1,2,2,1,0,1,2,0,0,0,0,0,0,0,1,0,No,0,2,0,2,0,0,Metropolitan Excluding CBD,Metropolitan Excluding CBD,NILLUMBIK,METROPOLITAN NORTH WEST REGION,,,Arterial Other,"Arterial Other,Local Road",Undivided,Undivided,Metro,-4199370.414472526,16157560.198061626
985,-38.0630953,145.1194888,1986,T20100034778,ABS to receive accident,Finished,29-08-2010,09.00.00,Yes,Collision with vehicle,Sunday,VEHICLE STRIKES DOOR OF PARKED/STATIONARY VEHICLE,No,Day,No,Not at intersection,Serious injury accident,60,No,236178,145.11948999999998,-38.0631,Non-Intersection,KINGSTON,METROPOLITAN SOUTH EAST REGION,2510486.204,2382014.153,3,2,0,1,1,1,3,0,2,0,1,0,0,0,0,0,0,0,0,0,No,0,3,0,1,0,0,Metropolitan Excluding CBD,Metropolitan Excluding CBD,KINGSTON,METROPOLITAN SOUTH EAST REGION,,,Arterial Highway,Arterial Highway,Undivided,Undivided,Metro,-4237164.386811845,16154627.597396167
986,-37.7271521,145.7144783,1987,T20100034781,ABS to receive accident,Finished,29-08-2010,16.20.00,Yes,Collision with a fixed object,Sunday,OFF LEFT BEND INTO OBJECT/PARKED VEHICLE,No,Day,Yes,Not at intersection,Serious injury accident,100,Yes,236179,145.71448,-37.72715,Non-Intersection,YARRA RANGES,METROPOLITAN SOUTH EAST REGION,2562981.071,2419071.1659999997,2,1,0,1,0,1,2,0,0,1,1,0,0,0,0,0,0,0,0,1,No,0,1,0,1,0,0,Country,Country,YARRA RANGES,METROPOLITAN SOUTH EAST REGION,C,C,Arterial Other,Arterial Other,Undivided,Undivided,Metro,-4199767.360852381,16220861.525563512
987,-37.92550632,145.0268386,1988,T20100034782,ABS to receive accident,Finished,29-08-2010,20.05.00,Yes,Collision with vehicle,Sunday,RIGHT THROUGH,No,Dark Street lights on,Yes,T intersection,Serious injury accident,80,No,57579,145.02684,-37.925509999999996,Intersection,BAYSIDE,METROPOLITAN SOUTH EAST REGION,2502359.631,2397292.255,2,1,0,1,0,1,0,2,0,0,2,0,0,0,0,0,0,0,0,1,No,0,2,0,2,0,0,Metropolitan Excluding CBD,Metropolitan Excluding CBD,BAYSIDE,METROPOLITAN SOUTH EAST REGION,,,Arterial Highway,"Arterial Highway,Arterial Other",Undivided,Undivided,Metro,-4221848.0516194785,16144313.824310271
988,-37.95543076,145.2240303,1989,T20100034793,ABS to receive accident,Finished,29-08-2010,18.11.00,Yes,Collision with vehicle,Sunday,U TURN,No,Dark Street lights on,Yes,Not at intersection,Other injury accident,60,No,236180,145.22403,-37.95543,Non-Intersection,DANDENONG,METROPOLITAN SOUTH EAST REGION,2519688.7569999998,2393948.006,4,1,0,0,1,3,3,1,0,2,2,0,0,0,0,0,0,0,0,1,No,0,2,0,2,0,0,Metropolitan Excluding CBD,Metropolitan Excluding CBD,DANDENONG,METROPOLITAN SOUTH EAST REGION,,,Local Road,Local Road,Undivided,Undivided,Metro,-4225179.225042553,16166265.103942933
989,-37.99151442,145.15056819999998,1990,T20100034805,ABS to receive accident,Finished,29-08-2010,14.15.00,No,Collision with vehicle,Sunday,REAR END(VEHICLES IN SAME LANE),No,Day,No,Cross intersection,Other injury accident,80,No,56250,145.15057,-37.99151,Intersection,DANDENONG,METROPOLITAN SOUTH EAST REGION,2513226.259,2389955.6040000003,2,1,0,0,1,1,1,1,0,0,2,0,0,0,0,0,0,0,0,0,No,0,2,0,2,0,0,Metropolitan Excluding CBD,Metropolitan Excluding CBD,DANDENONG,METROPOLITAN SOUTH EAST REGION,,,Arterial Highway,"Arterial Highway,Local Road",Undivided,Undivided,Metro,-4229196.039699711,16158087.340378325
990,-37.80494128,145.2546362,1991,T20100034807,ABS to receive accident,Finished,27-08-2010,16.40.00,Yes,No collision and no object struck,Friday,OUT OF CONTROL ON CARRIAGEWAY (ON STRAIGHT),No,Day,Yes,Cross intersection,Other injury accident,70,No,65532,145.25464,-37.80494,Intersection,MAROONDAH,METROPOLITAN SOUTH EAST REGION,2522423.208,2410644.077,1,1,0,0,1,0,1,0,0,0,0,0,0,1,0,0,0,0,0,0,No,0,1,0,0,1,0,Metropolitan Excluding CBD,Metropolitan Excluding CBD,MAROONDAH,METROPOLITAN SOUTH EAST REGION,,,Arterial Other,"Arterial Other,Local Road",Undivided,Undivided,Metro,-4208426.8127592085,16169672.137146203
991,-36.7311429,144.2271767,1992,T20100034809,ABS to receive accident,Finished,30-08-2010,03.25.00,Yes,Collision with a fixed object,Monday,LEFT OFF CARRIAGEWAY INTO OBJECT/PARKED VEHICLE,No,Dark No street lights,Yes,Not at intersection,Serious injury accident,80,Yes,239757,144.22718,-36.73114,Non-Intersection,BENDIGO,NORTHERN REGION,2430978.724,2529551.8819999998,1,1,0,1,0,0,1,0,0,0,1,0,0,0,0,0,0,0,0,1,Yes,0,1,0,1,0,0,Country,Country,BENDIGO,NORTHERN REGION,,,Local Road,Local Road,Undivided,Undivided,Country,-4088892.123882966,16055295.86879549
992,-38.15633872,145.1706756,1993,T20100034814,ABS to receive accident,Finished,30-08-2010,05.35.00,Yes,Collision with vehicle,Monday,CROSS TRAFFIC(INTERSECTIONS ONLY),No,Dark Street lights on,Yes,Cross intersection,Serious injury accident,80,No,29740,145.17068,-38.15634,Intersection,FRANKSTON,METROPOLITAN SOUTH EAST REGION,2514959.739,2371657.0719999997,2,2,0,2,0,0,2,0,0,0,2,0,0,0,0,0,0,0,0,0,No,0,2,0,2,0,0,Metropolitan Excluding CBD,Metropolitan Excluding CBD,FRANKSTON,METROPOLITAN SOUTH EAST REGION,,,Arterial Other,"Arterial Other,Local Road",Undivided,Undivided,Metro,-4247544.196846068,16160325.685907505
993,-36.36239739,142.9732626,1994,T20100034831,ABS to receive accident,Finished,30-08-2010,06.20.00,No,Collision with a fixed object,Monday,RIGHT OFF CARRIAGEWAY INTO OBJECT/PARKED VEHICLE,No,Dusk/Dawn,Yes,Not at intersection,Serious injury accident,80,Yes,237500,142.97326,-36.3624,Non-Intersection,BULOKE,NORTHERN REGION,2318131.672,2568810.576,1,1,0,1,0,0,1,0,0,0,1,0,0,0,0,0,0,0,0,0,No,0,1,0,1,0,0,Other Towns,Other Towns,BULOKE,NORTHERN REGION,B,B,Arterial Highway,Arterial Highway,Undivided,Undivided,Country,-4047843.56147746,15915710.789684985
994,-37.88947128,145.0425793,1995,T20100034836,ABS to receive accident,Finished,24-08-2010,21.10.00,Yes,Struck Pedestrian,Tuesday,PED STRUCK WALKING TO/FROM OR BOARDING/ALIGHTING VEHICLE.,No,Dark Street lights on,No,Cross intersection,Other injury accident,60,No,41376,145.04258000000002,-37.88947,Intersection,GLEN EIRA,METROPOLITAN SOUTH EAST REGION,2503745.329,2401291.3419999997,2,2,0,0,2,0,0,2,0,0,1,1,0,0,0,0,0,0,0,1,No,0,1,0,1,0,0,Metropolitan Excluding CBD,Metropolitan Excluding CBD,GLEN EIRA,METROPOLITAN SOUTH EAST REGION,,,Local Road,Local Road,Undivided,Undivided,Metro,-4217836.6493159635,16146066.071019001
995,-37.91855639,145.039546,1996,T20100034837,ABS to receive accident,Finished,30-08-2010,09.15.00,No,Collision with vehicle,Monday,VEHICLE STRIKES DOOR OF PARKED/STATIONARY VEHICLE,No,Day,Yes,T intersection,Other injury accident,50,No,42163,145.03955,-37.91856,Intersection,GLEN EIRA,METROPOLITAN SOUTH EAST REGION,2503477.176,2398063.255,2,2,0,0,2,0,2,0,1,0,1,0,0,0,0,0,0,0,0,0,No,0,2,0,1,0,0,Metropolitan Excluding CBD,Metropolitan Excluding CBD,GLEN EIRA,METROPOLITAN SOUTH EAST REGION,,,Arterial Other,"Arterial Other,Local Road",Undivided,Undivided,Metro,-4221074.388950829,16145728.405607577
996,-37.85063231,145.0992205,1997,T20100034841,ABS to receive accident,Finished,30-08-2010,08.30.00,No,Collision with vehicle,Monday,RIGHT THROUGH,No,Day,Yes,Cross intersection,Serious injury accident,80,No,40612,145.09922,-37.850629999999995,Intersection,WHITEHORSE,METROPOLITAN SOUTH EAST REGION,2508732.059,2405598.363,2,1,0,1,0,1,1,1,1,0,1,0,0,0,0,0,0,0,0,0,No,0,2,0,1,0,0,Metropolitan Excluding CBD,Metropolitan Excluding CBD,WHITEHORSE,METROPOLITAN SOUTH EAST REGION,,,Arterial Highway,"Arterial Highway,Local Road",Undivided,Undivided,Metro,-4213513.114952628,16152371.34056092
997,-37.81322346,145.0845034,1998,T20100034858,ABS to receive accident,Finished,30-08-2010,13.00.00,No,Collision with vehicle,Monday,VEHICLE STRIKES DOOR OF PARKED/STATIONARY VEHICLE,No,Day,No,T intersection,Serious injury accident,Not known,No,39171,145.0845,-37.81322,Intersection,BOROONDARA,METROPOLITAN SOUTH EAST REGION,2507440.542,2409751.548,2,1,0,1,0,1,2,0,1,0,1,0,0,0,0,0,0,0,0,0,No,0,2,0,1,0,0,Metropolitan Excluding CBD,Metropolitan Excluding CBD,BOROONDARA,METROPOLITAN SOUTH EAST REGION,,,Arterial Other,"Arterial Other,Local Road",Undivided,Undivided,Metro,-4209348.780819466,16150733.040482966
998,-37.64843369,144.99145159999998,1999,T20100034859,ABS to receive accident,Finished,28-08-2010,21.21.00,Yes,Collision with vehicle,Saturday,RIGHT THROUGH,No,Dark Street lights on,Yes,Multiple intersection,Other injury accident,80,No,58042,144.99145,-37.64843,Intersection,WHITTLESEA,METROPOLITAN NORTH WEST REGION,2499245.671,2428043.772,5,2,0,0,2,3,3,2,0,3,2,0,0,0,0,0,0,0,0,1,No,0,2,0,2,0,0,Metropolitan Excluding CBD,Metropolitan Excluding CBD,WHITTLESEA,METROPOLITAN NORTH WEST REGION,M,M,Freeway,"Freeway,Arterial Other",Undivided,Undivided,Metro,-4191004.467535125,16140374.561489569